"heirarchy","district","proj/block","circle/cluster","ID","SCHOOLNAME","CATEGORY_DESC","MP Const.","MP Name","MLA Const.","MLA Name","WARD /GRAMA PANCHAYATHI","CORPORATOR/PRESNT of panchayithi"
"PRESCHOOL","Bangalore","ANEKAL TALUK  ","Attibele",33607,"AREHALLY","Anganwadi","ANEKAL TALUK  ",,"Kumarswamy"," A NARAYANASWAMY                               ",,
"PRESCHOOL","Bangalore","ANEKAL TALUK  ","Attibele",31489,"KAMBALEPURA","Anganwadi","ANEKAL TALUK  ",,"Kumarswamy"," A NARAYANASWAMY                               ",,
"PRESCHOOL","Bangalore","ANEKAL TALUK  ","Bhannerghatta",30378,"BISMILLANAGAR","Anganwadi","ANEKAL TALUK  ",,"Kumarswamy"," A NARAYANASWAMY                               ",,
"PRESCHOOL","Bangalore","ANEKAL TALUK  ","chandapura",29587,"KAGGALIPURA","Anganwadi","ANEKAL TALUK  ",,"Kumarswamy"," A NARAYANASWAMY                               ",,
"PRESCHOOL","Bangalore","ANEKAL TALUK  ","chandapura",33663,"IGGALURU","Anganwadi","ANEKAL TALUK  ",,"Kumarswamy"," A NARAYANASWAMY                               ",,
"PRESCHOOL","Bangalore","ANEKAL TALUK  ","Dommasanddra",34030,"DOMMASANDRA HB","Anganwadi","ANEKAL TALUK  ",,"Kumarswamy"," A NARAYANASWAMY                               ",,
"PRESCHOOL","Bangalore","ANEKAL TALUK  ","Haragadde",35477,"NAYANAHALLI 1","Anganwadi","ANEKAL TALUK  ",,"Kumarswamy"," A NARAYANASWAMY                               ",,
"PRESCHOOL","Bangalore","ANEKAL TALUK  ","Haragadde",33986,"BOMMANDAHALLI","Anganwadi","ANEKAL TALUK  ",,"Kumarswamy"," A NARAYANASWAMY                               ",,
"PRESCHOOL","Bangalore","ANEKAL TALUK  ","Hebbagodi",31523,"CHITHALA MADIARALA","Anganwadi","ANEKAL TALUK  ",,"Kumarswamy"," A NARAYANASWAMY                               ",,
"PRESCHOOL","Bangalore","ANEKAL TALUK  ","Hebbagodi",33640,"HUSKUR","Anganwadi","ANEKAL TALUK  ",,"Kumarswamy"," A NARAYANASWAMY                               ",,
"PRESCHOOL","Bangalore","ANEKAL TALUK  ","Hennagara",30817,"KONAMADIVALA","Anganwadi","ANEKAL TALUK  ",,"Kumarswamy"," A NARAYANASWAMY                               ",,
"PRESCHOOL","Bangalore","ANEKAL TALUK  ","Indlavadi",29586,"CHIKKAHOSAHALLI","Anganwadi","ANEKAL TALUK  ",,"Kumarswamy"," A NARAYANASWAMY                               ",,
"PRESCHOOL","Bangalore","ANEKAL TALUK  ","Indlavadi",35469,"THIMMANAYAKA HALLI","Anganwadi","ANEKAL TALUK  ",,"Kumarswamy"," A NARAYANASWAMY                               ",,
"PRESCHOOL","Bangalore","ANEKAL TALUK  ","Indlavadi",35489,"THIMMAYYANA DODDI","Anganwadi","ANEKAL TALUK  ",,"Kumarswamy"," A NARAYANASWAMY                               ",,
"PRESCHOOL","Bangalore","ANEKAL TALUK  ","Jigani",31514,"VADDARAPALYA","Anganwadi","ANEKAL TALUK  ",,"Kumarswamy"," A NARAYANASWAMY                               ",,
"PRESCHOOL","Bangalore","ANEKAL TALUK  ","kasaba",35472,"SAMANDUR","Anganwadi","ANEKAL TALUK  ",,"Kumarswamy"," A NARAYANASWAMY                               ",,
"PRESCHOOL","Bangalore","ANEKAL TALUK  ","Mahantalingapura",30902,"KULUMEPALYA","Anganwadi","ANEKAL TALUK  ",,"Kumarswamy"," A NARAYANASWAMY                               ",,
"PRESCHOOL","Bangalore","ANEKAL TALUK  ","Mahantalingapura",31513,"VADERA MANCHANAHALLI","Anganwadi","ANEKAL TALUK  ",,"Kumarswamy"," A NARAYANASWAMY                               ",,
"PRESCHOOL","Bangalore","ANEKAL TALUK  ","Mahantalingapura",30941,"MADHAPPANADODDI","Anganwadi","ANEKAL TALUK  ",,"Kumarswamy"," A NARAYANASWAMY                               ",,
"PRESCHOOL","Bangalore","ANEKAL TALUK  ","Mahantalingapura",33947,"KALLUBALU 2ND","Anganwadi","ANEKAL TALUK  ",,"Kumarswamy"," A NARAYANASWAMY                               ",,
"PRESCHOOL","Bangalore","ANEKAL TALUK  ","Mahantalingapura",33682,"KANNANAYAKANAHALLI","Anganwadi","ANEKAL TALUK  ",,"Kumarswamy"," A NARAYANASWAMY                               ",,
"PRESCHOOL","Bangalore","ANEKAL TALUK  ","Mahantalingapura",33946,"KONASANDRA DELETE","Anganwadi","ANEKAL TALUK  ",,"Kumarswamy"," A NARAYANASWAMY                               ",,
"PRESCHOOL","Bangalore","ANEKAL TALUK  ","Mahantalingapura",30910,"BYATARAYANADODDI","Anganwadi","ANEKAL TALUK  ",,"Kumarswamy"," A NARAYANASWAMY                               ",,
"PRESCHOOL","Bangalore","ANEKAL TALUK  ","Mahantalingapura",33675,"KARIYAPPANA HALLI","Anganwadi","ANEKAL TALUK  ",,"Kumarswamy"," A NARAYANASWAMY                               ",,
"PRESCHOOL","Bangalore","ANEKAL TALUK  ","Marasur",33935,"MARASUR GATE TO BE DELETE","Anganwadi","ANEKAL TALUK  ",,"Kumarswamy"," A NARAYANASWAMY                               ",,
"PRESCHOOL","Bangalore","ANEKAL TALUK  ","Marasur",33590,"MARASURUXXX","Anganwadi","ANEKAL TALUK  ",,"Kumarswamy"," A NARAYANASWAMY                               ",,
"PRESCHOOL","Bangalore","ANEKAL TALUK  ","Marasur",33928,"BHAKTIPUR","Anganwadi","ANEKAL TALUK  ",,"Kumarswamy"," A NARAYANASWAMY                               ",,
"PRESCHOOL","Bangalore","ANEKAL TALUK  ","Marasur",33930,"KARPOOR","Anganwadi","ANEKAL TALUK  ",,"Kumarswamy"," A NARAYANASWAMY                               ",,
"PRESCHOOL","Bangalore","ANEKAL TALUK  ","Marasur",33932,"SIPAIGALLI","Anganwadi","ANEKAL TALUK  ",,"Kumarswamy"," A NARAYANASWAMY                               ",,
"PRESCHOOL","Bangalore","ANEKAL TALUK  ","Marasur",29691,"BIDARGERE","Anganwadi","ANEKAL TALUK  ",,"Kumarswamy"," A NARAYANASWAMY                               ",,
"PRESCHOOL","Bangalore","ANEKAL TALUK  ","Marasur",33931,"NAGARTHAPETE TO BE DELETE","Anganwadi","ANEKAL TALUK  ",,"Kumarswamy"," A NARAYANASWAMY                               ",,
"PRESCHOOL","Bangalore","ANEKAL TALUK  ","Marasur",29641,"TO BE DELETED RECHMANAHALLI","Anganwadi","ANEKAL TALUK  ",,"Kumarswamy"," A NARAYANASWAMY                               ",,
"PRESCHOOL","Bangalore","ANEKAL TALUK  ","Marasur",29585,"KARPUR","Anganwadi","ANEKAL TALUK  ",,"Kumarswamy"," A NARAYANASWAMY                               ",,
"PRESCHOOL","Bangalore","ANEKAL TALUK  ","Sarjapura",33709,"SULTHANPALYA","Anganwadi","ANEKAL TALUK  ",,"Kumarswamy"," A NARAYANASWAMY                               ",,
"PRESCHOOL","Bangalore","ANEKAL TALUK  ","Sarjapura",31308,"THEJESHVINI","Anganwadi","ANEKAL TALUK  ",,"Kumarswamy"," A NARAYANASWAMY                               ",,
"PRESCHOOL","Bangalore","ANEKAL TALUK  ","Sarjapura",33453,"SARJAPURA 1","Anganwadi","ANEKAL TALUK  ",,"Kumarswamy"," A NARAYANASWAMY                               ",,
"PRESCHOOL","Bangalore","Bangalore central ","Gangondanahalli",30411,"AHMED NAGAR","Anganwadi",,,,,,
"PRESCHOOL","Bangalore","Bangalore central ","Kithuru Rani Channamma 3rd Circle",31458,"ANANDA PURAM 5","Anganwadi",,,,,,
"PRESCHOOL","Bangalore","Bangalore central ","Kithuru Rani Channamma 3rd Circle",30440,"SIDDARATHNAGAR","Independent  Balwadi",,,,,,
"PRESCHOOL","Bangalore","Bangalore central ","Kithuru Rani Channamma 3rd Circle",31432,"GORIPALYA 2ND","Anganwadi",,,,,,
"PRESCHOOL","Bangalore","Bangalore central ","Kithuru Rani Channamma 3rd Circle",30466,"GORIPALYA SOUTH","Anganwadi",,,,,,
"PRESCHOOL","Bangalore","Bangalore central ","Kithuru Rani Channamma 3rd Circle",31384,"GORI PALYA NORTH","Anganwadi",,,,,,
"PRESCHOOL","Bangalore","Bangalore central ","Kithuru Rani Channamma 3rd Circle",31467,"TIMBERYARD SLUM","Anganwadi",,,,,,
"PRESCHOOL","Bangalore","Bangalore central ","Kithuru Rani Channamma 3rd Circle",30463,"GORIPALYA (PADARAYANAPURA)","Independent  Balwadi",,,,,,
"PRESCHOOL","Bangalore","Bangalore central ","Kithuru Rani Channamma 3rd Circle",30619,"OLD PENSION MOHALLA","Anganwadi",,,,,,
"PRESCHOOL","Bangalore","Bangalore central ","Kithuru Rani Channamma 3rd Circle",34073,"BINNIPETE(EX)","Anganwadi",,,,,,
"PRESCHOOL","Bangalore","Bangalore central ","Kithuru Rani Channamma 3rd Circle",30473,"GORIPALYA 6","Anganwadi",,,,,,
"PRESCHOOL","Bangalore","Bangalore central ","Kithuru Rani Channamma 3rd Circle",31426,"GIRIPURA 1","Anganwadi",,,,,,
"PRESCHOOL","Bangalore","Bangalore central ","Kithuru Rani Channamma 3rd Circle",31397,"VELUMURUGA PURA","Anganwadi",,,,,,
"PRESCHOOL","Bangalore","Bangalore central ","Kithuru Rani Channamma 3rd Circle",30424,"CHOLUR PALYA","Independent  Balwadi",,,,,,
"PRESCHOOL","Bangalore","Bangalore central ","Kithuru Rani Channamma 3rd Circle",34045,"BHAKSHI GARDEN -3","Anganwadi",,,,,,
"PRESCHOOL","Bangalore","Bangalore central ","Kithuru Rani Channamma 3rd Circle",31394,"ANANDA PURAM-5","Anganwadi",,,,,,
"PRESCHOOL","Bangalore","Bangalore central ","Kuvempunagar 4th Circle",30992,"SHANKARAMATA (M G SLUM)","Anganwadi",,,,,,
"PRESCHOOL","Bangalore","Bangalore central ","Kuvempunagar 4th Circle",31061,"GOVINDARAJANAGARA2","Anganwadi",,,,,,
"PRESCHOOL","Bangalore","Bangalore central ","Kuvempunagar 4th Circle",33998,"AGRAHARADASARAHALLI","Anganwadi",,,,,,
"PRESCHOOL","Bangalore","Bangalore central ","Kuvempunagar 4th Circle",30641,"NAGAVARAPALYA","Anganwadi",,,,,,
"PRESCHOOL","Bangalore","Bangalore central ","Kuvempunagar 4th Circle",30778,"NARAYANARAO COLONY","Anganwadi",,,,,,
"PRESCHOOL","Bangalore","Bangalore central ","Kuvempunagar 4th Circle",31057,"GOVINDARAJANAGARA","Anganwadi",,,,,,
"PRESCHOOL","Bangalore","Bangalore central ","Kuvempunagar 4th Circle",30630,"F/A NAGAR 2","Anganwadi",,,,,,
"PRESCHOOL","Bangalore","Bangalore central ","Netaji 2nd Circle",30441,"PADRAYANPURA 5","Independent  Balwadi",,,,,,
"PRESCHOOL","Bangalore","Bangalore central ","Netaji 2nd Circle",34089,"ARFATH NAGAR","Anganwadi",,,,,,
"PRESCHOOL","Bangalore","Bangalore central ","Netaji 2nd Circle",30428,"PADARAYANAPURA 4","Anganwadi",,,,,,
"PRESCHOOL","Bangalore","Bangalore central ","Netaji 2nd Circle",34060,"MOODALAPALYA - 3","Independent  Balwadi",,,,,,
"PRESCHOOL","Bangalore","Bangalore central ","Netaji 2nd Circle",34058,"MOODALAPALYA - 2","Independent  Balwadi",,,,,,
"PRESCHOOL","Bangalore","Bangalore central ","Netaji 2nd Circle",31358,"MUSLIM BARIYAL GROUND  XXXX","Anganwadi",,,,,,
"PRESCHOOL","Bangalore","Bangalore central ","Netaji 2nd Circle",34086,"BASVESHWAR SAVASANGA 1","Anganwadi",,,,,,
"PRESCHOOL","Bangalore","Bangalore central ","Netaji 2nd Circle",34087,"ARFATH NAGAR WEST","Anganwadi",,,,,,
"PRESCHOOL","Bangalore","Bangalore central ","Netaji 2nd Circle",34062,"MOODALAPALYA - 4","Independent  Balwadi",,,,,,
"PRESCHOOL","Bangalore","Bangalore central ","Netaji 2nd Circle",34101,"JAGAJEEVANARAMNAGARA","Anganwadi",,,,,,
"PRESCHOOL","Bangalore","Bangalore central ","Netaji 2nd Circle",31352,"MUSLIM BARIYAL GROUND","Anganwadi",,,,,,
"PRESCHOOL","Bangalore","Bangalore central ","Netaji 2nd Circle",34080,"MUDALAPALYA","Anganwadi",,,,,,
"PRESCHOOL","Bangalore","Bangalore central ","Netaji 2nd Circle",30342,"WAMIKINAGAR 1ST CROSS","Anganwadi",,,,,,
"PRESCHOOL","Bangalore","Bangalore central ","Netaji 2nd Circle",34095,"KASTHURI BA SEVA SANGA","Anganwadi",,,,,,
"PRESCHOOL","Bangalore","Bangalore central ","Netaji 2nd Circle",30417,"AYYAPPA SEVA SANGA 2","Independent  Balwadi",,,,,,
"PRESCHOOL","Bangalore","Bangalore central ","Netaji 2nd Circle",31484,"VINYAKA NAGAR","Anganwadi",,,,,,
"PRESCHOOL","Bangalore","Bangalore central ","Netaji 2nd Circle",30423,"GORIPALYA","Independent  Balwadi",,,,,,
"PRESCHOOL","Bangalore","Bangalore central ","Netaji 2nd Circle",34055,"MOODALAPALYA - 1","Independent  Balwadi",,,,,,
"PRESCHOOL","Bangalore","Bangalore central ","Netaji 2nd Circle",34063,"PADARAYANA PURA 2 ND","Anganwadi",,,,,,
"PRESCHOOL","Bangalore","Bangalore central ","Netaji 2nd Circle",31527,"PADARAYANA PURA-3RD","Anganwadi",,,,,,
"PRESCHOOL","Bangalore","Bangalore central ","Netaji 2nd Circle",30460,"ARAFATHNAGAR 1","Independent  Balwadi",,,,,,
"PRESCHOOL","Bangalore","Bangalore central ","Netaji 2nd Circle",30458,"ARAFATHNAGAR","Independent  Balwadi",,,,,,
"PRESCHOOL","Bangalore","Bangalore central ","Netravathi",34105,"TIMBARYARD SLUM","Anganwadi",,,,,,
"PRESCHOOL","Bangalore","Bangalore central ","Sir M Vishweshwariah 1st Circle",34096,"CHOLURPALAYA","Independent  Balwadi",,,,,,
"PRESCHOOL","Bangalore","Bangalore central ","Sir M Vishweshwariah 1st Circle",35115,"ARUNDHOTHINAGAR","Anganwadi",,,,,,
"PRESCHOOL","Bangalore","Bangalore central ","Sir M Vishweshwariah 1st Circle",30431,"NAYANDANAHALLI","Anganwadi",,,,,,
"PRESCHOOL","Bangalore","Bangalore central ","Sir M Vishweshwariah 1st Circle",34036,"BYRAVESHWARA NAGARA","Independent  Balwadi",,,,,,
"PRESCHOOL","Bangalore","Bangalore central ","Sir M Vishweshwariah 1st Circle",31418,"GANGONDHANAHALLI   2","Anganwadi",,,,,,
"PRESCHOOL","Bangalore","Bangalore central ","Sir M Vishweshwariah 1st Circle",33978,"BYATARAYANAPUR-I","Anganwadi",,,,,,
"PRESCHOOL","Bangalore","Bangalore central ","Sir M Vishweshwariah 1st Circle",35485,"GANGANDANA HALLI","Independent  Balwadi",,,,,,
"PRESCHOOL","Bangalore","Bangalore central ","Sir M Vishweshwariah 1st Circle",30650,"BAPUJINAGARA I","Anganwadi",,,,,,
"PRESCHOOL","Bangalore","Bangalore central ","Sir M Vishweshwariah 1st Circle",30434,"CHOLUR PALYA 3","Independent  Balwadi",,,,,,
"PRESCHOOL","Bangalore","Bangalore central ","Sir M Vishweshwariah 1st Circle",30413,"G G HALLI","Independent  Balwadi",,,,,,
"PRESCHOOL","Bangalore","Bangalore central ","Sir M Vishweshwariah 1st Circle",33979,"ARAFATHANAGAR-II","Anganwadi",,,,,,
"PRESCHOOL","Bangalore","Bangalore central ","Sir M Vishweshwariah 1st Circle",35478,"KALYAN NAGAR","Independent  Balwadi",,,,,,
"PRESCHOOL","Bangalore","Bangalore central ","Sir M Vishweshwariah 1st Circle",30399,"SHAMMANNA GARDEN PIPELANE RAILWAYGATE","Anganwadi",,,,,,
"PRESCHOOL","Bangalore","Bangalore central ","Sir M Vishweshwariah 1st Circle",30439,"CHOLUR PALYA 4","Independent  Balwadi",,,,,,
"PRESCHOOL","Bangalore","Bangalore central ","Sir M Vishweshwariah 1st Circle",34098,"CHOLURPALAYA 1","Independent  Balwadi",,,,,,
"PRESCHOOL","Bangalore","Bangalore central ","Sir M Vishweshwariah 1st Circle",30379,"AVALAHALLI HOSABADAVANE","Independent  Balwadi",,,,,,
"PRESCHOOL","Bangalore","Bangalore central ","Sir M Vishweshwariah 1st Circle",30390,"SHAMMANNA GARDEN 5TH CROSS","Independent  Balwadi",,,,,,
"PRESCHOOL","Bangalore","Bangalore central ","Sir M Vishweshwariah 1st Circle",30334,"BYATARYAN PURA-II","Anganwadi",,,,,,
"PRESCHOOL","Bangalore","Bangalore central ","Sir M Vishweshwariah 1st Circle",33977,"KASTURABHANAGAR-I","Anganwadi",,,,,,
"PRESCHOOL","Bangalore","Bangalore central ","Sir M Vishweshwariah 1st Circle",34044,"BAIRAVESHVARANAGARA","Independent  Balwadi",,,,,,
"PRESCHOOL","Bangalore","Bangalore central ","Sir M Vishweshwariah 1st Circle",34097,"GANGUNDANAHALLI","Independent  Balwadi",,,,,,
"PRESCHOOL","Bangalore","Bangalore central ","Sir M Vishweshwariah 1st Circle",30433,"PANTHAR PALYA-I","Anganwadi",,,,,,
"PRESCHOOL","Bangalore","Bangalore central ","Sir M Vishweshwariah 1st Circle",30425,"CHOLUR PALYA 1","Independent  Balwadi",,,,,,
"PRESCHOOL","Bangalore","Bangalore central ","Sir M Vishweshwariah 1st Circle",30429,"CHOLUR PALYA 2","Independent  Balwadi",,,,,,
"PRESCHOOL","Bangalore","Bangalore central ","Sir M Vishweshwariah 1st Circle",30775,"T.R. SHAMANNA NAGARA","Anganwadi",,,,,,
"PRESCHOOL","Bangalore","Bangalore central ","Triveni 5th Circle",31477,"NAGAMMA NAGAR","Anganwadi",,,,,,
"PRESCHOOL","Bangalore","Bangalore central ","Triveni 5th Circle",30449,"MARIYAPPANA PALYA","Anganwadi",,,,,,
"PRESCHOOL","Bangalore","Bangalore central ","Triveni 5th Circle",31483,"NETAJINAGAR 2ND","Anganwadi",,,,,,
"PRESCHOOL","Bangalore","Bangalore central ","Triveni 5th Circle",34075,"BINNIPETE","Anganwadi",,,,,,
"PRESCHOOL","Bangalore","Bangalore central ","Triveni 5th Circle",35113,"KAMLANAGARA RESOURCE CENTER BRC 01","Independent  Balwadi",,,,,,
"PRESCHOOL","Bangalore","Bangalore central ","Triveni 5th Circle",31478,"NETAJINAGARA 1","Anganwadi",,,,,,
"PRESCHOOL","Bangalore","Bangalore central ","Triveni 5th Circle",35112,"KAMALANAGAR 5","Independent  Balwadi",,,,,,
"PRESCHOOL","Bangalore","Bangalore central ","Triveni 5th Circle",34147,"J C NAGAR 4 TO BE DELETE","Independent  Balwadi",,,,,,
"PRESCHOOL","Bangalore","BANGALORE NORTH (Yelahanka)","Abbigere",31260,"M.S. PALYA- 2","Anganwadi",,,,,,
"PRESCHOOL","Bangalore","BANGALORE NORTH (Yelahanka)","Abbigere",30883,"KUVEMPUNAGAR II","Anganwadi",,,,,,
"PRESCHOOL","Bangalore","BANGALORE NORTH (Yelahanka)","Bagalu gunte",30777,"MARAMMALAKSHMIDEVASTHANA","Anganwadi",,,,,,
"PRESCHOOL","Bangalore","BANGALORE NORTH (Yelahanka)","Bagalu gunte",30782,"MARAMMALAKSHMIDEVASTHANA 2","Anganwadi",,,,,,
"PRESCHOOL","Bangalore","BANGALORE NORTH (Yelahanka)","Bagalu gunte",30744,"TARABANAHALLI","Anganwadi",,,,,,
"PRESCHOOL","Bangalore","BANGALORE NORTH (Yelahanka)","Baglur",31503,"KADUYARAPPANAHALLI","Anganwadi","BENGALURU NORTH","D B CHANDREGOWDA","BYATARAYANAPURA","KRISHNABYREGOWDA","B.K.HALLI PALYA",
"PRESCHOOL","Bangalore","BANGALORE NORTH (Yelahanka)","Baglur",31538,"SINGAHALLI","Anganwadi","BENGALURU NORTH","D B CHANDREGOWDA","BYATARAYANAPURA","KRISHNABYREGOWDA",,
"PRESCHOOL","Bangalore","BANGALORE NORTH (Yelahanka)","Baglur",30858,"BAGLUR COLONY","Anganwadi","BENGALURU NORTH","D B CHANDREGOWDA","BYATARAYANAPURA","KRISHNABYREGOWDA",,
"PRESCHOOL","Bangalore","BANGALORE NORTH (Yelahanka)","Baglur",33871,"CHAGALETTI","Anganwadi","BENGALURU NORTH","D B CHANDREGOWDA","BYATARAYANAPURA","KRISHNABYREGOWDA",,
"PRESCHOOL","Bangalore","BANGALORE NORTH (Yelahanka)","Baglur",29710,"MARASANDRA","Anganwadi","BENGALURU NORTH","D B CHANDREGOWDA","BYATARAYANAPURA","KRISHNABYREGOWDA",,
"PRESCHOOL","Bangalore","BANGALORE NORTH (Yelahanka)","Baglur",31493,"GOPAL PURA 1","Anganwadi","BENGALURU NORTH","D B CHANDREGOWDA","BYATARAYANAPURA","KRISHNABYREGOWDA",,
"PRESCHOOL","Bangalore","BANGALORE NORTH (Yelahanka)","Baglur",31492,"MYLANA HALLI","Anganwadi","BENGALURU NORTH","D B CHANDREGOWDA","BYATARAYANAPURA","KRISHNABYREGOWDA",,
"PRESCHOOL","Bangalore","BANGALORE NORTH (Yelahanka)","Baglur",31496,"B K HALLI","Anganwadi","BENGALURU NORTH","D B CHANDREGOWDA","BYATARAYANAPURA","KRISHNABYREGOWDA",,
"PRESCHOOL","Bangalore","BANGALORE NORTH (Yelahanka)","Baglur",30866,"BAGLUR 1","Anganwadi","BENGALURU NORTH","D B CHANDREGOWDA","BYATARAYANAPURA","KRISHNABYREGOWDA",,
"PRESCHOOL","Bangalore","BANGALORE NORTH (Yelahanka)","Baglur",30886,"RAZZAQ PALYA 2","Anganwadi","BENGALURU NORTH","D B CHANDREGOWDA","BYATARAYANAPURA","KRISHNABYREGOWDA",,
"PRESCHOOL","Bangalore","BANGALORE NORTH (Yelahanka)","Baglur",30881,"RAZZAQ PALYA1","Anganwadi","BENGALURU NORTH","D B CHANDREGOWDA","BYATARAYANAPURA","KRISHNABYREGOWDA",,
"PRESCHOOL","Bangalore","BANGALORE NORTH (Yelahanka)","Baglur",31498,"BAYALA HALLI","Anganwadi","BENGALURU NORTH","D B CHANDREGOWDA","BYATARAYANAPURA","KRISHNABYREGOWDA",,
"PRESCHOOL","Bangalore","BANGALORE NORTH (Yelahanka)","Baglur",31275,"YADIYURU","Anganwadi","BENGALURU NORTH","D B CHANDREGOWDA","BYATARAYANAPURA","KRISHNABYREGOWDA",,
"PRESCHOOL","Bangalore","BANGALORE NORTH (Yelahanka)","Baglur",31495,"MAHADEVA KODIGE HALLI","Anganwadi","BENGALURU NORTH","D B CHANDREGOWDA","BYATARAYANAPURA","KRISHNABYREGOWDA",,
"PRESCHOOL","Bangalore","BANGALORE NORTH (Yelahanka)","Baglur",29712,"CHOKKANA HALLI","Anganwadi","BENGALURU NORTH","D B CHANDREGOWDA","BYATARAYANAPURA","KRISHNABYREGOWDA",,
"PRESCHOOL","Bangalore","BANGALORE NORTH (Yelahanka)","Baglur",30855,"B.S. PALYA","Anganwadi","BENGALURU NORTH","D B CHANDREGOWDA","BYATARAYANAPURA","KRISHNABYREGOWDA",,
"PRESCHOOL","Bangalore","BANGALORE NORTH (Yelahanka)","Baglur",31271,"HOOVINAYAKAN HALLI","Anganwadi","BENGALURU NORTH","D B CHANDREGOWDA","BYATARAYANAPURA","KRISHNABYREGOWDA",,
"PRESCHOOL","Bangalore","BANGALORE NORTH (Yelahanka)","Baglur",31276,"HUNSURU","Anganwadi","BENGALURU NORTH","D B CHANDREGOWDA","BYATARAYANAPURA","KRISHNABYREGOWDA",,
"PRESCHOOL","Bangalore","BANGALORE NORTH (Yelahanka)","Baglur",33889,"MARANAHALLI","Anganwadi","BENGALURU NORTH","D B CHANDREGOWDA","BYATARAYANAPURA","KRISHNABYREGOWDA",,
"PRESCHOOL","Bangalore","BANGALORE NORTH (Yelahanka)","Baglur",31504,"B.K.H.PALYA","Anganwadi","BENGALURU NORTH","D B CHANDREGOWDA","BYATARAYANAPURA","KRISHNABYREGOWDA",,
"PRESCHOOL","Bangalore","BANGALORE NORTH (Yelahanka)","Baglur",31532,"AREBANNIMANGALA","Anganwadi","BENGALURU NORTH","D B CHANDREGOWDA","BYATARAYANAPURA","KRISHNABYREGOWDA",,
"PRESCHOOL","Bangalore","BANGALORE NORTH (Yelahanka)","Baglur",31283,"MANCHAPANA HALLI","Anganwadi","BENGALURU NORTH","D B CHANDREGOWDA","BYATARAYANAPURA","KRISHNABYREGOWDA",,
"PRESCHOOL","Bangalore","BANGALORE NORTH (Yelahanka)","Baglur",30870,"BAGLUR 2","Anganwadi","BENGALURU NORTH","D B CHANDREGOWDA","BYATARAYANAPURA","KRISHNABYREGOWDA",,
"PRESCHOOL","Bangalore","BANGALORE NORTH (Yelahanka)","Baglur",31251,"MARALUKUNTE","Anganwadi","BENGALURU NORTH","D B CHANDREGOWDA","BYATARAYANAPURA","KRISHNABYREGOWDA",,
"PRESCHOOL","Bangalore","BANGALORE NORTH (Yelahanka)","Baglur",31281,"HOSAHALLI  M","Anganwadi","BENGALURU NORTH","D B CHANDREGOWDA","BYATARAYANAPURA","KRISHNABYREGOWDA",,
"PRESCHOOL","Bangalore","BANGALORE NORTH (Yelahanka)","Baglur",33870,"MARANAHALLI BANDE","Anganwadi","BENGALURU NORTH","D B CHANDREGOWDA","BYATARAYANAPURA","KRISHNABYREGOWDA",,
"PRESCHOOL","Bangalore","BANGALORE NORTH (Yelahanka)","Baglur",33890,"DASANAYAKANAHALLI","Anganwadi","BENGALURU NORTH","D B CHANDREGOWDA","BYATARAYANAPURA","KRISHNABYREGOWDA",,
"PRESCHOOL","Bangalore","BANGALORE NORTH (Yelahanka)","Bettahalasuru",30856,"BETTAHALASURU 2","Anganwadi","CHIKKABALLAPURA","M.VEERAPPAMOILY","YELAHANKA","S.R.VISHWANATH","BETTHALSURU","NANJAPPA"
"PRESCHOOL","Bangalore","BANGALORE NORTH (Yelahanka)","Bettahalasuru",30841,"NARYIANAPURA","Anganwadi","CHIKKABALLAPURA","M.VEERAPPAMOILY","YELAHANKA","S.R.VISHWANATH","SONNAPPANAHALLI ",
"PRESCHOOL","Bangalore","BANGALORE NORTH (Yelahanka)","Bettahalasuru",30843,"MUTHUGADAHALLI","Anganwadi","CHIKKABALLAPURA","M.VEERAPPAMOILY","BYATARAYANAPURA","KRISHNABYREGOWDA","CHIKKAJALA",
"PRESCHOOL","Bangalore","BANGALORE NORTH (Yelahanka)","Bettahalasuru",33639,"TARAHUNASE I","Anganwadi","CHIKKABALLAPURA","M.VEERAPPAMOILY","YELAHANKA","S.R.VISHWANATH","BETTAHALSURU",
"PRESCHOOL","Bangalore","BANGALORE NORTH (Yelahanka)","Bettahalasuru",30871,"SUBHASHNAGARA","Anganwadi","CHIKKABALLAPURA","M.VEERAPPAMOILY","BYATARAYANAPURA","KRISHNABYREGOWDA","SONNAPPANAHALLI ",
"PRESCHOOL","Bangalore","BANGALORE NORTH (Yelahanka)","Bettahalasuru",33809,"HUNASEMARANA HALLI 2","Anganwadi","CHIKKABALLAPURA","M.VEERAPPAMOILY",,"KRISHNABYREGOWDA",,
"PRESCHOOL","Bangalore","BANGALORE NORTH (Yelahanka)","Bettahalasuru",34016,"SATANUR","Anganwadi","CHIKKABALLAPURA","M.VEERAPPAMOILY","BYATARAYANAPURA","KRISHNABYREGOWDA","BAGALURU",
"PRESCHOOL","Bangalore","BANGALORE NORTH (Yelahanka)","Bettahalasuru",30834,"BETTAHALASURU 1","Anganwadi","CHIKKABALLAPURA","M.VEERAPPAMOILY","YELAHANKA","S.R.VISHWANATH","BETTAHALSURU",
"PRESCHOOL","Bangalore","BANGALORE NORTH (Yelahanka)","Bettahalasuru",31224,"VIDYA NAGARA CROSS 1","Anganwadi","CHIKKABALLAPURA","M.VEERAPPAMOILY","BYATARAYANAPURA","KRISHNABYREGOWDA","SONNAPPANAHALLI ",
"PRESCHOOL","Bangalore","BANGALORE NORTH (Yelahanka)","Bettahalasuru",30854,"HOSAHALLI","Anganwadi","CHIKKABALLAPURA","M.VEERAPPAMOILY","BYATARAYANAPURA","KRISHNABYREGOWDA","HUNASEMARANAHALLI",
"PRESCHOOL","Bangalore","BANGALORE NORTH (Yelahanka)","Bettahalasuru",30848,"KUDERAGERE (EX)","Anganwadi","CHIKKABALLAPURA","M.VEERAPPAMOILY","YELAHANKA","S.R.VISHWANATH","BETTAHALSURU",
"PRESCHOOL","Bangalore","BANGALORE NORTH (Yelahanka)","Bettahalasuru",31274,"SONNAPANAHALLI 2","Anganwadi","CHIKKABALLAPURA","M.VEERAPPAMOILY","YELAHANKA","S.R.VISHWANATH","SONNAPPANAHALLI ",
"PRESCHOOL","Bangalore","BANGALORE NORTH (Yelahanka)","Bettahalasuru",30830,"SHAKTHINAGAR","Anganwadi","CHIKKABALLAPURA","M.VEERAPPAMOILY","YELAHANKA","S.R.VISHWANATH","SONNAPPANAHALLI ",
"PRESCHOOL","Bangalore","BANGALORE NORTH (Yelahanka)","Bettahalasuru",30844,"KODAGALAHATTI","Anganwadi","CHIKKABALLAPURA","M.VEERAPPAMOILY","BYATARAYANAPURA","KRISHNABYREGOWDA",,
"PRESCHOOL","Bangalore","BANGALORE NORTH (Yelahanka)","Bettahalasuru",30862,"KADIGANAHALLI","Anganwadi","CHIKKABALLAPURA","M.VEERAPPAMOILY","BYATARAYANAPURA","KRISHNABYREGOWDA","SONNAPPANAHALLI ",
"PRESCHOOL","Bangalore","BANGALORE NORTH (Yelahanka)","Bettahalasuru",33805,"GADENAHALLI","Anganwadi","CHIKKABALLAPURA","M.VEERAPPAMOILY","YELAHANKA","S.R.VISHWANATH","BETTAHALSURU",
"PRESCHOOL","Bangalore","BANGALORE NORTH (Yelahanka)","Bettahalasuru",34017,"SATANUR  DELET","Anganwadi",,,,"KRISHNABYREGOWDA",,
"PRESCHOOL","Bangalore","BANGALORE NORTH (Yelahanka)","Bettahalasuru",34020,"VIDYANAGAR-III","Anganwadi","CHIKKABALLAPURA","M.VEERAPPAMOILY","BYATARAYANAPURA","KRISHNABYREGOWDA","CHIKKAJALA",
"PRESCHOOL","Bangalore","BANGALORE NORTH (Yelahanka)","Bettahalasuru",33645,"T AGRAHARA","Anganwadi","CHIKKABALLAPURA","M.VEERAPPAMOILY","YELAHANKA","S.R.VISHWANATH","BETTAHALSURU",
"PRESCHOOL","Bangalore","BANGALORE NORTH (Yelahanka)","Bettahalasuru",33806,"SRINIVASPURA 1","Anganwadi","CHIKKABALLAPURA","M.VEERAPPAMOILY","BYATARAYANAPURA","KRISHNABYREGOWDA","BAGALURU",
"PRESCHOOL","Bangalore","BANGALORE NORTH (Yelahanka)","Bettahalasuru",33642,"TARAHUNASE 2","Anganwadi","CHIKKABALLAPURA","M.VEERAPPAMOILY","YELAHANKA","S.R.VISHWANATH","BETTAHALSURU",
"PRESCHOOL","Bangalore","BANGALORE NORTH (Yelahanka)","Bettahalasuru",33644,"THIMMASANDRA","Anganwadi","CHIKKABALLAPURA","M.VEERAPPAMOILY","YELAHANKA","S.R.VISHWANATH","BETTAHALSURU",
"PRESCHOOL","Bangalore","BANGALORE NORTH (Yelahanka)","Bettahalasuru",31259,"SONNAPANAHALLI","Anganwadi","CHIKKABALLAPURA","M.VEERAPPAMOILY","YELAHANKA","S.R.VISHWANATH","SONNAPPANAHALLI ",
"PRESCHOOL","Bangalore","BANGALORE NORTH (Yelahanka)","Bettahalasuru",30850,"SUGGATTA","Anganwadi","CHIKKABALLAPURA","M.VEERAPPAMOILY","YELAHANKA","S.R.VISHWANATH","HUNASEMARANAHALLI",
"PRESCHOOL","Bangalore","BANGALORE NORTH (Yelahanka)","Bettahalasuru",31265,"VIDYANAGAR","Anganwadi","CHIKKABALLAPURA","M.VEERAPPAMOILY","BYATARAYANAPURA","KRISHNABYREGOWDA","SONNAPPANAHALLI ",
"PRESCHOOL","Bangalore","BANGALORE NORTH (Yelahanka)","Bettahalasuru",30868,"BILLAMARNAHALLI","Anganwadi","CHIKKABALLAPURA","M.VEERAPPAMOILY","BYATARAYANAPURA","KRISHNABYREGOWDA","SONNAPPANAHALLI ",
"PRESCHOOL","Bangalore","BANGALORE NORTH (Yelahanka)","Bettahalasuru",31220,"VIDYA NAGARA CROSS","Anganwadi","CHIKKABALLAPURA","M.VEERAPPAMOILY","BYATARAYANAPURA","KRISHNABYREGOWDA","SONNAPPANAHALLI ",
"PRESCHOOL","Bangalore","BANGALORE NORTH (Yelahanka)","Bettahalasuru",30863,"HUNUSUMARANA HALLI 1","Anganwadi","CHIKKABALLAPURA","M.VEERAPPAMOILY","BYATARAYANAPURA","KRISHNABYREGOWDA","SONNAPPANAHALLI ",
"PRESCHOOL","Bangalore","BANGALORE NORTH (Yelahanka)","Bettahalasuru",30849,"KUDERAGERE","Anganwadi","CHIKKABALLAPURA","M.VEERAPPAMOILY","YELAHANKA","S.R.VISHWANATH","BETTAHALSURU",
"PRESCHOOL","Bangalore","BANGALORE NORTH (Yelahanka)","Bettahalasuru",33832,"BHARTHI NAGAR","Anganwadi","CHIKKABALLAPURA","M.VEERAPPAMOILY","YELAHANKA","S.R.VISHWANATH","HUNASEMARANAHALLI",
"PRESCHOOL","Bangalore","BANGALORE NORTH (Yelahanka)","Chikkajala",31319,"CHANNAHALLI 1","Anganwadi","CHIKKABALLAPURA","M.VEERAPPAMOILY","YELAHANKA","S.R.VISHWANATH","CHIKKAJALA",
"PRESCHOOL","Bangalore","BANGALORE NORTH (Yelahanka)","Chikkajala",31535,"MEESUGANA HALLI","Anganwadi","CHIKKABALLAPURA","M.VEERAPPAMOILY","BYATARAYANAPURA","KRISHNABYREGOWDA","DODDAJALA",
"PRESCHOOL","Bangalore","BANGALORE NORTH (Yelahanka)","Chikkajala",31497,"SHRINIVASA PURA","Anganwadi","CHIKKABALLAPURA","M.VEERAPPAMOILY","BYATARAYANAPURA","KRISHNABYREGOWDA","CHIKKAJALA",
"PRESCHOOL","Bangalore","BANGALORE NORTH (Yelahanka)","Chikkajala",31318,"CHIKKAJALA 2","Anganwadi","CHIKKABALLAPURA","M.VEERAPPAMOILY","BYATARAYANAPURA","KRISHNABYREGOWDA",,
"PRESCHOOL","Bangalore","BANGALORE NORTH (Yelahanka)","Chikkajala",33868,"THARABANAHALLI 2","Anganwadi","CHIKKABALLAPURA","M.VEERAPPAMOILY","BYATARAYANAPURA","KRISHNABYREGOWDA","CHIKKAJALA",
"PRESCHOOL","Bangalore","BANGALORE NORTH (Yelahanka)","Chikkajala",33826,"CHOKKANAHALLI 2","Anganwadi","CHIKKABALLAPURA","M.VEERAPPAMOILY","BYATARAYANAPURA","KRISHNABYREGOWDA","JAKKUR",
"PRESCHOOL","Bangalore","BANGALORE NORTH (Yelahanka)","Chikkajala",30840,"SHETTIGERE","Anganwadi","CHIKKABALLAPURA","M.VEERAPPAMOILY","BYATARAYANAPURA","KRISHNABYREGOWDA","DODDAJALA",
"PRESCHOOL","Bangalore","BANGALORE NORTH (Yelahanka)","Chikkajala",31501,"AGRAHARA BHOVIPALYA","Anganwadi","CHIKKABALLAPURA","M.VEERAPPAMOILY","BYATARAYANAPURA","KRISHNABYREGOWDA","DODDAJALA",
"PRESCHOOL","Bangalore","BANGALORE NORTH (Yelahanka)","Chikkajala",31499,"CHIKKANAHALLI","Anganwadi","CHIKKABALLAPURA","M.VEERAPPAMOILY","BYATARAYANAPURA","KRISHNABYREGOWDA","CHIKKAJALA",
"PRESCHOOL","Bangalore","BANGALORE NORTH (Yelahanka)","Chikkajala",31305,"BYNAHALLI","Anganwadi","CHIKKABALLAPURA","M.VEERAPPAMOILY","BYATARAYANAPURA","KRISHNABYREGOWDA","CHIKKAJALA",
"PRESCHOOL","Bangalore","BANGALORE NORTH (Yelahanka)","Chikkajala",34005,"SHETTI GERE II","Anganwadi","CHIKKABALLAPURA","M.VEERAPPAMOILY","BYATARAYANAPURA","KRISHNABYREGOWDA","CHIKKAJALA",
"PRESCHOOL","Bangalore","BANGALORE NORTH (Yelahanka)","Chikkajala",30846,"HUTTANAHALLI","Anganwadi","CHIKKABALLAPURA","M.VEERAPPAMOILY","BYATARAYANAPURA","KRISHNABYREGOWDA","CHIKKAJALA",
"PRESCHOOL","Bangalore","BANGALORE NORTH (Yelahanka)","Chikkajala",31537,"RANGASWAMY CAMP","Anganwadi","CHIKKABALLAPURA","M.VEERAPPAMOILY","BYATARAYANAPURA","KRISHNABYREGOWDA","CHIKKAJALA",
"PRESCHOOL","Bangalore","BANGALORE NORTH (Yelahanka)","Chikkajala",30595,"BELLAHALLI","Anganwadi","CHIKKABALLAPURA","M.VEERAPPAMOILY","BYATARAYANAPURA","KRISHNABYREGOWDA","JAKKUR",
"PRESCHOOL","Bangalore","BANGALORE NORTH (Yelahanka)","Chikkajala",30582,"CHIKKAJALA 1","Anganwadi","CHIKKABALLAPURA","M.VEERAPPAMOILY","BYATARAYANAPURA","KRISHNABYREGOWDA","CHIKKAJALA",
"PRESCHOOL","Bangalore","BANGALORE NORTH (Yelahanka)","Chikkajala",30851,"BEGURU","Anganwadi","CHIKKABALLAPURA","M.VEERAPPAMOILY","BYATARAYANAPURA","KRISHNABYREGOWDA","CHIKKAJALA",
"PRESCHOOL","Bangalore","BANGALORE NORTH (Yelahanka)","Chikkajala",33824,"CHIKKANAHALLI 1","Anganwadi","CHIKKABALLAPURA","M.VEERAPPAMOILY","BYATARAYANAPURA","KRISHNABYREGOWDA","DODDAJALA",
"PRESCHOOL","Bangalore","BANGALORE NORTH (Yelahanka)","Chikkajala",30845,"DODDAJALA","Anganwadi","CHIKKABALLAPURA","M.VEERAPPAMOILY","BYATARAYANAPURA","KRISHNABYREGOWDA","DODDAJALA",
"PRESCHOOL","Bangalore","BANGALORE NORTH (Yelahanka)","Chikkajala",31508,"TARABANAHALLI 1","Anganwadi","CHIKKABALLAPURA","M.VEERAPPAMOILY","BYATARAYANAPURA","KRISHNABYREGOWDA","CHIKKAJALA",
"PRESCHOOL","Bangalore","BANGALORE NORTH (Yelahanka)","Chikkajala",33828,"SRINIVASPURA 2","Anganwadi","CHIKKABALLAPURA","M.VEERAPPAMOILY","BYATARAYANAPURA","KRISHNABYREGOWDA","JAKKUR",
"PRESCHOOL","Bangalore","BANGALORE NORTH (Yelahanka)","Chikkajala",31234,"HUTTANA HALLI COLONI","Anganwadi","CHIKKABALLAPURA","M.VEERAPPAMOILY","BYATARAYANAPURA","KRISHNABYREGOWDA","CHIKKAJALA",
"PRESCHOOL","Bangalore","BANGALORE NORTH (Yelahanka)","Chikkajala",31254,"KATTGENAHALLI","Anganwadi","CHIKKABALLAPURA","M.VEERAPPAMOILY","BYATARAYANAPURA","KRISHNABYREGOWDA","JAKKUR",
"PRESCHOOL","Bangalore","BANGALORE NORTH (Yelahanka)","Chikkajala",31258,"AMBEDEKARNAGAR","Anganwadi","CHIKKABALLAPURA","M.VEERAPPAMOILY","BYATARAYANAPURA","KRISHNABYREGOWDA","JAKKUR",
"PRESCHOOL","Bangalore","BANGALORE NORTH (Yelahanka)","Chikkajala",30628,"DWARAKANAGARA","Anganwadi","CHIKKABALLAPURA","M.VEERAPPAMOILY","BYATARAYANAPURA","KRISHNABYREGOWDA","JAKKUR",
"PRESCHOOL","Bangalore","BANGALORE NORTH (Yelahanka)","Chikkajala",31506,"NAVARATHNA AGRAHARA","Anganwadi","CHIKKABALLAPURA","M.VEERAPPAMOILY","BYATARAYANAPURA","KRISHNABYREGOWDA","DODDAJALA",
"PRESCHOOL","Bangalore","BANGALORE NORTH (Yelahanka)","Chikkajala",30622,"VINAYAKANAGAR","Anganwadi","CHIKKABALLAPURA","M.VEERAPPAMOILY","BYATARAYANAPURA","KRISHNABYREGOWDA","JAKKUR",
"PRESCHOOL","Bangalore","BANGALORE NORTH (Yelahanka)","Chikkajala",33987,"HOSURU","Anganwadi","CHIKKABALLAPURA","M.VEERAPPAMOILY","BYATARAYANAPURA","KRISHNABYREGOWDA","DODDAJALA",
"PRESCHOOL","Bangalore","BANGALORE NORTH (Yelahanka)","Chikkajala",30842,"SATANOORU","Anganwadi","CHIKKABALLAPURA","M.VEERAPPAMOILY","BYATARAYANAPURA","KRISHNABYREGOWDA","BAGALURU",
"PRESCHOOL","Bangalore","BANGALORE NORTH (Yelahanka)","Chikkajala",31268,"KOLIPURA","Anganwadi","CHIKKABALLAPURA","M.VEERAPPAMOILY","BYATARAYANAPURA","KRISHNABYREGOWDA","CHIKKAJALA",
"PRESCHOOL","Bangalore","BANGALORE NORTH (Yelahanka)","Chikkajala",34004,"MUTTUGADA HALLI","Anganwadi","CHIKKABALLAPURA","M.VEERAPPAMOILY","BYATARAYANAPURA","KRISHNABYREGOWDA","DODDAJALA",
"PRESCHOOL","Bangalore","BANGALORE NORTH (Yelahanka)","Chikkajala",30602,"PALANAHALLI","Anganwadi","CHIKKABALLAPURA","M.VEERAPPAMOILY","BYATARAYANAPURA","KRISHNABYREGOWDA","JAKKUR",
"PRESCHOOL","Bangalore","BANGALORE NORTH (Yelahanka)","Chikkajala",31264,"MEENUKUNTE HOSHRU","Anganwadi","CHIKKABALLAPURA","M.VEERAPPAMOILY","BYATARAYANAPURA","KRISHNABYREGOWDA","DODDAJALA",
"PRESCHOOL","Bangalore","BANGALORE NORTH (Yelahanka)","Chikkajala",31323,"CHANNAHALLI 2","Anganwadi","CHIKKABALLAPURA","M.VEERAPPAMOILY","BYATARAYANAPURA","KRISHNABYREGOWDA","CHIKKAJALA",
"PRESCHOOL","Bangalore","BANGALORE NORTH (Yelahanka)","Chikkajala",31230,"MARANAYAKANA HALLI","Anganwadi","CHIKKABALLAPURA","M.VEERAPPAMOILY","BYATARAYANAPURA","KRISHNABYREGOWDA","CHIKKAJALA",
"PRESCHOOL","Bangalore","BANGALORE NORTH (Yelahanka)","Gopalapura",30509,"BETHANGERE DELETE","Anganwadi",,,,,,
"PRESCHOOL","Bangalore","BANGALORE NORTH (Yelahanka)","Gopalapura",30877,"TURENAG SANDRA","Anganwadi",,,,,,
"PRESCHOOL","Bangalore","BANGALORE NORTH (Yelahanka)","Gopalapura",30823,"THOTTAGARE","Anganwadi",,,,,,
"PRESCHOOL","Bangalore","BANGALORE NORTH (Yelahanka)","Gopalapura",30876,"DASENAHALLI 2","Anganwadi",,,,,,
"PRESCHOOL","Bangalore","BANGALORE NORTH (Yelahanka)","Hesaragatta",30772,"SHIVAKOTE","Anganwadi",,,,,,
"PRESCHOOL","Bangalore","BANGALORE NORTH (Yelahanka)","Hesaragatta",30737,"KALATHAMMANAHALLI X","Anganwadi",,,,,,
"PRESCHOOL","Bangalore","BANGALORE NORTH (Yelahanka)","Hesaragatta",31322,"KONDASHETTIHALLI","Anganwadi",,,,,,
"PRESCHOOL","Bangalore","BANGALORE NORTH (Yelahanka)","Hesaragatta",30766,"HESARAGATTA IV(VASANTHNAGAR)","Anganwadi",,,,,,
"PRESCHOOL","Bangalore","BANGALORE NORTH (Yelahanka)","Hesaragatta",30751,"SHVEKUNTA 2","Anganwadi",,,,,,
"PRESCHOOL","Bangalore","BANGALORE NORTH (Yelahanka)","Hesaragatta",30742,"MUTTAGADAHALLI","Anganwadi",,,,,,
"PRESCHOOL","Bangalore","BANGALORE NORTH (Yelahanka)","Hesaragatta",30747,"VINAYAKNAGAR 1","Anganwadi",,,,,,
"PRESCHOOL","Bangalore","BANGALORE NORTH (Yelahanka)","Hreohalli",31022,"HREOHALLI","Anganwadi",,,,,,
"PRESCHOOL","Bangalore","BANGALORE NORTH (Yelahanka)","Hreohalli",31008,"KENGUNTE  1","Anganwadi",,,,,,
"PRESCHOOL","Bangalore","BANGALORE NORTH (Yelahanka)","Hreohalli",35329,"HEGGANAHALLI","Independent  Balwadi",,,,,,
"PRESCHOOL","Bangalore","BANGALORE NORTH (Yelahanka)","Hreohalli",30522,"DODDABASTHI","Anganwadi",,,,,,
"PRESCHOOL","Bangalore","BANGALORE NORTH (Yelahanka)","Hreohalli",31024,"HEGGENAHALLI II","Anganwadi",,,,,,
"PRESCHOOL","Bangalore","BANGALORE NORTH (Yelahanka)","Hreohalli",30504,"KARIMSAB LAYOUT","Anganwadi",,,,,,
"PRESCHOOL","Bangalore","BANGALORE NORTH (Yelahanka)","Hreohalli",30520,"MALAGALA","Anganwadi",,,,,,
"PRESCHOOL","Bangalore","BANGALORE NORTH (Yelahanka)","Hreohalli",30521,"MALAGALA 2","Anganwadi",,,,,,
"PRESCHOOL","Bangalore","BANGALORE NORTH (Yelahanka)","Hreohalli",35330,"HEGGANAHALLI RESOURCE CENTER","Independent  Balwadi",,,,,,
"PRESCHOOL","Bangalore","BANGALORE NORTH (Yelahanka)","Hreohalli",35476,"HEGGANAHALLI CROSS","Independent  Balwadi",,,,,,
"PRESCHOOL","Bangalore","BANGALORE NORTH (Yelahanka)","Hreohalli",35480,"HEGGANAHALI 3","Independent  Balwadi",,,,,,
"PRESCHOOL","Bangalore","BANGALORE NORTH (Yelahanka)","Hreohalli",33862,"SRIGANDHANAGAR","Anganwadi",,,,,,
"PRESCHOOL","Bangalore","BANGALORE NORTH (Yelahanka)","Hreohalli",33908,"GOLLARAHATTI  2","Anganwadi",,,,,,
"PRESCHOOL","Bangalore","BANGALORE NORTH (Yelahanka)","Hreohalli",35479,"HEGGANA HALLI","Independent  Balwadi",,,,,,
"PRESCHOOL","Bangalore","BANGALORE NORTH (Yelahanka)","Hreohalli",33903,"BYADARA HALLI-I","Anganwadi",,,,,,
"PRESCHOOL","Bangalore","BANGALORE NORTH (Yelahanka)","Hreohalli",31185,"MALAGALA JANATHA COLONY","Anganwadi",,,,,,
"PRESCHOOL","Bangalore","BANGALORE NORTH (Yelahanka)","Hreohalli",30530,"KENGUNTE 2","Anganwadi",,,,,,
"PRESCHOOL","Bangalore","BANGALORE NORTH (Yelahanka)","Hreohalli",31169,"MALAGALA 1","Anganwadi",,,,,,
"PRESCHOOL","Bangalore","BANGALORE NORTH (Yelahanka)","Hreohalli",30523,"CHIKKABASTHI","Anganwadi",,,,,,
"PRESCHOOL","Bangalore","BANGALORE NORTH (Yelahanka)","Hreohalli",35486,"HEGGANAHALLI 4","Independent  Balwadi",,,,,,
"PRESCHOOL","Bangalore","BANGALORE NORTH (Yelahanka)","Kadugondanahalli",33882,"LINGARAJ PURAM 2","Anganwadi",,,,,,
"PRESCHOOL","Bangalore","BANGALORE NORTH (Yelahanka)","Kadugondanahalli",35342,"D J HALLI I","Anganwadi",,,,,,
"PRESCHOOL","Bangalore","BANGALORE NORTH (Yelahanka)","Kadugondanahalli",31282,"AL-HI-LAL-NAGAR","Anganwadi",,,,,,
"PRESCHOOL","Bangalore","BANGALORE NORTH (Yelahanka)","Kadugondanahalli",31294,"SAMADHANANAGARA","Anganwadi",,,,,,
"PRESCHOOL","Bangalore","BANGALORE NORTH (Yelahanka)","Kadugondanahalli",33884,"HENNURU","Anganwadi",,,,,,
"PRESCHOOL","Bangalore","BANGALORE NORTH (Yelahanka)","Kadugondanahalli",33938,"BASAVANAGAR","Anganwadi",,,,,,
"PRESCHOOL","Bangalore","BANGALORE NORTH (Yelahanka)","Kadugondanahalli",33901,"B M SLUM","Anganwadi",,,,,,
"PRESCHOOL","Bangalore","BANGALORE NORTH (Yelahanka)","Kadugondanahalli",30586,"KACHARKANAHALLI","Anganwadi",,,,,,
"PRESCHOOL","Bangalore","BANGALORE NORTH (Yelahanka)","Kadugondanahalli",31439,"VEERANAPALYA","Anganwadi",,,,,,
"PRESCHOOL","Bangalore","BANGALORE NORTH (Yelahanka)","Kadugondanahalli",31507,"LINGARAJAPURA B BLOCK","Anganwadi",,,,,,
"PRESCHOOL","Bangalore","BANGALORE NORTH (Yelahanka)","Kadugondanahalli",30993,"SANDHYAVANAGARA","Anganwadi",,,,,,
"PRESCHOOL","Bangalore","BANGALORE NORTH (Yelahanka)","Kadugondanahalli",30999,"CHOLANAYAKANAHALLI 2","Anganwadi",,,,,,
"PRESCHOOL","Bangalore","BANGALORE NORTH (Yelahanka)","Kadugondanahalli",33933,"SIDHARTHANAGAR","Anganwadi",,,,,,
"PRESCHOOL","Bangalore","BANGALORE NORTH (Yelahanka)","Kadugondanahalli",33888,"BAIRANAKUNTE - 2","Anganwadi",,,,,,
"PRESCHOOL","Bangalore","BANGALORE NORTH (Yelahanka)","Kadugondanahalli",31001,"HENNURU  BANDE","Anganwadi","BENGALURU CENTRAL","P.C.MOHAN",,,24,"GOVINDARAJ"
"PRESCHOOL","Bangalore","BANGALORE NORTH (Yelahanka)","Kadugondanahalli",33887,"BRUNDAVANA NAGAR","Anganwadi",,,,,,
"PRESCHOOL","Bangalore","BANGALORE NORTH (Yelahanka)","Kadugondanahalli",33879,"BAIRANAKUNTE -1","Anganwadi",,,,,,
"PRESCHOOL","Bangalore","BANGALORE NORTH (Yelahanka)","Kadugondanahalli",33907,"ASHOKANAGARA","Anganwadi","BENGALURU NORTH","D.B.CHANDREGOWDA","PULIKESHINAGAR","B.PRASANNAKUMAR",31,"NOORJANSHARIEF"
"PRESCHOOL","Bangalore","BANGALORE NORTH (Yelahanka)","Kadugondanahalli",30735,"BASALINGAPPANAGAR","Anganwadi",,,,,,
"PRESCHOOL","Bangalore","BANGALORE NORTH (Yelahanka)","Kadugondanahalli",31415,"DEVINANJAYANAPALYA","Anganwadi",,,,,,
"PRESCHOOL","Bangalore","BANGALORE NORTH (Yelahanka)","Kadugondanahalli",33800,"LINGRAJPURAM  3","Anganwadi",,,,,,
"PRESCHOOL","Bangalore","BANGALORE NORTH (Yelahanka)","Kadugondanahalli",33883,"VEERANAPALYA 2","Anganwadi",,,,,,
"PRESCHOOL","Bangalore","BANGALORE NORTH (Yelahanka)","Kadugondanahalli",33886,"LINGARAJPURA 1","Anganwadi",,,,,,
"PRESCHOOL","Bangalore","BANGALORE NORTH (Yelahanka)","Kadugondanahalli",30984,"NAGAWARA","Anganwadi","BENGALURU CENTRAL","P.C.MOHAN",,"K.J.GEORGE",24,
"PRESCHOOL","Bangalore","BANGALORE NORTH (Yelahanka)","Kadugondanahalli",31317,"BASAVALINGAPPA NAGARA","Anganwadi",,,,,,
"PRESCHOOL","Bangalore","BANGALORE NORTH (Yelahanka)","Kadugondanahalli",33874,"CHOLANAYAKANA HALLI 1","Anganwadi",,,,,,
"PRESCHOOL","Bangalore","BANGALORE NORTH (Yelahanka)","Kadugondanahalli",31006,"LINGARAJAPURA A BLOCK","Anganwadi",,,,,,
"PRESCHOOL","Bangalore","BANGALORE NORTH (Yelahanka)","Kadugondanahalli",30456,"CHOLANAYAKANAHALLI 1ST","Anganwadi",,,,,,
"PRESCHOOL","Bangalore","BANGALORE NORTH (Yelahanka)","Kadugondanahalli",30982,"GOVIND PURA","Anganwadi","BENGALURU CENTRAL","P.C.MOHAN",,"K.J.GEORGE",23,
"PRESCHOOL","Bangalore","BANGALORE NORTH (Yelahanka)","Kadugondanahalli",31289,"LINGRAJPURAM","Anganwadi",,,,,,
"PRESCHOOL","Bangalore","BANGALORE NORTH (Yelahanka)","Kadugondanahalli",33872,"RAMSWAMIPALYA","Anganwadi",,,,,,
"PRESCHOOL","Bangalore","BANGALORE NORTH (Yelahanka)","Kodigenahalli",31329,"POORNAPURA","Anganwadi",,,,,,
"PRESCHOOL","Bangalore","BANGALORE NORTH (Yelahanka)","Kodigenahalli",30584,"HEBBAL","Anganwadi","BENGALURU NORTH","D B CHANDREGOWDA","HEBBAL","KATTA SUBRAMANYANAIDU",,"JAYAPPA REDDY"
"PRESCHOOL","Bangalore","BANGALORE NORTH (Yelahanka)","Kodigenahalli",31296,"GEDDALAHALLI","Anganwadi",,,,,,
"PRESCHOOL","Bangalore","BANGALORE NORTH (Yelahanka)","Kodigenahalli",31293,"KB SANDRA 2","Anganwadi",,,,,,
"PRESCHOOL","Bangalore","BANGALORE NORTH (Yelahanka)","Kodigenahalli",29579,"TO BE DELETED MODI ROAD MODI MASJEED","Independent  Balwadi",,,,,,
"PRESCHOOL","Bangalore","BANGALORE NORTH (Yelahanka)","Kodigenahalli",35473,"MATHIKERE","Independent  Balwadi",,,,,,
"PRESCHOOL","Bangalore","BANGALORE NORTH (Yelahanka)","Kodigenahalli",31300,"KAVAL BYSANDRA-3","Anganwadi","BENGALURU NORTH","D B CHANDREGOWDA","PULIKESHINAGAR","B.PRASANNAKUMAR",32,
"PRESCHOOL","Bangalore","BANGALORE NORTH (Yelahanka)","Kodigenahalli",34093,"BHOPSANDRA 2","Anganwadi",,,,,,
"PRESCHOOL","Bangalore","BANGALORE NORTH (Yelahanka)","Kodigenahalli",34094,"MARUTHINAGAR","Anganwadi",,,,,,
"PRESCHOOL","Bangalore","BANGALORE NORTH (Yelahanka)","Kodigenahalli",31005,"SANJEEVINAGAR 1","Anganwadi",,,,,,
"PRESCHOOL","Bangalore","BANGALORE NORTH (Yelahanka)","Kodigenahalli",29577,"TO BE DELETED SUGER MANDI","Independent  Balwadi",,,,,,
"PRESCHOOL","Bangalore","BANGALORE NORTH (Yelahanka)","Kodigenahalli",31297,"GOKULAGUDISALU","Anganwadi",,,,,,
"PRESCHOOL","Bangalore","BANGALORE NORTH (Yelahanka)","Kodigenahalli",33906,"MATHIKERA","Anganwadi",,,,,,
"PRESCHOOL","Bangalore","BANGALORE NORTH (Yelahanka)","Kodigenahalli",33803,"KADIGANAHALLI 3","Anganwadi",,,,,,
"PRESCHOOL","Bangalore","BANGALORE NORTH (Yelahanka)","Kodigenahalli",34088,"SANJEEVININAGARA II","Anganwadi",,"D.B.CHANDREGOWDA","BYATARAYANAPURA","KRISHNABYREGOWDA",,
"PRESCHOOL","Bangalore","BANGALORE NORTH (Yelahanka)","Kodigenahalli",34085,"KAVAL BAIRASANDRA 2","Anganwadi",,,,,,
"PRESCHOOL","Bangalore","BANGALORE NORTH (Yelahanka)","Kodigenahalli",31291,"KODIGEHALLI- 2","Anganwadi",,"D B CHANDREGOWDA","BYATARAYANAPURA","KRISHNABYREGOWDA",,
"PRESCHOOL","Bangalore","BANGALORE NORTH (Yelahanka)","Kodigenahalli",31278,"SHAMPURA ROAD","Anganwadi",,,,,,
"PRESCHOOL","Bangalore","BANGALORE NORTH (Yelahanka)","Kodigenahalli",31287,"KB SANDRA 1","Anganwadi",,,,,,
"PRESCHOOL","Bangalore","BANGALORE NORTH (Yelahanka)","Kodigenahalli",31298,"SHAKTI NAGAR","Anganwadi",,,,,,
"PRESCHOOL","Bangalore","BANGALORE NORTH (Yelahanka)","Kodigenahalli",33900,"NAGASHETTIHALLI","Anganwadi",,"D B CHANDREGOWDA","SANJAYNAGAR",,,
"PRESCHOOL","Bangalore","BANGALORE NORTH (Yelahanka)","Kodigenahalli",31303,"VISHWANATHA  NAGENA HALLI","Anganwadi",,"D B CHANDREGOWDA","VISHWANATHNAGENAHALLI","KATTA SUBRAMANYANAIDU",22,"MUNIRATHNAMMA"
"PRESCHOOL","Bangalore","BANGALORE NORTH (Yelahanka)","Kodigenahalli",31015,"SANJEEVININAGAR 2","Anganwadi",,,"BYATARAYANAPURA","KRISHNABYREGOWDA",8,"ASHWATHNARAYAN"
"PRESCHOOL","Bangalore","BANGALORE NORTH (Yelahanka)","Kodigenahalli",31023,"SANJEEVININAGAR 3","Anganwadi",,"D B CHANDREGOWDA","BYATARAYANAPURA","KRISHNABYREGOWDA",8,"ASHWATHNARAYAN"
"PRESCHOOL","Bangalore","BANGALORE NORTH (Yelahanka)","Kodigenahalli",31299,"KODIGEHALLI 1","Anganwadi",,"D B CHANDREGOWDA","BYATARAYANAPURA","KRISHNABYREGOWDA",8,"ASHWATHNARAYAN"
"PRESCHOOL","Bangalore","BANGALORE NORTH (Yelahanka)","Kodigenahalli",31325,"JAYARAM COLONY","Anganwadi",,,,,,
"PRESCHOOL","Bangalore","BANGALORE NORTH (Yelahanka)","Kodigenahalli",34091,"NAGASHETTAHALLI 2     TO BE DELETE","Anganwadi",,,,,,
"PRESCHOOL","Bangalore","BANGALORE NORTH (Yelahanka)","Kodigenahalli",33905,"SANJEEVAPPA COLONY","Anganwadi",,,,,,
"PRESCHOOL","Bangalore","BANGALORE NORTH (Yelahanka)","Kodigenahalli",31430,"KEMPEGOWDA NAGAR","Anganwadi",,,,,,
"PRESCHOOL","Bangalore","BANGALORE NORTH (Yelahanka)","Kodigenahalli",34112,"MUNESWARANAGAR","Anganwadi",,,,,,
"PRESCHOOL","Bangalore","BANGALORE NORTH (Yelahanka)","Kodigenahalli",34113,"SANJAYA GANDHI NAGAR","Anganwadi",,,,,,
"PRESCHOOL","Bangalore","BANGALORE NORTH (Yelahanka)","Kodigenahalli",31292,"ASHWATH NAGARA","Anganwadi",,"D B CHANDREGOWDA","SANJAYNAGAR",,,
"PRESCHOOL","Bangalore","BANGALORE NORTH (Yelahanka)","Kodigenahalli",29573,"TO BE DELETED KHUSHAL NAGAR","Independent  Balwadi",,,,,,
"PRESCHOOL","Bangalore","BANGALORE NORTH (Yelahanka)","Kodigenahalli",33899,"BHOPASANDRA","Anganwadi",,"D B CHANDREGOWDA","SANJAYNAGAR",,,
"PRESCHOOL","Bangalore","BANGALORE NORTH (Yelahanka)","Kodigenahalli",33902,"KEMPAPURA-1","Anganwadi",,"D B CHANDREGOWDA","BYATARAYANAPURA","KRISHNABYREGOWDA",,
"PRESCHOOL","Bangalore","BANGALORE NORTH (Yelahanka)","Laggere 4th circle",31249,"KAMAKSHIPALYA 1","Anganwadi",,,,,,
"PRESCHOOL","Bangalore","BANGALORE NORTH (Yelahanka)","Laggere 4th circle",30438,"PANCHASHELA NAGAR","Independent  Balwadi",,,,,,
"PRESCHOOL","Bangalore","BANGALORE NORTH (Yelahanka)","Laggere 4th circle",30435,"MUDALA PALYA 1","Independent  Balwadi",,,,,,
"PRESCHOOL","Bangalore","BANGALORE NORTH (Yelahanka)","Laggere 4th circle",29667,"JALAHALLI","Anganwadi",,,,,,
"PRESCHOOL","Bangalore","BANGALORE NORTH (Yelahanka)","Laggere 4th circle",31021,"KURUBARAHALLI 1","Anganwadi",,,,,,
"PRESCHOOL","Bangalore","BANGALORE NORTH (Yelahanka)","Laggere 4th circle",30512,"GORAGUNTEPALYA","Anganwadi",,,,,,
"PRESCHOOL","Bangalore","BANGALORE NORTH (Yelahanka)","Laggere 4th circle",30513,"SUMANAHALLI","Anganwadi",,,,,,
"PRESCHOOL","Bangalore","BANGALORE NORTH (Yelahanka)","Laggere 4th circle",30468,"BAIRESHWARANAGARA","Independent  Balwadi",,,,,,
"PRESCHOOL","Bangalore","BANGALORE NORTH (Yelahanka)","Laggere 4th circle",30451,"MUDALA PALYA 2","Independent  Balwadi",,,,,,
"PRESCHOOL","Bangalore","BANGALORE NORTH (Yelahanka)","Laggere 4th circle",29656,"JI MARTUTHYNAGAR 1","Anganwadi",,,,,,
"PRESCHOOL","Bangalore","BANGALORE NORTH (Yelahanka)","Laggere 4th circle",30174,"KAMAKSHIPALYA 2","Anganwadi",,,,,,
"PRESCHOOL","Bangalore","BANGALORE NORTH (Yelahanka)","Laggere 4th circle",30472,"BEERESHWARI NAGAR 1","Independent  Balwadi",,,,,,
"PRESCHOOL","Bangalore","BANGALORE NORTH (Yelahanka)","Laggere 4th circle",30185,"PEENY PLEEM BEATION","Anganwadi",,,,,,
"PRESCHOOL","Bangalore","BANGALORE NORTH (Yelahanka)","Laggere 4th circle",33989,"GORUGUNTE PALYA 1","Anganwadi",,,,,,
"PRESCHOOL","Bangalore","BANGALORE NORTH (Yelahanka)","Laggere 4th circle",30244,"PEENYA 1 STAGE","Anganwadi",,,,,,
"PRESCHOOL","Bangalore","BANGALORE NORTH (Yelahanka)","Laggere 4th circle",29646,"LEGGERE 2","Anganwadi",,,,,,
"PRESCHOOL","Bangalore","BANGALORE NORTH (Yelahanka)","Laggere 4th circle",30447,"MUDALA PALYA (SANJEEVINI NAGARA","Independent  Balwadi",,,,,,
"PRESCHOOL","Bangalore","BANGALORE NORTH (Yelahanka)","Laggere 4th circle",30430,"MUDALA PALYA","Independent  Balwadi",,,,,,
"PRESCHOOL","Bangalore","BANGALORE NORTH (Yelahanka)","Machohalli",31014,"BYADARAHALLI","Anganwadi",,,,,,
"PRESCHOOL","Bangalore","BANGALORE NORTH (Yelahanka)","Machohalli",30506,"RAMAPALYA","Anganwadi",,,,,,
"PRESCHOOL","Bangalore","BANGALORE NORTH (Yelahanka)","Machohalli",35471,"JANA PRIYA TOWN","Independent  Balwadi",,,,,,
"PRESCHOOL","Bangalore","BANGALORE NORTH (Yelahanka)","Machohalli",34025,"BASVESHWAR NAGAR 1","Anganwadi",,,,,,
"PRESCHOOL","Bangalore","BANGALORE NORTH (Yelahanka)","Machohalli",33873,"AVERAHALLI  1","Anganwadi",,,,,,
"PRESCHOOL","Bangalore","BANGALORE NORTH (Yelahanka)","Makali",35331,"LAKSHMI PLAY HOME","Independent  Balwadi",,,,,,
"PRESCHOOL","Bangalore","BANGALORE NORTH (Yelahanka)","Makali",35481,"CHIKKA BIDREKALU","Independent  Balwadi",,,,,,
"PRESCHOOL","Bangalore","BANGALORE NORTH (Yelahanka)","Mallasandra",33964,"KALLASTHINAGARA T DASARAHALLI","Anganwadi",,,,,,
"PRESCHOOL","Bangalore","BANGALORE NORTH (Yelahanka)","Mallasandra",31011,"RAJIVGANDHINAGAR","Anganwadi",,,,,,
"PRESCHOOL","Bangalore","BANGALORE NORTH (Yelahanka)","Mallasandra",33970,"CHOKKASANDRA","Anganwadi",,,,,,
"PRESCHOOL","Bangalore","BANGALORE NORTH (Yelahanka)","Maralakunte",29711,"MARASANDRA 1 ST MANI","Anganwadi",,,,,,
"PRESCHOOL","Bangalore","BANGALORE NORTH (Yelahanka)","Nagarabhavi",30426,"NAGARABAVI (VILEG)","Anganwadi",,,,,,
"PRESCHOOL","Bangalore","BANGALORE NORTH (Yelahanka)","Nagarabhavi",30420,"NAGARABHAVI","Anganwadi",,,,,,
"PRESCHOOL","Bangalore","BANGALORE NORTH (Yelahanka)","Rajanakunte",33923,"ITGALPURAXXX","Anganwadi","CHIKKABALLAPURA",,,,,
"PRESCHOOL","Bangalore","BANGALORE NORTH (Yelahanka)","Sondekoppa",30996,"ARKAVATHINAGAR","Anganwadi",,,,,,
"PRESCHOOL","Bangalore","BANGALORE NORTH (Yelahanka)","Sondekoppa",33991,"JANATHA COLONY 1","Anganwadi",,,,,,
"PRESCHOOL","Bangalore","BANGALORE NORTH (Yelahanka)","Sonnenahali",31225,"SEERESANDRA","Anganwadi","CHIKKABALLAPURA","M.VEERAPPAMOILY","YELAHANKA","S.R.VISHWANATH","SONNENAHALLI",
"PRESCHOOL","Bangalore","BANGALORE NORTH (Yelahanka)","Sonnenahali",31534,"KARLAPURA PALYA","Anganwadi","CHIKKABALLAPURA","M.VEERAPPAMOILY","YELAHANKA","S.R.VISHWANATH","SONNENAHALLI",
"PRESCHOOL","Bangalore","BANGALORE NORTH (Yelahanka)","Sonnenahali",30859,"RAMAGONDANA HALLI 2","Anganwadi","CHIKKABALLAPURA","M.VEERAPPAMOILY","YELAHANKA","S.R.VISHWANATH","GANTIGANAHALLI","SHARADAMMA"
"PRESCHOOL","Bangalore","BANGALORE NORTH (Yelahanka)","Sonnenahali",34081,"KENCHANAHALLI","Anganwadi","CHIKKABALLAPURA","M.VEERAPPAMOILY","YELAHANKA","S.R.VISHWANATH","CHOWDESHWARI","K.V.YASHODA"
"PRESCHOOL","Bangalore","BANGALORE NORTH (Yelahanka)","Sonnenahali",31217,"CHANNASANDRA","Anganwadi","CHIKKABALLAPURA","M.VEERAPPAMOILY","YELAHANKA","S.R.VISHWANATH","SONNENAHALLI",
"PRESCHOOL","Bangalore","BANGALORE NORTH (Yelahanka)","Sonnenahali",33880,"GANTIGANA HALLI","Anganwadi","CHIKKABALLAPURA","M.VEERAPPAMOILY","YELAHANKA","S.R.VISHWANATH","GANTIGANAHALLI","SHARADAMMA"
"PRESCHOOL","Bangalore","BANGALORE NORTH (Yelahanka)","Sonnenahali",30724,"KARLAPURA","Anganwadi","CHIKKABALLAPURA","M.VEERAPPAMOILY","YELAHANKA","S.R.VISHWANATH","SONNENAHALLI",
"PRESCHOOL","Bangalore","BANGALORE NORTH (Yelahanka)","Sonnenahali",33816,"KAMAKSHI PURA","Anganwadi","CHIKKABALLAPURA","M.VEERAPPAMOILY","YELAHANKA","S.R.VISHWANATH","SONNENAHALLI",
"PRESCHOOL","Bangalore","BANGALORE NORTH (Yelahanka)","Sonnenahali",31262,"HONNENAHALLI","Anganwadi","CHIKKABALLAPURA","M.VEERAPPAMOILY","YELAHANKA","S.R.VISHWANATH","SINGANAYAKANAHALLI",
"PRESCHOOL","Bangalore","BANGALORE NORTH (Yelahanka)","Sonnenahali",31536,"SEETHAKEMPANAHALLI","Anganwadi","CHIKKABALLAPURA","M.VEERAPPAMOILY","YELAHANKA","S.R.VISHWANATH",,
"PRESCHOOL","Bangalore","BANGALORE NORTH (Yelahanka)","Sonnenahali",34071,"SONNENAHALLI 1","Anganwadi","CHIKKABALLAPURA",,,,,
"PRESCHOOL","Bangalore","BANGALORE NORTH (Yelahanka)","Sonnenahali",30857,"RAMAGONDANA HALLI","Anganwadi","CHIKKABALLAPURA",,,,,
"PRESCHOOL","Bangalore","BANGALORE NORTH (Yelahanka)","Sonnenahali",31219,"DANDANAPALYA","Anganwadi","CHIKKABALLAPURA",,,,,
"PRESCHOOL","Bangalore","BANGALORE NORTH (Yelahanka)","Sonnenahali",34048,"KAKOLU COLONY","Anganwadi","CHIKKABALLAPURA",,,,,
"PRESCHOOL","Bangalore","BANGALORE NORTH (Yelahanka)","Sonnenahali",34072,"SINGANAYAKANAHALLI 2","Anganwadi","CHIKKABALLAPURA",,,,,
"PRESCHOOL","Bangalore","BANGALORE NORTH (Yelahanka)","Sonnenahali",33876,"NAGENA HALLI","Anganwadi","CHIKKABALLAPURA",,,,,
"PRESCHOOL","Bangalore","BANGALORE NORTH (Yelahanka)","Sonnenahali",31273,"MYLAPANAHALLI","Anganwadi","CHIKKABALLAPURA",,,,,
"PRESCHOOL","Bangalore","BANGALORE NORTH (Yelahanka)","Sonnenahali",30725,"KARLAPURA","Anganwadi","CHIKKABALLAPURA",,,,,
"PRESCHOOL","Bangalore","BANGALORE NORTH (Yelahanka)","Sonnenahali",30730,"HAROHALLIPALYA","Anganwadi","CHIKKABALLAPURA",,,,,
"PRESCHOOL","Bangalore","BANGALORE NORTH (Yelahanka)","Sonnenahali",33812,"MADAPPANA HALLI","Anganwadi","CHIKKABALLAPURA",,,,,
"PRESCHOOL","Bangalore","BANGALORE NORTH (Yelahanka)","Sonnenahali",30718,"SONNENAHALLI","Anganwadi","CHIKKABALLAPURA",,,,,
"PRESCHOOL","Bangalore","BANGALORE NORTH (Yelahanka)","Sonnenahali",30732,"NAGADASANAHALLI","Anganwadi","CHIKKABALLAPURA",,,,,
"PRESCHOOL","Bangalore","BANGALORE NORTH (Yelahanka)","Sonnenahali",31279,"CHALLAHALLI","Anganwadi","CHIKKABALLAPURA",,,,,
"PRESCHOOL","Bangalore","BANGALORE NORTH (Yelahanka)","Sonnenahali",31250,"BYATHA","Anganwadi","CHIKKABALLAPURA",,,,,
"PRESCHOOL","Bangalore","BANGALORE NORTH (Yelahanka)","Sonnenahali",31257,"SINGANAYAKANAHALLI 1","Anganwadi","CHIKKABALLAPURA",,,,,
"PRESCHOOL","Bangalore","BANGALORE NORTH (Yelahanka)","Sonnenahali",34053,"DIBBURU","Anganwadi","CHIKKABALLAPURA",,,,,
"PRESCHOOL","Bangalore","BANGALORE NORTH (Yelahanka)","Sonnenahali",33821,"KAKOLU","Anganwadi","CHIKKABALLAPURA",,,,,
"PRESCHOOL","Bangalore","BANGALORE NORTH (Yelahanka)","Sonnenahali",33878,"HAROHALLI 1","Anganwadi","CHIKKABALLAPURA",,,,,
"PRESCHOOL","Bangalore","BANGALORE NORTH (Yelahanka)","Sonnenahali",31269,"AHAVALAHALLI","Anganwadi",,,,,,
"PRESCHOOL","Bangalore","BANGALORE NORTH (Yelahanka)","Sonnenahali",31213,"HANIYURU","Anganwadi","CHIKKABALLAPURA",,,,,
"PRESCHOOL","Bangalore","BANGALORE NORTH (Yelahanka)","Sonnenahali",30861,"ANANTHAPURA","Anganwadi","CHIKKABALLAPURA",,,,,
"PRESCHOOL","Bangalore","BANGALORE NORTH (Yelahanka)","Sonnenahali",33895,"MUDDANAHALLI","Anganwadi",,,,,,
"PRESCHOOL","Bangalore","BANGALORE NORTH (Yelahanka)","Yalahanka",30590,"JAKKUR LAYOUT 2","Anganwadi",,,,,,
"PRESCHOOL","Bangalore","BANGALORE NORTH (Yelahanka)","Yalahanka",30872,"BYATARAYANAPURA 2","Anganwadi",,,,,,
"PRESCHOOL","Bangalore","BANGALORE NORTH (Yelahanka)","Yalahanka",33885,"AMRUTHHALLI KENDA  2","Anganwadi",,,,,,
"PRESCHOOL","Bangalore","BANGALORE NORTH (Yelahanka)","Yalahanka",33948,"MARUTHI NAGAR","Anganwadi",,,,,,
"PRESCHOOL","Bangalore","BANGALORE NORTH (Yelahanka)","Yalahanka",30875,"AMRUTHAHALLI( EX)","Anganwadi",,,,,,
"PRESCHOOL","Bangalore","BANGALORE NORTH (Yelahanka)","Yalahanka",31245,"AMBEDKAR NAGAR (YELAHANKA)","Anganwadi",,,,,,
"PRESCHOOL","Bangalore","BANGALORE NORTH (Yelahanka)","Yalahanka",30853,"KOGILU LAYOUT  1","Anganwadi",,,,,,
"PRESCHOOL","Bangalore","BANGALORE NORTH (Yelahanka)","Yalahanka",30864,"BYATARAYANAPURA 1","Anganwadi",,,,,,
"PRESCHOOL","Bangalore","BANGALORE NORTH (Yelahanka)","Yalahanka",30869,"CHIKKABOMMASANDRA","Anganwadi","CHIKKABALLAPURA","M.VEERAPPAMOILY",,,,
"PRESCHOOL","Bangalore","BANGALORE NORTH (Yelahanka)","Yalahanka",31505,"JAKKUR LAYOUT 1","Anganwadi",,,,,,
"PRESCHOOL","Bangalore","BANGALORE NORTH (Yelahanka)","Yalahanka",33863,"YELAHANKA UPANAGARA 1","Anganwadi",,,,,,
"PRESCHOOL","Bangalore","BANGALORE NORTH (Yelahanka)","Yalahanka",33927,"YALAHANKA 2 (EX)","Anganwadi",,,,,,
"PRESCHOOL","Bangalore","BANGALORE NORTH (Yelahanka)","Yalahanka",31494,"SAMPIGEHALLI","Anganwadi",,,,,,
"PRESCHOOL","Bangalore","BANGALORE NORTH (Yelahanka)","Yalahanka",31541,"YELAHANKA  4","Anganwadi",,,,,,
"PRESCHOOL","Bangalore","BANGALORE NORTH (Yelahanka)","Yalahanka",31311,"AGRAHARA LAYOUT 1","Anganwadi",,,,,,
"PRESCHOOL","Bangalore","BANGALORE NORTH (Yelahanka)","Yalahanka",33926,"YALAHANKA 2","Anganwadi","CHIKKABALLAPURA","M.VEERAPPAMOILY","YELAHANKA","S.R.VISHWANATH","CHOWDESHWARI","K.V.YASHODA"
"PRESCHOOL","Bangalore","BANGALORE NORTH (Yelahanka)","Yalahanka",30860,"YELAHANKA  5","Anganwadi","CHIKKABALLAPURA","M.VEERAPPAMOILY",,,,
"PRESCHOOL","Bangalore","BANGALORE NORTH (Yelahanka)","Yalahanka",30847,"JAKKUR","Anganwadi",,,,,,
"PRESCHOOL","Bangalore","BANGALORE NORTH (Yelahanka)","Yalahanka",33861,"YELAHANKA UPANAGARA 2ND","Anganwadi","CHIKKABALLAPURA","M.VEERAPPAMOILY","YELAHANKA","S.R.VISHWANATH","YELAHANKA","M.MUNIRAJU"
"PRESCHOOL","Bangalore","BANGALORE NORTH (Yelahanka)","Yalahanka",31542,"ALLALASANDRA 2","Anganwadi","CHIKKABALLAPURA","M.VEERAPPAMOILY","YELAHANKA","S.R.VISHWANATH","YELAHANKA","M.MUNIRAJU"
"PRESCHOOL","Bangalore","BANGALORE NORTH (Yelahanka)","Yalahanka",33939,"YALAHANKA 1","Anganwadi","CHIKKABALLAPURA","M.VEERAPPAMOILY","YELAHANKA","S.R.VISHWANATH","KEMPEGOWDA","Y.N.ASHWATH"
"PRESCHOOL","Bangalore","BANGALORE NORTH (Yelahanka)","Yalahanka",33856,"AMRUTHAHALLI KENDRA 1","Anganwadi",,,,,,
"PRESCHOOL","Bangalore","BANGALORE NORTH (Yelahanka)","Yalahanka",31502,"AGRAHARALAYOUT 2","Anganwadi",,,,,,
"PRESCHOOL","Bangalore","BANGALORE NORTH (Yelahanka)","Yalahanka",31529,"KAMAKSHAMMA LAYOUT","Anganwadi",,,,,,
"PRESCHOOL","Bangalore","BANGALORE NORTH (Yelahanka)","Yalahanka",35483,"MANJUNATH NAGAR 1","Anganwadi",,,,,,
"PRESCHOOL","Bangalore","BANGALORE NORTH (Yelahanka)","Yalahanka",33850,"AGRAHARA","Anganwadi",,,,,,
"PRESCHOOL","Bangalore","BANGALORE NORTH (Yelahanka)","Yalahanka",31244,"YELAHANKA NEW TOWN","Anganwadi","CHIKKABALLAPURA","M.VEERAPPAMOILY","YELAHANKA","S.R.VISHWANATH","YELAHANKA","M.MUNIRAJU"
"PRESCHOOL","Bangalore","BANGALORE NORTH (Yelahanka)","Yalahanka",33854,"SURABHI LAYOUT 1","Anganwadi",,,,,,
"PRESCHOOL","Bangalore","BANGALORE NORTH (Yelahanka)","Yalahanka",31539,"ALLALASANDRA 1","Anganwadi","CHIKKABALLAPURA","M.VEERAPPAMOILY","YELAHANKA","S.R.VISHWANATH","YELAHANKA","M.MUNIRAJU"
"PRESCHOOL","Bangalore","BANGALORE NORTH (Yelahanka)","Yalahanka",30852,"YELAHANKA  UPANAGARA 2","Anganwadi","CHIKKABALLAPURA","M.VEERAPPAMOILY","YELAHANKA","S.R.VISHWANATH","YELAHANKA","M.MUNIRAJU"
"PRESCHOOL","Bangalore","BANGALORE NORTH (Yelahanka)","Yalahanka",31306,"KOGILU","Anganwadi",,,,,,
"PRESCHOOL","Bangalore","BANGALORE NORTH (Yelahanka)","Yalahanka",33542,"VENKATALA","Anganwadi","CHIKKABALLAPURA","M.VEERAPPAMOILY","YELAHANKA","S.R.VISHWANATH","KEMPEGOWDA","Y.N.ASHWATH"
"PRESCHOOL","Bangalore","BANGALORE NORTH (Yelahanka)","Yalahanka",30867,"SRIRAMPURA","Anganwadi",,,,,,
"PRESCHOOL","Bangalore","BANGALORE NORTH (Yelahanka)","Yalahanka",33925,"AGRAHAR BEDAVANI 2","Anganwadi",,,,,,
"PRESCHOOL","Bangalore","BANGALORE NORTH (Yelahanka)","Yalahanka",33941,"HOSABEEDI KANDERA3","Anganwadi",,,,,,
"PRESCHOOL","Bangalore","BANGALORE NORTH (Yelahanka)","Yalahanka upnagar",31414,"MOODALAPALYA","Anganwadi",,,,,,
"PRESCHOOL","Bangalore","BANGALORE NORTH (Yelahanka)","Yalahanka upnagar",30885,"YALAHANKA  5","Anganwadi","CHIKKABALLAPURA","M.VEERAPPAMOILY","YELAHANKA","S.R.VISHWANATH","KEMPEGOWDA","Y.N.ASHWATH"
"PRESCHOOL","Bangalore","BANGALORE NORTH (Yelahanka)","Yalahanka upnagar",30889,"YALAHANKA 3","Anganwadi","CHIKKABALLAPURA","M.VEERAPPAMOILY","YELAHANKA","S.R.VISHWANATH","KEMPEGOWDA","Y.N.ASHWATH"
"PRESCHOOL","Bangalore","BANGALORE NORTH (Yelahanka)","Yalahanka upnagar",30895,"YALAHANKA 4","Anganwadi","CHIKKABALLAPURA","M.VEERAPPAMOILY","YELAHANKA","S.R.VISHWANATH","KEMPEGOWDA","Y.N.ASHWATH"
"PRESCHOOL","Bangalore","BANGALORE NORTH (Yelahanka)","Yalahanka upnagar",30879,"YALAHANKA 1 HOSABEEBHIROED","Anganwadi","CHIKKABALLAPURA","M.VEERAPPAMOILY","YELAHANKA","S.R.VISHWANATH","KEMPEGOWDA","Y.N.ASHWATH"
"PRESCHOOL","Bangalore","Bangalore south(Banashankari)","Begure",29535,"KONAPPANA AGRAHARA","Anganwadi",,,,,,
"PRESCHOOL","Bangalore","Bangalore south(Banashankari)","Begure",30452,"YEELU KUNTE","Independent  Balwadi",,,,,,
"PRESCHOOL","Bangalore","Bangalore south(Banashankari)","Begure",34026,"KENDRAKARAGRUHA","Anganwadi",,,,,,
"PRESCHOOL","Bangalore","Bangalore south(Banashankari)","Begure",30462,"HOSA ROAD 2","Independent  Balwadi",,,,,,
"PRESCHOOL","Bangalore","Bangalore south(Banashankari)","Begure",30457,"HOSA ROAD 1","Independent  Balwadi",,,,,,
"PRESCHOOL","Bangalore","Bangalore south(Banashankari)","Begure",34150,"MANGAMANPALYA","Independent  Balwadi",,,,,,
"PRESCHOOL","Bangalore","Bangalore south(Banashankari)","Begure",29547,"TO BE DELETED NIYAPANAHALLI","Akshara Balwadi",,,,,,
"PRESCHOOL","Bangalore","Bangalore south(Banashankari)","Byrathi",30665,"JODIHUSKURU","Anganwadi",,,,,,
"PRESCHOOL","Bangalore","Bangalore south(Banashankari)","Byrathi",31315,"THIRUMENAHALLI","Anganwadi",,,,,,
"PRESCHOOL","Bangalore","Bangalore south(Banashankari)","Byrathi",30571,"KOTTANOORU","Anganwadi",,,,,,
"PRESCHOOL","Bangalore","Bangalore south(Banashankari)","Doddakannelli",33774,"MULLURU","Anganwadi",,,,,,
"PRESCHOOL","Bangalore","Bangalore south(Banashankari)","Jeevanbhima Nagar",29637,"ISLAM PURA","Independent  Balwadi",,,,,,
"PRESCHOOL","Bangalore","Bangalore south(Banashankari)","Jeevanbhima Nagar",29663,"ISLAM PURA 3 NEAR SOUT SCHOOL","Independent  Balwadi",,,,,,
"PRESCHOOL","Bangalore","Bangalore south(Banashankari)","Jeevanbhima Nagar",29632,"J B NAGAR","Independent  Balwadi",,,,,,
"PRESCHOOL","Bangalore","Bangalore south(Banashankari)","Jeevanbhima Nagar",29686,"NELLAR PURA","Independent  Balwadi",,,,,,
"PRESCHOOL","Bangalore","Bangalore south(Banashankari)","K Gollahalli",30699,"K GOLLAHALLI","Anganwadi",,,,,,
"PRESCHOOL","Bangalore","Bangalore south(Banashankari)","K Gollahalli",31067,"KULLEGOODANA PALYA  TO BE DELETE","Anganwadi",,,,,,
"PRESCHOOL","Bangalore","Bangalore south(Banashankari)","K.R.Puram",30944,"KAVERINAGAR 1","Anganwadi",,,,,,
"PRESCHOOL","Bangalore","Bangalore south(Banashankari)","K.R.Puram",30953,"DODDA DEVASANDRA","Anganwadi",,,,,,
"PRESCHOOL","Bangalore","Bangalore south(Banashankari)","kadugodi",30577,"NAGESHVARA NAGENAHALLI","Anganwadi",,,,,,
"PRESCHOOL","Bangalore","Bangalore south(Banashankari)","kadugodi",33750,"NAGANAHALLI COLYONI","Anganwadi",,,,,,
"PRESCHOOL","Bangalore","Bangalore south(Banashankari)","kadugodi",30673,"KADUGODI PLANTATION","Anganwadi",,,,,,
"PRESCHOOL","Bangalore","Bangalore south(Banashankari)","kadugodi",33846,"K.NARYIANPURA (EX)","Anganwadi",,,,,,
"PRESCHOOL","Bangalore","Bangalore south(Banashankari)","kadugodi",29707,"CHANSANDRA","Anganwadi",,,,,,
"PRESCHOOL","Bangalore","Bangalore south(Banashankari)","Kaggalipura",29674,"TO BE DELETED RAUVGODLU","Akshara Balwadi",,,,,,
"PRESCHOOL","Bangalore","Bangalore south(Banashankari)","Kaggalipura",29678,"GANDINAGAR","Anganwadi",,,,,,
"PRESCHOOL","Bangalore","Bangalore south(Banashankari)","Kengeri circle",30947,"DEVARABISANA HALLI","Anganwadi",,,,,,
"PRESCHOOL","Bangalore","Bangalore south(Banashankari)","Kengeri circle",33739,"HARI COLONY","Anganwadi",,,,,,
"PRESCHOOL","Bangalore","Bangalore south(Banashankari)","Kengeri circle",33735,"BEEDI VARKARS COLONY","Independent  Balwadi",,,,,,
"PRESCHOOL","Bangalore","Bangalore south(Banashankari)","Kengeri circle",35332,"GOOD WILL PLAY HOME","Independent  Balwadi",,,,,,
"PRESCHOOL","Bangalore","Bangalore south(Banashankari)","Kengeri circle",31391,"MARIYAPPANAPALYA 1","Anganwadi",,,,,,
"PRESCHOOL","Bangalore","Bangalore south(Banashankari)","konnana kunte",34151,"HULIVAVU 1","Independent  Balwadi",,,,,,
"PRESCHOOL","Bangalore","Bangalore south(Banashankari)","konnana kunte",31525,"GOLLAHALLI 1","Anganwadi",,,,,,
"PRESCHOOL","Bangalore","Bangalore south(Banashankari)","konnana kunte",33819,"HULIMAVU 2ND CENTER","Anganwadi",,,,,,
"PRESCHOOL","Bangalore","Bangalore south(Banashankari)","konnana kunte",34149,"BILEKALLU(DORASWAMYPALYA)","Independent  Balwadi",,,,,,
"PRESCHOOL","Bangalore","Bangalore south(Banashankari)","konnana kunte",35490,"KENGUNTE 1","Anganwadi",,,,,,
"PRESCHOOL","Bangalore","Bangalore south(Banashankari)","Thavare kere",30503,"CHINNENAHALLI","Anganwadi",,,,,,
"PRESCHOOL","Bangalore","Bangalore south(Banashankari)","Thavare kere",30490,"BAICHAGUPPE","Anganwadi",,,,,,
"PRESCHOOL","Bangalore","Bangalore south(Banashankari)","Thavare kere",33814,"HALAMANA PALYA","Anganwadi",,,,,,
"PRESCHOOL","Bangalore","Bangalore south(Banashankari)","Uttrahalli",31476,"TATAGUNI-","Anganwadi",,,,,,
"PRESCHOOL","Bangalore","Bangalore south(Banashankari)","Uttrahalli",31143,"VADERAHALLI","Anganwadi",,,,,,
"PRESCHOOL","Bangalore","Bangalore south(Banashankari)","Varthur",34159,"AMBEDKAR NAGAR  3RD (EX)","Anganwadi",,,,,,
"PRESCHOOL","Bangalore","Bangalore south(Banashankari)","Varthur",33789,"HAGADOORU (EX)","Anganwadi",,,,,,
"PRESCHOOL","Bangalore","Bangalore south(Banashankari)","Varthur ",33754,"VIJAYNAGAR  (EX)","Anganwadi",,,,,,
"PRESCHOOL","Bangalore","Bangalore south(Banashankari)","Varthur ",29702,"SIDDHAPURA","Anganwadi",,,,,,
"PRESCHOOL","Bangalore","Bangalore State","Banashankari",30702,"MARIYANAHALLI 2","Anganwadi",,,,,,
"PRESCHOOL","Bangalore","Bangalore State","Banashankari",34114,"MARENAHALLI M.T.B","Independent  Balwadi",,,,,,
"PRESCHOOL","Bangalore","Bangalore State","Banashankari",31427,"AMBEDKARNAGAR 1","Anganwadi",,,,,,
"PRESCHOOL","Bangalore","Bangalore State","Banashankari",30421,"TILAK NAGAR 1","Independent  Balwadi",,,,,,
"PRESCHOOL","Bangalore","Bangalore State","Banashankari",34052,"TILAK NAGAR (JAYANAGAR)","Independent  Balwadi",,,,,,
"PRESCHOOL","Bangalore","Bangalore State","Banashankari",34084,"GANGADHARNAGAR (SARAKKI)","Independent  Balwadi",,,,,,
"PRESCHOOL","Bangalore","Bangalore State","Banashankari",33737,"YARABNAGAR-2","Independent  Balwadi",,,,,,
"PRESCHOOL","Bangalore","Bangalore State","Banashankari",33741,"ILAYZ NAGAR 1","Independent  Balwadi",,,,,,
"PRESCHOOL","Bangalore","Bangalore State","Banashankari",33730,"ILAYAZ NAGAR","Independent  Balwadi",,,,,,
"PRESCHOOL","Bangalore","Bangalore State","Banashankari",30694,"YARAB NAGAR","Anganwadi",,,,,,
"PRESCHOOL","Bangalore","Bangalore State","Banashankari",30518,"CAUVERI NAGAR 2","Independent  Balwadi",,,,,,
"PRESCHOOL","Bangalore","Bangalore State","Banashankari",33732,"YARABNAGAR-1","Independent  Balwadi",,,,,,
"PRESCHOOL","Bangalore","Bangalore State","Banashankari",30418,"TILAK NAGAR","Independent  Balwadi",,,,,,
"PRESCHOOL","Bangalore","Bangalore State","Banashankari",30723,"HARI COLONY 1","Anganwadi",,,,,,
"PRESCHOOL","Bangalore","Bangalore State","Banashankari",34083,"ILIYAZ NAGAR 2","Independent  Balwadi",,,,,,
"PRESCHOOL","Bangalore","Bangalore State","Gavipura Guttahalli",33734,"ITTAMADU IGS LAYOUT","Independent  Balwadi",,,,,,
"PRESCHOOL","Bangalore","Bangalore State","Gavipura Guttahalli",30526,"BASAVANAGUDI 1","Anganwadi",,,,,,
"PRESCHOOL","Bangalore","Bangalore State","Gavipura Guttahalli",30529,"BASAVANAGUDI 2","Anganwadi",,,,,,
"PRESCHOOL","Bangalore","Bangalore State","Gavipura Guttahalli",33736,"KATHRIGUPPA","Independent  Balwadi",,,,,,
"PRESCHOOL","Bangalore","Bangalore State","Gavipura Guttahalli",35482,"ITTAMADU 2","Independent  Balwadi",,,,,,
"PRESCHOOL","Bangalore","Bangalore State","Gavipura Guttahalli",30672,"ITTAMADU 1","Anganwadi",,,,,,
"PRESCHOOL","Bangalore","Bangalore State","Gavipura Guttahalli",34041,"DHOBI GHAT -3","Independent  Balwadi",,,,,,
"PRESCHOOL","Bangalore","Bangalore State","Gavipura Guttahalli",33691,"JANASHAKTHI NAGARA","Anganwadi",,,,,,
"PRESCHOOL","Bangalore","Bangalore State","Gavipura Guttahalli",30674,"GIRI NAGARA","Anganwadi",,,,,,
"PRESCHOOL","Bangalore","Bangalore State","Palace Guttalli Circle",29695,"AMBEDKAR NAGAR","Akshara Balwadi",,,,,,
"PRESCHOOL","Bangalore","Bangalore State","Palace Guttalli Circle",29562,"RAHMATH NAGAR","Anganwadi",,,,,,
"PRESCHOOL","Bangalore","Bangalore State","Wilson Garden",34068,"JAYANAGAR 1","Independent  Balwadi",,,,,,
"PRESCHOOL","Bangalore","Bangalore State","Wilson Garden",31063,"WILSON GARDEN (DAYANANDA)","Anganwadi",,,,,,
"PRESCHOOL","Bangalore","Bangalore State","Wilson Garden",34109,"DAYANANDA 2","Anganwadi",,,,,,
"PRESCHOOL","Bangalore","Bangalore State","Wilson Garden",30412,"LALBAGH","Independent  Balwadi",,,,,,
"PRESCHOOL","Bangalore","Bangalore State","Wilson Garden",31197,"JAKKASANDRA","Anganwadi",,,,,,
"PRESCHOOL","Bangalore","Bangalore State","Wilson Garden",31188,"SIDDARAT COLONY 3","Anganwadi",,,,,,
"PRESCHOOL","Bangalore","Bangalore State","Wilson Garden",31152,"SIDDARAT COLONY 2","Anganwadi",,,,,,
"PRESCHOOL","Bangalore","Bangalore State","Wilson Garden",31515,"LALBAGH SIDDAPURA","Anganwadi",,,,,,
"PRESCHOOL","Bangalore","Bangalore State","Wilson Garden",34067,"ADUGODI POLICE QUARTRESS","Independent  Balwadi",,,,,,
"PRESCHOOL","Bangalore","Bangalore State","Wilson Garden",30643,"BUNDAY SLUM","Anganwadi",,,,,,
"PRESCHOOL","Bangalore","Bangalore State","Wilson Garden",31457,"ANJANNAYYA SLUM 1","Anganwadi",,,,,,
"PRESCHOOL","Bangalore","Bangalore State","Wilson Garden",30410,"SIDDA PURA","Independent  Balwadi",,,,,,
"PRESCHOOL","Bangalore","Bangalore State","Wilson Garden",34160,"JAKKASANDRA  2","Anganwadi",,,,,,
"PRESCHOOL","Bangalore","Bangalore State","Wilson Garden",31151,"SIDDARAT COLONY","Anganwadi",,,,,,
"PRESCHOOL","Bangalore","Bangalore State","Wilson Garden",35114,"ADUGODI II","Anganwadi",,,,,,
"PRESCHOOL","Bangalore","Bangalore State","Yashwanthpura",30510,"KAMALANAGARA 1 SLUM","Anganwadi",,,,,,
"PRESCHOOL","Bangalore","Bangalore State","Yashwanthpura",29628,"N.P BLOCK 2","Anganwadi",,,,,,
"PRESCHOOL","Bangalore","Bangalore State","Yashwanthpura",29666,"SWATANTRAPALYA2","Anganwadi",,,,,,
"PRESCHOOL","Bangalore","Bangalore State","Yashwanthpura",30508,"KAMALA NAGAR 2 BASAVANA DEVASTHANA","Anganwadi",,,,,,
"PRESCHOOL","Bangalore","Bangalore State","Yashwanthpura",31419,"SHASTRI NAGAR 1","Anganwadi",,,,,,
"PRESCHOOL","Bangalore","Bangalore State","Yashwanthpura",30495,"AMBEDKAR NAGAR 2A","Anganwadi",,,,,,
"PRESCHOOL","Bangalore","NON NOTIFIED SLUM","ASHRAYA NAGAR",35851,"ASHRAYA NAGAR","Akshara Balwadi",,,,,,
"PRESCHOOL","Bangalore","NON NOTIFIED SLUM","DODDA BANASAWADI",35874,"OMBR LAYOUT","Akshara Balwadi",,,,,,
"PRESCHOOL","Bangalore","NON NOTIFIED SLUM","PANTHARAPALYA",35856,"PANTHARAPALYA 3","Akshara Balwadi",,,,,,
"PRESCHOOL","Bangalore","NON NOTIFIED SLUM","PANTHARAPALYA",35855,"PANTHARAPALYA 2","Akshara Balwadi",,,,,,
"PRESCHOOL","Bangalore","NON NOTIFIED SLUM","PANTHARAPALYA",35857,"PANTHARAPALYA 4","Akshara Balwadi",,,,,,
"PRESCHOOL","Bangalore","NON NOTIFIED SLUM","PANTHARAPALYA",35854,"PANTHARAPALYA 1","Akshara Balwadi",,,,,,
"PRESCHOOL","Bangalore","NON NOTIFIED SLUM","VERABADRA NAGAR",35859,"VERABADRA NAGAR 2","Akshara Balwadi",,,,,,
"PRESCHOOL","Bangalore","NON NOTIFIED SLUM","VERABADRA NAGAR",35858,"VERABADRA NAGAR 1","Akshara Balwadi",,,,,,
"PRESCHOOL","Bangalore","NON NOTIFIED SLUM","YARUB NAGAR",35852,"YARUB NAGAR 1","Akshara Balwadi",,,,,,
"PRESCHOOL","Bangalore","NON NOTIFIED SLUM","YARUB NAGAR",35853,"YARUB NAGAR 2","Akshara Balwadi",,,,,,
"PRESCHOOL","Bangalore","Sumangali seva Ashrama ","Audugodi",30392,"AUDUGODI","Anganwadi",,,,,,
"PRESCHOOL","Bangalore","Sumangali seva Ashrama ","Audugodi",30398,"AUDUGODI 2","Independent  Balwadi",,,,,,
"PRESCHOOL","Bangalore","Sumangali seva Ashrama ","Audugodi",30401,"HULIMAAVU","Independent  Balwadi",,,,,,
"PRESCHOOL","Bangalore","Sumangali seva Ashrama ","Audugodi",30402,"AUDUGODI POLICE QUTRAS BANGALORE 30","Independent  Balwadi",,,,,,
"PRESCHOOL","Bangalore","Sumangali seva Ashrama ","Dodda Banaswadi",30315,"KARIYAPPA COLONY","Anganwadi",,,,,,
"PRESCHOOL","Bangalore","Sumangali seva Ashrama ","Dodda Banaswadi",29606,"VIJNAPURA","Anganwadi",,,,,,
"PRESCHOOL","Bangalore","Sumangali seva Ashrama ","Dodda Banaswadi",30573,"VIJINAPURA RAILWAY STATION","Anganwadi",,,,,,
"PRESCHOOL","Bangalore","Sumangali seva Ashrama ","Dodda Banaswadi",34126,"SONNAPPA GARDEN 2","Independent  Balwadi",,,,,,
"PRESCHOOL","Bangalore","Sumangali seva Ashrama ","Dodda Banaswadi",34137,"SUGAR MANDI","Independent  Balwadi",,,,,,
"PRESCHOOL","Bangalore","Sumangali seva Ashrama ","Dodda Banaswadi",34117,"SONNAPPA GARDEN","Independent  Balwadi",,,,,,
"PRESCHOOL","Bangalore","Sumangali seva Ashrama ","Dodda Banaswadi",30450,"RAMASWAMIPALYA","Independent  Balwadi",,,,,,
"PRESCHOOL","Bangalore","Sumangali seva Ashrama ","Dodda Banaswadi",30224,"PERIYAR NAGARA 2","Akshara Balwadi",,,,,,
"PRESCHOOL","Bangalore","Sumangali seva Ashrama ","Dodda Banaswadi",34129,"MUSLIM COLONY","Independent  Balwadi",,,,,,
"PRESCHOOL","Bangalore","Sumangali seva Ashrama ","Dodda Banaswadi",30313,"VENKESH PURAM","Anganwadi",,,,,,
"PRESCHOOL","Bangalore","Sumangali seva Ashrama ","Dodda Banaswadi",29582,"JOSEP GARDEN","Independent  Balwadi",,,,,,
"PRESCHOOL","Bangalore","Sumangali seva Ashrama ","Dodda Banaswadi",34143,"MUSLIM COLONY 2","Independent  Balwadi",,,,,,
"PRESCHOOL","Bangalore","Sumangali seva Ashrama ","Dodda Banaswadi",34161,"SUGAR MANDI 1","Anganwadi",,,,,,
"PRESCHOOL","Bangalore","Sumangali seva Ashrama ","Kadugondanahalli",30583,"BRUNDAVANANAGARA","Anganwadi",,,,,,
"PRESCHOOL","Bangalore","Sumangali seva Ashrama ","Kadugondanahalli",30465,"DARGA MOHOLLA","Independent  Balwadi",,,,,,
"PRESCHOOL","Bangalore","Sumangali seva Ashrama ","Kadugondanahalli",30470,"BYRASANDRA","Independent  Balwadi",,,,,,
"PRESCHOOL","Bangalore","Sumangali seva Ashrama ","Kadugondanahalli",31277,"VEERANPALYA","Anganwadi",,,,,,
"PRESCHOOL","Bangalore","Sumangali seva Ashrama ","Kodihalli",34162,"ISLAMPURA  1","Independent  Balwadi",,,,,,
"PRESCHOOL","Bangalore","Sumangali seva Ashrama ","Kodihalli",29701,"G.M. PALYA","Anganwadi",,,,,,
"PRESCHOOL","Bangalore","Sumangali seva Ashrama ","Kodihalli",34133,"G.M PALYA 1","Independent  Balwadi",,,,,,
"PRESCHOOL","Bangalore","Sumangali seva Ashrama ","Kodihalli",29645,"ANANDA PURAM","Independent  Balwadi",,,,,,
"PRESCHOOL","Bangalore","Sumangali seva Ashrama ","Kodihalli",34134,"SULTHAN PALYA","Independent  Balwadi",,,,,,
"PRESCHOOL","Bangalore","Sumangali seva Ashrama ","Kodihalli",29690,"ANANDA PURAM 1ST MAIN","Independent  Balwadi",,,,,,
"PRESCHOOL","Bangalore","Sumangali seva Ashrama ","Kodihalli",34136,"ANANDAPURAM","Independent  Balwadi",,,,,,
"PRESCHOOL","Bangalore","Sumangali seva Ashrama ","Kodihalli",34138,"ISLAMPURA","Independent  Balwadi",,,,,,
"PRESCHOOL","Bangalore","Sumangali seva Ashrama ","Kodihalli",34140,"ISLAMPURA  2","Independent  Balwadi",,,,,,
"PRESCHOOL","Bangalore","Sumangali seva Ashrama ","Kodihalli",34146,"MALLESHPALYA","Independent  Balwadi",,,,,,
"PRESCHOOL","Bangalore","Sumangali seva Ashrama ","Kodihalli",29649,"JOUTHI NAGAR","Independent  Balwadi",,,,,,
"PRESCHOOL","Bangalore","Sumangali seva Ashrama ","Kodihalli",34141,"ANANDPURA 2","Independent  Balwadi",,,,,,
"PRESCHOOL","Bangalore","Sumangali seva Ashrama ","Koramangala",31103,"P K R NAGAR(MAYABAZAR)","Anganwadi",,,,,,
"PRESCHOOL","Bangalore","Sumangali seva Ashrama ","Koramangala",30781,"VENKTPURA","Independent  Balwadi",,,,,,
"PRESCHOOL","Bangalore","Sumangali seva Ashrama ","Koramangala",30471,"E.W.S QUERTERS","Independent  Balwadi",,,,,,
"PRESCHOOL","Bangalore","Sumangali seva Ashrama ","Koramangala",31041,"SHASTRI NAGAR 2","Anganwadi",,,,,,
"PRESCHOOL","Bangalore","Sumangali seva Ashrama ","Koramangala",35484,"P.K.R NAGAR","Anganwadi",,,,,,
"PRESCHOOL","Bangalore","Sumangali seva Ashrama ","Koramangala",30387,"AUDUGODI 5","Anganwadi",,,,,,
"PRESCHOOL","Bangalore","Sumangali seva Ashrama ","Murphy Town",29660,"ISLAM PURA 1 ST MAIN","Independent  Balwadi",,,,,,
"PRESCHOOL","Bangalore","Sumangali seva Ashrama ","Murphy Town",34127,"ANANDAPURA","Independent  Balwadi",,,,,,
"PRESCHOOL","Bangalore","Sumangali seva Ashrama ","Murphy Town",34135,"GOVINDAPURA 3","Independent  Balwadi",,,,,,
"PRESCHOOL","Bangalore","Sumangali seva Ashrama ","Murphy Town",31363,"ISLAMPURA 2","Anganwadi",,,,,,
"PRESCHOOL","Bangalore","Sumangali seva Ashrama ","Murphy Town",34124,"JYOTHINAGAR 1","Independent  Balwadi",,,,,,
"PRESCHOOL","Bangalore","Sumangali seva Ashrama ","Murphy Town",31435,"HOSABYPANAHALLI","Anganwadi",,,,,,
"PRESCHOOL","Bangalore","Sumangali seva Ashrama ","Murphy Town",34132,"GOVINDAPURA 2","Independent  Balwadi",,,,,,
"PRESCHOOL","Bangalore","Sumangali seva Ashrama ","Murphy Town",34122,"JYOTHINAGAR","Independent  Balwadi",,,,,,
"PRESCHOOL","Bangalore","Sumangali seva Ashrama ","Murphy Town",35491,"ANNASANDRA PALYA","Independent  Balwadi",,,,,,
"PRESCHOOL","Bangalore","Sumangali seva Ashrama ","Murphy Town",31368,"ISLAMPURA 1","Anganwadi",,,,,,
"PRESCHOOL","Bangalore","Sumangali seva Ashrama ","Murphy Town",29688,"ANANDA PURAM 1","Independent  Balwadi",,,,,,
"PRESCHOOL","Bangalore","Sumangali seva Ashrama ","Murphy Town",31509,"DODDIGUNTE (EX)","Anganwadi",,,,,,
"PRESCHOOL","Bangalore","Sumangali seva Ashrama ","Murphy Town",29658,"ISLAM PURA 2 MENI","Independent  Balwadi",,,,,,
"PRESCHOOL","Bangalore","Sumangali seva Ashrama ","Murphy Town",34128,"GOVINDAPURA 1","Independent  Balwadi",,,,,,
"PRESCHOOL","Bangalore","Sumangali seva Ashrama ","Murphy Town",34131,"ANANDAPURA 1","Independent  Balwadi",,,,,,
"PRESCHOOL","Bangalore","Sumangali seva Ashrama ","Murphy Town",34115,"SHIVAJINAGAR","Independent  Balwadi",,,,,,
"PRESCHOOL","Bangalore","Sumangali seva Ashrama ","Rajendranagara",30375,"L R NAGAR","Anganwadi",,,,,,
"PRESCHOOL","Bangalore","Sumangali seva Ashrama ","shakthi",29589,"MODI ROAD MODI MASJEED D J HALLI","Independent  Balwadi",,,,,,
"PRESCHOOL","Bangalore","Sumangali seva Ashrama ","shakthi",29591,"SUGER MANDI DJ HALLI","Independent  Balwadi",,,,,,
"PRESCHOOL","Bangalore","Sumangali seva Ashrama ","shakthi",29595,"KHUSHAL NAGAR KB SANDERA","Independent  Balwadi",,,,,,
"PRESCHOOL","Bangalore","Sumangali seva Ashrama ","shanthi",30223,"PERIYAR NAGARA 2","Anganwadi",,,,,,
"PRESCHOOL","Bangalore","Sumangali seva Ashrama ","spoorthi",29602,"JEEVANBHIMANAGAR","Anganwadi",,,,,,
"PRESCHOOL","Bangalore","Sumangali seva Ashrama ","Sultanpalya",35468,"RAGGAPPA BLOCK","Independent  Balwadi",,,,,,
"PRESCHOOL","Bangalore","Sumangali seva Ashrama ","Sultanpalya",30975,"DODDANNANAGARA","Independent  Balwadi",,,,,,
"PRESCHOOL","Bangalore","Sumangali seva Ashrama ","Sultanpalya",30287,"NEW BAGALUR","Anganwadi",,,,,,
"PRESCHOOL","Bangalore","Sumangali seva Ashrama ","Sultanpalya",34130,"MODI ROAD 2","Independent  Balwadi",,,,,,
"PRESCHOOL","Bangalore","Sumangali seva Ashrama ","Sultanpalya",34144,"REHMATH NAGAR","Independent  Balwadi",,,,,,
"PRESCHOOL","Bangalore","Sumangali seva Ashrama ","Sultanpalya",35474,"CHIKKANA LINE D J HALLI","Independent  Balwadi",,,,,,
"PRESCHOOL","Bangalore","Sumangali seva Ashrama ","Sultanpalya",30585,"SONNAPPA GARDAN","Anganwadi",,,,,,
"PRESCHOOL","Bangalore","Sumangali seva Ashrama ","Sultanpalya",30983,"GANDHINAGAR 1","Anganwadi",,,,,,
"PRESCHOOL","Bangalore","Sumangali seva Ashrama ","Sultanpalya",30594,"D.J.HALLI  (1)","Anganwadi",,,,,,
"PRESCHOOL","Bangalore","Sumangali seva Ashrama ","Sultanpalya",34125,"AMBEDKAR COLLEGE","Independent  Balwadi",,,,,,
"PRESCHOOL","Bangalore","Sumangali seva Ashrama ","Sultanpalya",34142,"BANGAR GIRI","Independent  Balwadi",,,,,,
"PRESCHOOL","Bangalore","Sumangali seva Ashrama ","Sultanpalya",30357,"SWAKAAR LINE","Akshara Balwadi",,,,,,
"PRESCHOOL","Bangalore","Sumangali seva Ashrama ","Sultanpalya",35487,"CHAMUNDI NAGAR I","Independent  Balwadi",,,,,,
"PRESCHOOL","Bangalore","Sumangali seva Ashrama ","Sultanpalya",34123,"OLD PNT COLONY","Independent  Balwadi",,,,,,
"PRESCHOOL","Bangalore","Sumangali seva Ashrama ","Sultanpalya",30785,"MODI GARDEN EDGA MOHULLA","Independent  Balwadi",,,,,,
"PRESCHOOL","Bangalore","Sumangali seva Ashrama ","Sultanpalya",30348,"D J HALLI","Anganwadi",,,,,,
"PRESCHOOL","Bangalore","Sumangali seva Ashrama ","Sultanpalya",30985,"EIDGA MAHULLA 1","Anganwadi",,,,,,
"PRESCHOOL","Bangalore","Sumangali seva Ashrama ","Sultanpalya",34119,"YASIN NAGARA","Independent  Balwadi",,,,,,
"PRESCHOOL","Bangalore","Sumangali seva Ashrama ","Sultanpalya",34152,"JANI BI COMPOUND","Independent  Balwadi",,,,,,
"PRESCHOOL","Bangalore","Sumangali seva Ashrama ","Sultanpalya",35488,"PERIYAR NAGAR","Independent  Balwadi",,,,,,
"PRESCHOOL","Bangalore","Sumangali seva Ashrama ","Sultanpalya",31288,"BASSAPA LANE","Anganwadi",,,,,,
"PRESCHOOL","Bangalore","Sumangali seva Ashrama ","Sultanpalya",30363,"DADDANAGAR","Anganwadi",,,,,,
"PRESCHOOL","Bangalore","Sumangali seva Ashrama ","Sultanpalya",30994,"TANKA MOHULLA","Anganwadi",,,,,,
"PRESCHOOL","Bangalore","Sumangali seva Ashrama ","Sultanpalya",30354,"SONNAPP GARDAN D J HALLI","Independent  Balwadi",,,,,,
"PRESCHOOL","Bangalore","Sumangali seva Ashrama ","Sultanpalya",34116,"CHAMUNDI NAGAR","Independent  Balwadi",,,,,,
"PRESCHOOL","Bangalore","Sumangali seva Ashrama ","Sultanpalya",34118,"SHIVAJINAGAR 1","Independent  Balwadi",,,,,,
"PRESCHOOL","Bangalore","Sumangali seva Ashrama ","Sultanpalya",34120,"A K COLONY","Independent  Balwadi",,,,,,
"PRESCHOOL","Bangalore","Sumangali seva Ashrama ","Sultanpalya",34121,"RIZWAN COMPOUND","Independent  Balwadi",,,,,,
