'heirarchy','district','proj/block','circle/cluster','ID','SCHOOLNAME','CATEGORY_DESC',' '
'PRESCHOOL','Bangalore','Bangalore State','Yashwanthpura',30510,'KAMALANAGARA 1 SLUM','Anganwadi',' '
'PRESCHOOL','Bangalore','BANGALORE NORTH (Yelahanka)','Kodigenahalli',31329,'POORNAPURA','Anganwadi',' '
'PRESCHOOL','Bangalore','BANGALORE NORTH (Yelahanka)','Yalahanka',30590,'JAKKUR LAYOUT 2','Anganwadi',' '
'PRESCHOOL','Bangalore','BANGALORE NORTH (Yelahanka)','Hreohalli',31022,'HREOHALLI','Anganwadi',' '
'SCHOOL','BANGLORE  ','NORTH-1','KAMAKSHIPALYA',32360,'GKMPS KAMAKSHIPALYA','Upper Primary',' '
'PRESCHOOL','Bangalore','BANGALORE NORTH (Yelahanka)','Baglur',31503,'KADUYARAPPANAHALLI','Anganwadi',' '
'PRESCHOOL','Bangalore','Bangalore south(Banashankari)','Kaggalipura',29674,'TO BE DELETED RAUVGODLU','Akshara Balwadi',' '
'PRESCHOOL','Bangalore','Bangalore south(Banashankari)','Kaggalipura',29678,'GANDINAGAR','Anganwadi',' '
'PRESCHOOL','Bangalore','Sumangali seva Ashrama ','Koramangala',31103,'P K R NAGAR(MAYABAZAR)','Anganwadi',' '
'PRESCHOOL','Bangalore','BANGALORE NORTH (Yelahanka)','Baglur',31538,'SINGAHALLI','Anganwadi',' '
'SCHOOL','BANGLORE  ','SOUTH-1','GANAPATHI HALLI',32108,'GKHPS GANAPATHI HALLI','Upper Primary',' '
'PRESCHOOL','Bangalore','BANGALORE NORTH (Yelahanka)','Sondekoppa',30996,'ARKAVATHINAGAR','Anganwadi',' '
'SCHOOL','BANGLORE  ','SOUTH-2','CHAMARAJPET',32129,'GTHPS OLD FORT','Upper Primary',' '
'SCHOOL','BANGLORE  ','SOUTH-3','BYARSANDRA',32143,'GKHPS 4TH T BLOCK JAYANAGAR','Upper Primary',' '
'PRESCHOOL','Bangalore','Bangalore central ','Kithuru Rani Channamma 3rd Circle',31458,'ANANDA PURAM 5','Anganwadi',' '
'SCHOOL','BANGLORE  ','SOUTH-3','KONANAKUNTE',32458,'GKLPS SARAKKI AGRAHARA','Lower Primary',' '
'PRESCHOOL','Bangalore','Bangalore central ','Kithuru Rani Channamma 3rd Circle',30440,'SIDDARATHNAGAR','Independent  Balwadi',' '
'PRESCHOOL','Bangalore','Bangalore central ','Netaji 2nd Circle',30441,'PADRAYANPURA 5','Independent  Balwadi',' '
'PRESCHOOL','Bangalore','BANGALORE NORTH (Yelahanka)','Bettahalasuru',30856,'BETTAHALASURU 2','Anganwadi',' '
'PRESCHOOL','Bangalore','BANGALORE NORTH (Yelahanka)','Yalahanka',30872,'BYATARAYANAPURA 2','Anganwadi',' '
'PRESCHOOL','Bangalore','Bangalore south(Banashankari)','K Gollahalli',30699,'K GOLLAHALLI','Anganwadi',' '
'PRESCHOOL','Bangalore','Bangalore south(Banashankari)','Kengeri circle',30947,'DEVARABISANA HALLI','Anganwadi',' '
'PRESCHOOL','Bangalore','BANGALORE NORTH (Yelahanka)','Kodigenahalli',30584,'HEBBAL','Anganwadi',' '
'PRESCHOOL','Bangalore','BANGALORE NORTH (Yelahanka)','Bagalu gunte',30777,'MARAMMALAKSHMIDEVASTHANA','Anganwadi',' '
'PRESCHOOL','Bangalore','BANGALORE NORTH (Yelahanka)','Kodigenahalli',31296,'GEDDALAHALLI','Anganwadi',' '
'PRESCHOOL','Bangalore','Sumangali seva Ashrama ','shakthi',29589,'MODI ROAD MODI MASJEED D J HALLI','Independent  Balwadi',' '
'PRESCHOOL','Bangalore','Sumangali seva Ashrama ','Murphy Town',29660,'ISLAM PURA 1 ST MAIN','Independent  Balwadi',' '
'PRESCHOOL','Bangalore','Bangalore south(Banashankari)','Byrathi',30665,'JODIHUSKURU','Anganwadi',' '
'PRESCHOOL','Bangalore','BANGALORE NORTH (Yelahanka)','Hesaragatta',30772,'SHIVAKOTE','Anganwadi',' '
'PRESCHOOL','Bangalore','BANGALORE NORTH (Yelahanka)','Sonnenahali',31225,'SEERESANDRA','Anganwadi',' '
'PRESCHOOL','Bangalore','BANGALORE NORTH (Yelahanka)','Kodigenahalli',31293,'KB SANDRA 2','Anganwadi',' '
'PRESCHOOL','Bangalore','BANGALORE NORTH (Yelahanka)','Chikkajala',31319,'CHANNAHALLI 1','Anganwadi',' '
'PRESCHOOL','Bangalore','BANGALORE NORTH (Yelahanka)','Sonnenahali',31534,'KARLAPURA PALYA','Anganwadi',' '
'PRESCHOOL','Bangalore','BANGALORE NORTH (Yelahanka)','Chikkajala',31535,'MEESUGANA HALLI','Anganwadi',' '
'PRESCHOOL','Bangalore','Bangalore central ','Kithuru Rani Channamma 3rd Circle',31432,'GORIPALYA 2ND','Anganwadi',' '
'PRESCHOOL','Bangalore','BANGALORE NORTH (Yelahanka)','Bettahalasuru',30841,'NARYIANAPURA','Anganwadi',' '
'PRESCHOOL','Bangalore','BANGALORE NORTH (Yelahanka)','Bettahalasuru',30843,'MUTHUGADAHALLI','Anganwadi',' '
'PRESCHOOL','Bangalore','BANGALORE NORTH (Yelahanka)','Sonnenahali',30859,'RAMAGONDANA HALLI 2','Anganwadi',' '
'PRESCHOOL','Bangalore','BANGALORE NORTH (Yelahanka)','Sonnenahali',34081,'KENCHANAHALLI','Anganwadi',' '
'PRESCHOOL','Bangalore','BANGALORE NORTH (Yelahanka)','Sonnenahali',31217,'CHANNASANDRA','Anganwadi',' '
'PRESCHOOL','Bangalore','Bangalore south(Banashankari)','Begure',29535,'KONAPPANA AGRAHARA','Anganwadi',' '
'PRESCHOOL','Bangalore','Bangalore central ','Sir M Vishweshwariah 1st Circle',34096,'CHOLURPALAYA','Independent  Balwadi',' '
'PRESCHOOL','Bangalore','BANGALORE NORTH (Yelahanka)','Kodigenahalli',29579,'TO BE DELETED MODI ROAD MODI MASJEED','Independent  Balwadi',' '
'PRESCHOOL','Bangalore','BANGALORE NORTH (Yelahanka)','Sonnenahali',33880,'GANTIGANA HALLI','Anganwadi',' '
'PRESCHOOL','Bangalore','BANGALORE NORTH (Yelahanka)','Kadugondanahalli',33882,'LINGARAJ PURAM 2','Anganwadi',' '
'PRESCHOOL','Bangalore','BANGALORE NORTH (Yelahanka)','Yalahanka',33885,'AMRUTHHALLI KENDA  2','Anganwadi',' '
'PRESCHOOL','Bangalore','BANGALORE NORTH (Yelahanka)','Mallasandra',33964,'KALLASTHINAGARA T DASARAHALLI','Anganwadi',' '
'PRESCHOOL','Bangalore','BANGALORE NORTH (Yelahanka)','Baglur',30858,'BAGLUR COLONY','Anganwadi',' '
'PRESCHOOL','Bangalore','Bangalore south(Banashankari)','Begure',30452,'YEELU KUNTE','Independent  Balwadi',' '
'SCHOOL','BANGLORE  ','SOUTH-1','HOSAKEREHALLI',32739,'GKLPS CHIKKALASANDRA','Lower Primary',' '
'PRESCHOOL','Bangalore','BANGALORE NORTH (Yelahanka)','Sonnenahali',30724,'KARLAPURA','Anganwadi',' '
'PRESCHOOL','Bangalore','ANEKAL TALUK  ','Mahantalingapura',30902,'KULUMEPALYA','Anganwadi',' '
'PRESCHOOL','Bangalore','Bangalore State','Banashankari',30702,'MARIYANAHALLI 2','Anganwadi',' '
'PRESCHOOL','Bangalore','BANGALORE NORTH (Yelahanka)','Hreohalli',31008,'KENGUNTE  1','Anganwadi',' '
'SCHOOL','BANGLORE  ','SOUTH-1','UTTARA HALLI',32816,'GKHPS CHANDRANAGAR','Upper Primary',' '
'PRESCHOOL','Bangalore','ANEKAL TALUK  ','Marasur',33935,'MARASUR GATE TO BE DELETE','Anganwadi',' '
'PRESCHOOL','Bangalore','BANGALORE NORTH (Yelahanka)','Yalahanka',33948,'MARUTHI NAGAR','Anganwadi',' '
'PRESCHOOL','Bangalore','Bangalore central ','Netaji 2nd Circle',34089,'ARFATH NAGAR','Anganwadi',' '
'PRESCHOOL','Bangalore','BANGALORE NORTH (Yelahanka)','Sonnenahali',33816,'KAMAKSHI PURA','Anganwadi',' '
'PRESCHOOL','Bangalore','Bangalore central ','Gangondanahalli',30411,'AHMED NAGAR','Anganwadi',' '
'PRESCHOOL','Bangalore','BANGALORE NORTH (Yelahanka)','Bettahalasuru',33639,'TARAHUNASE I','Anganwadi',' '
'PRESCHOOL','Bangalore','BANGALORE NORTH (Yelahanka)','Baglur',33871,'CHAGALETTI','Anganwadi',' '
'PRESCHOOL','Bangalore','Bangalore central ','Sir M Vishweshwariah 1st Circle',35115,'ARUNDHOTHINAGAR','Anganwadi',' '
'PRESCHOOL','Bangalore','BANGALORE NORTH (Yelahanka)','Baglur',29710,'MARASANDRA','Anganwadi',' '
'PRESCHOOL','Bangalore','NON NOTIFIED SLUM','YARUB NAGAR',35852,'YARUB NAGAR 1','Akshara Balwadi',' '
'PRESCHOOL','Bangalore','BANGALORE NORTH (Yelahanka)','Hreohalli',35329,'HEGGANAHALLI','Independent  Balwadi',' '
'PRESCHOOL','Bangalore','BANGALORE NORTH (Yelahanka)','Kadugondanahalli',35342,'D J HALLI I','Anganwadi',' '
'PRESCHOOL','Bangalore','BANGALORE NORTH (Yelahanka)','Baglur',31493,'GOPAL PURA 1','Anganwadi',' '
'PRESCHOOL','Bangalore','Bangalore State','Yashwanthpura',29628,'N.P BLOCK 2','Anganwadi',' '
'SCHOOL','BANGALORE RURAL','HOSAKOTE','SULIBELE',35882,'G HPS ATTIBELE','Upper Primary',' '
'SCHOOL','BANGALORE RURAL','HOSAKOTE','BEGURU',35888,'G HPS E. MUTHASANDRA','Upper Primary',' '
'SCHOOL','BANGALORE RURAL','HOSAKOTE','BEGURU',35899,'G ULPS CHIKKA HULLURU','Lower Primary',' '
'SCHOOL','BANGALORE RURAL','HOSAKOTE','NELAVAGILU',35906,'G LPS LAKSHMIPURA','Lower Primary',' '
'SCHOOL','BANGALORE RURAL','HOSAKOTE','NELAVAGILU',35911,'G LPS YETHONODEYANAPURA','Lower Primary',' '
'SCHOOL','BANGALORE RURAL','HOSAKOTE','NELAVAGILU',35927,'G LPS MARASANDAHALLI','Lower Primary',' '
'SCHOOL','BANGALORE RURAL','HOSAKOTE','NELAVAGILU',35929,'G LPS SHIVANAPURA','Lower Primary',' '
'SCHOOL','BANGALORE RURAL','HOSAKOTE','THAVAREKERE',35935,'G LPS KALAPPANAHALLI','Lower Primary',' '
'SCHOOL','BANGALORE RURAL','HOSAKOTE','THAVAREKERE',35939,'G HPS HETTAKKI','Upper Primary',' '
'SCHOOL','BANGALORE RURAL','HOSAKOTE','THAVAREKERE',35941,'G LPS GANGAPURA','Lower Primary',' '
'PRESCHOOL','Bangalore','Bangalore State','Banashankari',34114,'MARENAHALLI M.T.B','Independent  Balwadi',' '
'SCHOOL','BANGALORE RURAL','HOSAKOTE','THAVAREKERE',35950,'G HPS UMMALU','Upper Primary',' '
'SCHOOL','BANGALORE RURAL','HOSAKOTE','THAVAREKERE',35952,'G LPS ALAGONDANAHALLI','Lower Primary',' '
'SCHOOL','BANGALORE RURAL','HOSAKOTE','JADIGENAHALLI',35966,'G HPS JADIGENAHALLI','Upper Primary',' '
'SCHOOL','BANGALORE RURAL','HOSAKOTE','SAMETHANAHALLI',35972,'G HPS MALLASANDRA','Upper Primary',' '
'SCHOOL','BANGALORE RURAL','HOSAKOTE','SAMETHANAHALLI',35975,'G HPS THIRUMALA SHETTIHALLI','Upper Primary',' '
'SCHOOL','BANGALORE RURAL','HOSAKOTE','DEVANAGUNDI',35994,'G HPS DEVANAGUNDI','Upper Primary',' '
'SCHOOL','BANGALORE RURAL','HOSAKOTE','DEVANAGUNDI',35996,'G UHPS MUTHKURU','Upper Primary',' '
'SCHOOL','BANGALORE RURAL','HOSAKOTE','DEVANAGUNDI',36000,'G LPS HANDENAHALLI','Lower Primary',' '
'SCHOOL','BANGALORE RURAL','HOSAKOTE','HOSAKOTE TOWN',36007,'G LPS S. GUTTAHALLI','Lower Primary',' '
'SCHOOL','BANGALORE RURAL','HOSAKOTE','HOSAKOTE TOWN',36008,'G HPS DODDA GATTIGANABBE','Upper Primary',' '
'SCHOOL','BANGALORE RURAL','HOSAKOTE','HOSAKOTE TOWN',36011,'G HPS CHIKKA GATTIGANABBE','Upper Primary',' '
'SCHOOL','BANGALORE RURAL','HOSAKOTE','HOSAKOTE TOWN',36015,'G LPS SIDDARTHA NAGARA','Lower Primary',' '
'SCHOOL','BANGALORE RURAL','HOSAKOTE','BENDIGANAHALLI',36034,'G HPS T AGRAHARA','Upper Primary',' '
'SCHOOL','BANGALORE RURAL','HOSAKOTE','SHIVANAPURA',36050,'G LPS CT GOLLAHALLI','Lower Primary',' '
'SCHOOL','BANGALORE RURAL','HOSAKOTE','SHIVANAPURA',36060,'G HPS GOTTIPURA','Upper Primary',' '
'SCHOOL','BANGALORE RURAL','HOSAKOTE','NANDAGUDI',36066,'G HPS E HOSAHALLI','Upper Primary',' '
'SCHOOL','BANGALORE RURAL','HOSAKOTE','NANDAGUDI',36084,'G LPS CHOKKASANDRA','Lower Primary',' '
'SCHOOL','BANGALORE RURAL','HOSAKOTE','VAGATA',36090,'G UHPS KATTIGENAHALLI','Upper Primary',' '
'SCHOOL','BANGALORE RURAL','HOSAKOTE','VAGATA',36093,'G ULPS VAGATA','Lower Primary',' '
'SCHOOL','BANGALORE RURAL','HOSAKOTE','ALAPPANAHALLI',36129,'G HPS ALAPPANAHALLI','Upper Primary',' '
'SCHOOL','BANGALORE RURAL','HOSAKOTE','SULIBELE',36141,'G ULPS JANATHA COLONY','Lower Primary',' '
'PRESCHOOL','Bangalore','Sumangali seva Ashrama ','Murphy Town',34127,'ANANDAPURA','Independent  Balwadi',' '
'PRESCHOOL','Bangalore','Sumangali seva Ashrama ','Murphy Town',34135,'GOVINDAPURA 3','Independent  Balwadi',' '
'PRESCHOOL','Bangalore','Bangalore south(Banashankari)','konnana kunte',34151,'HULIVAVU 1','Independent  Balwadi',' '
'PRESCHOOL','Bangalore','BANGALORE NORTH (Yelahanka)','Yalahanka',30875,'AMRUTHAHALLI( EX)','Anganwadi',' '
'PRESCHOOL','Bangalore','BANGALORE NORTH (Yelahanka)','Yalahanka upnagar',31414,'MOODALAPALYA','Anganwadi',' '
'PRESCHOOL','Bangalore','Bangalore south(Banashankari)','Jeevanbhima Nagar',29637,'ISLAM PURA','Independent  Balwadi',' '
'PRESCHOOL','Bangalore','Sumangali seva Ashrama ','Sultanpalya',35468,'RAGGAPPA BLOCK','Independent  Balwadi',' '
'PRESCHOOL','Bangalore','BANGALORE NORTH (Yelahanka)','Kodigenahalli',35473,'MATHIKERE','Independent  Balwadi',' '
'PRESCHOOL','Bangalore','BANGALORE NORTH (Yelahanka)','Gopalapura',30509,'BETHANGERE DELETE','Anganwadi',' '
'PRESCHOOL','Bangalore','Bangalore central ','Triveni 5th Circle',31477,'NAGAMMA NAGAR','Anganwadi',' '
'PRESCHOOL','Bangalore','BANGALORE NORTH (Yelahanka)','Baglur',31492,'MYLANA HALLI','Anganwadi',' '
'PRESCHOOL','Bangalore','BANGALORE NORTH (Yelahanka)','Baglur',31496,'B K HALLI','Anganwadi',' '
'PRESCHOOL','Bangalore','BANGALORE NORTH (Yelahanka)','Chikkajala',31497,'SHRINIVASA PURA','Anganwadi',' '
'PRESCHOOL','Bangalore','Bangalore south(Banashankari)','kadugodi',30577,'NAGESHVARA NAGENAHALLI','Anganwadi',' '
'PRESCHOOL','Bangalore','Sumangali seva Ashrama ','Kadugondanahalli',30583,'BRUNDAVANANAGARA','Anganwadi',' '
'PRESCHOOL','Bangalore','Sumangali seva Ashrama ','Koramangala',30781,'VENKTPURA','Independent  Balwadi',' '
'SCHOOL','BANGLORE  ','BMP-1','BMPCLUSTER',33446,'eGov Test School','Lower Primary',' '
'PRESCHOOL','Bangalore','ANEKAL TALUK  ','Mahantalingapura',31513,'VADERA MANCHANAHALLI','Anganwadi',' '
'PRESCHOOL','Bangalore','ANEKAL TALUK  ','Hebbagodi',31523,'CHITHALA MADIARALA','Anganwadi',' '
'PRESCHOOL','Bangalore','BANGALORE NORTH (Yelahanka)','Hreohalli',30522,'DODDABASTHI','Anganwadi',' '
'PRESCHOOL','Bangalore','Bangalore central ','Kuvempunagar 4th Circle',30992,'SHANKARAMATA (M G SLUM)','Anganwadi',' '
'PRESCHOOL','Bangalore','Bangalore south(Banashankari)','K.R.Puram',30944,'KAVERINAGAR 1','Anganwadi',' '
'SCHOOL','BANGLORE  ','BMP-1','BMPCLUSTER',32103,'CPS NEELASANDRA','Lower Primary',' '
'PRESCHOOL','Bangalore','Sumangali seva Ashrama ','Sultanpalya',30975,'DODDANNANAGARA','Independent  Balwadi',' '
'SCHOOL','BANGLORE  ','NORTH-2','YASHWANTHPURA',32470,'GKHPS GOKULA','Upper Primary',' '
'PRESCHOOL','Bangalore','Bangalore central ','Sir M Vishweshwariah 1st Circle',30431,'NAYANDANAHALLI','Anganwadi',' '
'PRESCHOOL','Bangalore','BANGALORE NORTH (Yelahanka)','Baglur',30866,'BAGLUR 1','Anganwadi',' '
'PRESCHOOL','Bangalore','BANGALORE NORTH (Yelahanka)','Laggere 4th circle',31249,'KAMAKSHIPALYA 1','Anganwadi',' '
'PRESCHOOL','Bangalore','BANGALORE NORTH (Yelahanka)','Kadugondanahalli',31282,'AL-HI-LAL-NAGAR','Anganwadi',' '
'PRESCHOOL','Bangalore','BANGALORE NORTH (Yelahanka)','Kodigenahalli',31300,'KAVAL BYSANDRA-3','Anganwadi',' '
'PRESCHOOL','Bangalore','BANGALORE NORTH (Yelahanka)','Yalahanka',31245,'AMBEDKAR NAGAR (YELAHANKA)','Anganwadi',' '
'PRESCHOOL','Bangalore','Bangalore central ','Kithuru Rani Channamma 3rd Circle',30466,'GORIPALYA SOUTH','Anganwadi',' '
'PRESCHOOL','Bangalore','Bangalore central ','Netaji 2nd Circle',30428,'PADARAYANAPURA 4','Anganwadi',' '
'PRESCHOOL','Bangalore','BANGALORE NORTH (Yelahanka)','Laggere 4th circle',30438,'PANCHASHELA NAGAR','Independent  Balwadi',' '
'PRESCHOOL','Bangalore','BANGALORE NORTH (Yelahanka)','Sonnenahali',31262,'HONNENAHALLI','Anganwadi',' '
'PRESCHOOL','Bangalore','BANGALORE NORTH (Yelahanka)','Chikkajala',31318,'CHIKKAJALA 2','Anganwadi',' '
'PRESCHOOL','Bangalore','Sumangali seva Ashrama ','Murphy Town',31363,'ISLAMPURA 2','Anganwadi',' '
'SCHOOL','BANGLORE  ','SOUTH-4','DODDAKANNELI',32196,'GKLPS KACHA MARANAHALLI','Lower Primary',' '
'SCHOOL','BANGLORE  ','SOUTH-1','TAVEREKERE',32250,'GKLPS NAGANAHALLI','Lower Primary',' '
'PRESCHOOL','Bangalore','ANEKAL TALUK  ','chandapura',29587,'KAGGALIPURA','Anganwadi',' '
'PRESCHOOL','Bangalore','BANGALORE NORTH (Yelahanka)','Kadugondanahalli',31294,'SAMADHANANAGARA','Anganwadi',' '
'PRESCHOOL','Bangalore','Bangalore south(Banashankari)','konnana kunte',31525,'GOLLAHALLI 1','Anganwadi',' '
'PRESCHOOL','Bangalore','BANGALORE NORTH (Yelahanka)','Sonnenahali',31536,'SEETHAKEMPANAHALLI','Anganwadi',' '
'PRESCHOOL','Bangalore','BANGALORE NORTH (Yelahanka)','Yalahanka',30853,'KOGILU LAYOUT  1','Anganwadi',' '
'PRESCHOOL','Bangalore','BANGALORE NORTH (Yelahanka)','Yalahanka',30864,'BYATARAYANAPURA 1','Anganwadi',' '
'PRESCHOOL','Bangalore','BANGALORE NORTH (Yelahanka)','Yalahanka',30869,'CHIKKABOMMASANDRA','Anganwadi',' '
'PRESCHOOL','Bangalore','BANGALORE NORTH (Yelahanka)','Bettahalasuru',30871,'SUBHASHNAGARA','Anganwadi',' '
'PRESCHOOL','Bangalore','Bangalore central ','Sir M Vishweshwariah 1st Circle',34036,'BYRAVESHWARA NAGARA','Independent  Balwadi',' '
'PRESCHOOL','Bangalore','Bangalore central ','Netaji 2nd Circle',34060,'MOODALAPALYA - 3','Independent  Balwadi',' '
'PRESCHOOL','Bangalore','Bangalore State','Wilson Garden',34068,'JAYANAGAR 1','Independent  Balwadi',' '
'PRESCHOOL','Bangalore','BANGALORE NORTH (Yelahanka)','Sonnenahali',34071,'SONNENAHALLI 1','Anganwadi',' '
'PRESCHOOL','Bangalore','BANGALORE NORTH (Yelahanka)','Chikkajala',33868,'THARABANAHALLI 2','Anganwadi',' '
'PRESCHOOL','Bangalore','BANGALORE NORTH (Yelahanka)','Kodigenahalli',34093,'BHOPSANDRA 2','Anganwadi',' '
'PRESCHOOL','Bangalore','BANGALORE NORTH (Yelahanka)','Kodigenahalli',34094,'MARUTHINAGAR','Anganwadi',' '
'PRESCHOOL','Bangalore','ANEKAL TALUK  ','Attibele',33607,'AREHALLY','Anganwadi',' '
'PRESCHOOL','Bangalore','BANGALORE NORTH (Yelahanka)','Kadugondanahalli',33884,'HENNURU','Anganwadi',' '
'PRESCHOOL','Bangalore','BANGALORE NORTH (Yelahanka)','Chikkajala',33826,'CHOKKANAHALLI 2','Anganwadi',' '
'PRESCHOOL','Bangalore','BANGALORE NORTH (Yelahanka)','Baglur',30886,'RAZZAQ PALYA 2','Anganwadi',' '
'PRESCHOOL','Bangalore','BANGALORE NORTH (Yelahanka)','Yalahanka',31505,'JAKKUR LAYOUT 1','Anganwadi',' '
'PRESCHOOL','Bangalore','BANGALORE NORTH (Yelahanka)','Baglur',30881,'RAZZAQ PALYA1','Anganwadi',' '
'PRESCHOOL','Bangalore','Bangalore central ','Sir M Vishweshwariah 1st Circle',31418,'GANGONDHANAHALLI   2','Anganwadi',' '
'PRESCHOOL','Bangalore','Bangalore State','Banashankari',31427,'AMBEDKARNAGAR 1','Anganwadi',' '
'SCHOOL','BANGLORE  ','SOUTH-2','ARUNDHATHINAGAR',33078,'GKHPS NAGARABAVI','Upper Primary',' '
'PRESCHOOL','Bangalore','Bangalore south(Banashankari)','Thavare kere',30503,'CHINNENAHALLI','Anganwadi',' '
'SCHOOL','BANGLORE  ','NORTH-3','POTTERY TOWN',32696,'GTELPS POTTERY TOWN','Lower Primary',' '
'PRESCHOOL','Bangalore','BANGALORE NORTH (Yelahanka)','Chikkajala',30840,'SHETTIGERE','Anganwadi',' '
'PRESCHOOL','Bangalore','BANGALORE NORTH (Yelahanka)','Gopalapura',30877,'TURENAG SANDRA','Anganwadi',' '
'PRESCHOOL','Bangalore','Sumangali seva Ashrama ','Sultanpalya',30287,'NEW BAGALUR','Anganwadi',' '
'PRESCHOOL','Bangalore','Bangalore State','Banashankari',30421,'TILAK NAGAR 1','Independent  Balwadi',' '
'PRESCHOOL','Bangalore','BANGALORE NORTH (Yelahanka)','Hreohalli',31024,'HEGGENAHALLI II','Anganwadi',' '
'PRESCHOOL','Bangalore','Bangalore south(Banashankari)','Byrathi',31315,'THIRUMENAHALLI','Anganwadi',' '
'PRESCHOOL','Bangalore','Bangalore central ','Kithuru Rani Channamma 3rd Circle',31384,'GORI PALYA NORTH','Anganwadi',' '
'PRESCHOOL','Bangalore','ANEKAL TALUK  ','Sarjapura',33709,'SULTHANPALYA','Anganwadi',' '
'PRESCHOOL','Bangalore','BANGALORE NORTH (Yelahanka)','Yalahanka',33863,'YELAHANKA UPANAGARA 1','Anganwadi',' '
'PRESCHOOL','Bangalore','BANGALORE NORTH (Yelahanka)','Sonnenahali',30857,'RAMAGONDANA HALLI','Anganwadi',' '
'PRESCHOOL','Bangalore','Sumangali seva Ashrama ','Kadugondanahalli',30465,'DARGA MOHOLLA','Independent  Balwadi',' '
'PRESCHOOL','Bangalore','Bangalore central ','Sir M Vishweshwariah 1st Circle',33978,'BYATARAYANAPUR-I','Anganwadi',' '
'SCHOOL','BANGLORE  ','SOUTH-1','UTTARA HALLI',32826,'GKLPS KARIYANAPALYA','Lower Primary',' '
'PRESCHOOL','Bangalore','BANGALORE NORTH (Yelahanka)','Yalahanka',33927,'YALAHANKA 2 (EX)','Anganwadi',' '
'PRESCHOOL','Bangalore','BANGALORE NORTH (Yelahanka)','Bettahalasuru',33809,'HUNASEMARANA HALLI 2','Anganwadi',' '
'PRESCHOOL','Bangalore','Bangalore central ','Kithuru Rani Channamma 3rd Circle',31467,'TIMBERYARD SLUM','Anganwadi',' '
'PRESCHOOL','Bangalore','BANGALORE NORTH (Yelahanka)','Kadugondanahalli',33938,'BASAVANAGAR','Anganwadi',' '
'PRESCHOOL','Bangalore','BANGALORE NORTH (Yelahanka)','Yalahanka',31494,'SAMPIGEHALLI','Anganwadi',' '
'PRESCHOOL','Bangalore','BANGALORE NORTH (Yelahanka)','Yalahanka',31541,'YELAHANKA  4','Anganwadi',' '
'PRESCHOOL','Bangalore','BANGALORE NORTH (Yelahanka)','Chikkajala',31501,'AGRAHARA BHOVIPALYA','Anganwadi',' '
'PRESCHOOL','Bangalore','BANGALORE NORTH (Yelahanka)','Bettahalasuru',34016,'SATANUR','Anganwadi',' '
'PRESCHOOL','Bangalore','BANGALORE NORTH (Yelahanka)','Kadugondanahalli',33901,'B M SLUM','Anganwadi',' '
'PRESCHOOL','Bangalore','BANGALORE NORTH (Yelahanka)','Bettahalasuru',30834,'BETTAHALASURU 1','Anganwadi',' '
'PRESCHOOL','Bangalore','ANEKAL TALUK  ','Hebbagodi',33640,'HUSKUR','Anganwadi',' '
'PRESCHOOL','Bangalore','BANGALORE NORTH (Yelahanka)','Makali',35331,'LAKSHMI PLAY HOME','Independent  Balwadi',' '
'PRESCHOOL','Bangalore','BANGALORE NORTH (Yelahanka)','Yalahanka upnagar',30885,'YALAHANKA  5','Anganwadi',' '
'PRESCHOOL','Bangalore','BANGALORE NORTH (Yelahanka)','Hreohalli',30504,'KARIMSAB LAYOUT','Anganwadi',' '
'PRESCHOOL','Bangalore','ANEKAL TALUK  ','Haragadde',35477,'NAYANAHALLI 1','Anganwadi',' '
'PRESCHOOL','Bangalore','Bangalore central ','Sir M Vishweshwariah 1st Circle',35485,'GANGANDANA HALLI','Independent  Balwadi',' '
'PRESCHOOL','Bangalore','BANGALORE NORTH (Yelahanka)','Maralakunte',29711,'MARASANDRA 1 ST MANI','Anganwadi',' '
'SCHOOL','BANGALORE RURAL','HOSAKOTE','SULIBELE',35876,'G LPS KURUBARAPETE SULIBELE','Lower Primary',' '
'SCHOOL','BANGALORE RURAL','HOSAKOTE','SULIBELE',35884,'G LPS SADAPPANAHALLI','Lower Primary',' '
'SCHOOL','BANGALORE RURAL','HOSAKOTE','BEGURU',35890,'G LPS DODDA KOLIGA','Lower Primary',' '
'SCHOOL','BANGALORE RURAL','HOSAKOTE','NELAVAGILU',35907,'G ULPS CHIKKONDAHALLI','Lower Primary',' '
'SCHOOL','BANGALORE RURAL','HOSAKOTE','NELAVAGILU',35913,'G UHPS SIDDANAHALLI','Upper Primary',' '
'SCHOOL','BANGALORE RURAL','HOSAKOTE','NELAVAGILU',35917,'G LPS DINNEKORATI( CHIKKORATI)','Lower Primary',' '
'SCHOOL','BANGALORE RURAL','HOSAKOTE','NELAVAGILU',35922,'G HPS HEDAKANAHALLI','Upper Primary',' '
'SCHOOL','BANGALORE RURAL','HOSAKOTE','THAVAREKERE',35944,'G HPS CHIKKANALLALA','Upper Primary',' '
'PRESCHOOL','Bangalore','Sumangali seva Ashrama ','Murphy Town',34124,'JYOTHINAGAR 1','Independent  Balwadi',' '
'SCHOOL','BANGALORE RURAL','HOSAKOTE','THAVAREKERE',35947,'G HPS VALAGEREPURA','Upper Primary',' '
'SCHOOL','BANGALORE RURAL','HOSAKOTE','JADIGENAHALLI',35970,'G LPS GOVINDAPURA','Lower Primary',' '
'SCHOOL','BANGALORE RURAL','HOSAKOTE','DEVANAGUNDI',35985,'G HPS THINDLU','Upper Primary',' '
'SCHOOL','BANGALORE RURAL','HOSAKOTE','DEVANAGUNDI',35999,'G UHPS MEDIMALLASADNRA','Upper Primary',' '
'SCHOOL','BANGALORE RURAL','HOSAKOTE','HOSAKOTE TOWN',36009,'G LPS BHAKTHARAHALLI','Lower Primary',' '
'SCHOOL','BANGALORE RURAL','HOSAKOTE','HOSAKOTE TOWN',36010,'G HPS POOJENA AGRAHARA','Upper Primary',' '
'SCHOOL','BANGALORE RURAL','HOSAKOTE','HOSAKOTE TOWN',36012,'G LPS CHEEMANDAHALLI','Lower Primary',' '
'SCHOOL','BANGALORE RURAL','HOSAKOTE','HOSAKOTE TOWN',36016,'G LPS AMBEDKER NAGARA','Lower Primary',' '
'SCHOOL','BANGALORE RURAL','HOSAKOTE','HOSAKOTE TOWN',36020,'G HPS KURUBARAPETE','Upper Primary',' '
'SCHOOL','BANGALORE RURAL','HOSAKOTE','BENDIGANAHALLI',36037,'G LPS BHUVANAHALLI','Lower Primary',' '
'SCHOOL','BANGALORE RURAL','HOSAKOTE','SHIVANAPURA',36048,'G LPS GADIGENAHALLI','Lower Primary',' '
'SCHOOL','BANGALORE RURAL','HOSAKOTE','SHIVANAPURA',36051,'G HPS MALIYAPPANAHALLI','Upper Primary',' '
'SCHOOL','BANGALORE RURAL','HOSAKOTE','NANDAGUDI',36070,'GHPS ITTASANDRA','Upper Primary',' '
'SCHOOL','BANGALORE RURAL','HOSAKOTE','NANDAGUDI',36072,'G HPS HINDIGANALA','Upper Primary',' '
'SCHOOL','BANGALORE RURAL','HOSAKOTE','NANDAGUDI',36075,'G LPS RAMAGOVINDAPURA','Lower Primary',' '
'SCHOOL','BANGALORE RURAL','HOSAKOTE','NANDAGUDI',36077,'G UHPS NANDAGUDI','Upper Primary',' '
'SCHOOL','BANGALORE RURAL','HOSAKOTE','VAGATA',36098,'G LPS KACHARAKANAHALLI','Lower Primary',' '
'SCHOOL','BANGALORE RURAL','HOSAKOTE','VAGATA',36101,'G HPS MAKANAHALLI','Upper Primary',' '
'SCHOOL','BANGALORE RURAL','HOSAKOTE','KALKUNTE',36113,'G LPS THATTANUR','Lower Primary',' '
'SCHOOL','BANGALORE RURAL','HOSAKOTE','KALKUNTE',36118,'G LPS MARANAGERE','Lower Primary',' '
'SCHOOL','BANGALORE RURAL','HOSAKOTE','ALAPPANAHALLI',36134,'G LPS MUGALIPURA','Lower Primary',' '
'SCHOOL','BANGALORE RURAL','HOSAKOTE','SULIBELE',36136,'G LPS ANKONAHALLI','Lower Primary',' '
'PRESCHOOL','Bangalore','Sumangali seva Ashrama ','Sultanpalya',34130,'MODI ROAD 2','Independent  Balwadi',' '
'PRESCHOOL','Bangalore','Sumangali seva Ashrama ','Sultanpalya',34144,'REHMATH NAGAR','Independent  Balwadi',' '
'PRESCHOOL','Bangalore','Sumangali seva Ashrama ','Kodihalli',34162,'ISLAMPURA  1','Independent  Balwadi',' '
'SCHOOL','BANGLORE  ','NORTH-4','YELEHANKA NEW TOWN',32890,'GKLPS VEERASAGARA','Lower Primary',' '
'PRESCHOOL','Bangalore','Sumangali seva Ashrama ','Sultanpalya',35474,'CHIKKANA LINE D J HALLI','Independent  Balwadi',' '
'PRESCHOOL','Bangalore','BANGALORE NORTH (Yelahanka)','Makali',35481,'CHIKKA BIDREKALU','Independent  Balwadi',' '
'PRESCHOOL','Bangalore','BANGALORE NORTH (Yelahanka)','Baglur',31498,'BAYALA HALLI','Anganwadi',' '
'PRESCHOOL','Bangalore','BANGALORE NORTH (Yelahanka)','Chikkajala',31499,'CHIKKANAHALLI','Anganwadi',' '
'PRESCHOOL','Bangalore','Sumangali seva Ashrama ','Sultanpalya',30585,'SONNAPPA GARDAN','Anganwadi',' '
'PRESCHOOL','Bangalore','BANGALORE NORTH (Yelahanka)','Kadugondanahalli',30586,'KACHARKANAHALLI','Anganwadi',' '
'PRESCHOOL','Bangalore','Bangalore central ','Sir M Vishweshwariah 1st Circle',30650,'BAPUJINAGARA I','Anganwadi',' '
'PRESCHOOL','Bangalore','BANGALORE NORTH (Yelahanka)','Kadugondanahalli',31439,'VEERANAPALYA','Anganwadi',' '
'PRESCHOOL','Bangalore','Sumangali seva Ashrama ','Sultanpalya',30983,'GANDHINAGAR 1','Anganwadi',' '
'PRESCHOOL','Bangalore','BANGALORE NORTH (Yelahanka)','Machohalli',31014,'BYADARAHALLI','Anganwadi',' '
'SCHOOL','BANGLORE  ','NORTH-1','KAMAKSHIPALYA',32361,'GKHPS POLICE COLONY','Model Primary',' '
'PRESCHOOL','Bangalore','BANGALORE NORTH (Yelahanka)','Kadugondanahalli',31507,'LINGARAJAPURA B BLOCK','Anganwadi',' '
'PRESCHOOL','Bangalore','BANGALORE NORTH (Yelahanka)','Hreohalli',30520,'MALAGALA','Anganwadi',' '
'PRESCHOOL','Bangalore','BANGALORE NORTH (Yelahanka)','Kadugondanahalli',30993,'SANDHYAVANAGARA','Anganwadi',' '
'PRESCHOOL','Bangalore','BANGALORE NORTH (Yelahanka)','Kadugondanahalli',30999,'CHOLANAYAKANAHALLI 2','Anganwadi',' '
'PRESCHOOL','Bangalore','BANGALORE NORTH (Yelahanka)','Kodigenahalli',31005,'SANJEEVINAGAR 1','Anganwadi',' '
'SCHOOL','BANGLORE  ','BMP-1','BMPCLUSTER',32101,'CPS MARAPPANA PALYA','Lower Primary',' '
'PRESCHOOL','Bangalore','Bangalore central ','Kuvempunagar 4th Circle',31061,'GOVINDARAJANAGARA2','Anganwadi',' '
'PRESCHOOL','Bangalore','BANGALORE NORTH (Yelahanka)','Laggere 4th circle',30435,'MUDALA PALYA 1','Independent  Balwadi',' '
'PRESCHOOL','Bangalore','BANGALORE NORTH (Yelahanka)','Hesaragatta',30737,'KALATHAMMANAHALLI X','Anganwadi',' '
'PRESCHOOL','Bangalore','ANEKAL TALUK  ','Mahantalingapura',30941,'MADHAPPANADODDI','Anganwadi',' '
'PRESCHOOL','Bangalore','BANGALORE NORTH (Yelahanka)','Baglur',31275,'YADIYURU','Anganwadi',' '
'PRESCHOOL','Bangalore','BANGALORE NORTH (Yelahanka)','Chikkajala',31305,'BYNAHALLI','Anganwadi',' '
'PRESCHOOL','Bangalore','Bangalore State','Wilson Garden',31063,'WILSON GARDEN (DAYANANDA)','Anganwadi',' '
'PRESCHOOL','Bangalore','Bangalore south(Banashankari)','K Gollahalli',31067,'KULLEGOODANA PALYA  TO BE DELETE','Anganwadi',' '
'PRESCHOOL','Bangalore','Bangalore central ','Triveni 5th Circle',30449,'MARIYAPPANA PALYA','Anganwadi',' '
'PRESCHOOL','Bangalore','Sumangali seva Ashrama ','Dodda Banaswadi',30315,'KARIYAPPA COLONY','Anganwadi',' '
'PRESCHOOL','Bangalore','Bangalore central ','Sir M Vishweshwariah 1st Circle',30434,'CHOLUR PALYA 3','Independent  Balwadi',' '
'PRESCHOOL','Bangalore','Sumangali seva Ashrama ','Sultanpalya',30594,'D.J.HALLI  (1)','Anganwadi',' '
'PRESCHOOL','Bangalore','BANGALORE NORTH (Yelahanka)','Kodigenahalli',29577,'TO BE DELETED SUGER MANDI','Independent  Balwadi',' '
'PRESCHOOL','Bangalore','ANEKAL TALUK  ','Indlavadi',29586,'CHIKKAHOSAHALLI','Anganwadi',' '
'PRESCHOOL','Bangalore','Bangalore central ','Sir M Vishweshwariah 1st Circle',30413,'G G HALLI','Independent  Balwadi',' '
'PRESCHOOL','Bangalore','BANGALORE NORTH (Yelahanka)','Bettahalasuru',31224,'VIDYA NAGARA CROSS 1','Anganwadi',' '
'SCHOOL','BANGLORE  ','SOUTH-3','MADIVALA',32550,'GKHPS JAKKASANDRA','Upper Primary',' '
'SCHOOL','BANGLORE  ','SOUTH-3','MADIVALA',32552,'GMHPS MUNICHINNAPPA ADUGODI','Model Primary',' '
'PRESCHOOL','Bangalore','BANGALORE NORTH (Yelahanka)','Kodigenahalli',31297,'GOKULAGUDISALU','Anganwadi',' '
'PRESCHOOL','Bangalore','BANGALORE NORTH (Yelahanka)','Yalahanka',31311,'AGRAHARA LAYOUT 1','Anganwadi',' '
'PRESCHOOL','Bangalore','BANGALORE NORTH (Yelahanka)','Hesaragatta',31322,'KONDASHETTIHALLI','Anganwadi',' '
'PRESCHOOL','Bangalore','BANGALORE NORTH (Yelahanka)','Sonnenahali',31219,'DANDANAPALYA','Anganwadi',' '
'PRESCHOOL','Bangalore','Sumangali seva Ashrama ','Kodihalli',29701,'G.M. PALYA','Anganwadi',' '
'PRESCHOOL','Bangalore','Bangalore State','Gavipura Guttahalli',33734,'ITTAMADU IGS LAYOUT','Independent  Balwadi',' '
'PRESCHOOL','Bangalore','Bangalore south(Banashankari)','Kengeri circle',33739,'HARI COLONY','Anganwadi',' '
'PRESCHOOL','Bangalore','BANGALORE NORTH (Yelahanka)','Bettahalasuru',30854,'HOSAHALLI','Anganwadi',' '
'PRESCHOOL','Bangalore','BANGALORE NORTH (Yelahanka)','Sonnenahali',34048,'KAKOLU COLONY','Anganwadi',' '
'PRESCHOOL','Bangalore','Bangalore State','Banashankari',34052,'TILAK NAGAR (JAYANAGAR)','Independent  Balwadi',' '
'PRESCHOOL','Bangalore','Bangalore central ','Netaji 2nd Circle',34058,'MOODALAPALYA - 2','Independent  Balwadi',' '
'PRESCHOOL','Bangalore','BANGALORE NORTH (Yelahanka)','Sonnenahali',34072,'SINGANAYAKANAHALLI 2','Anganwadi',' '
'PRESCHOOL','Bangalore','Bangalore State','Banashankari',34084,'GANGADHARNAGAR (SARAKKI)','Independent  Balwadi',' '
'PRESCHOOL','Bangalore','Sumangali seva Ashrama ','Dodda Banaswadi',29606,'VIJNAPURA','Anganwadi',' '
'PRESCHOOL','Bangalore','Bangalore State','Banashankari',33737,'YARABNAGAR-2','Independent  Balwadi',' '
'PRESCHOOL','Bangalore','Bangalore State','Banashankari',33741,'ILAYZ NAGAR 1','Independent  Balwadi',' '
'PRESCHOOL','Bangalore','BANGALORE NORTH (Yelahanka)','Kodigenahalli',33906,'MATHIKERA','Anganwadi',' '
'PRESCHOOL','Bangalore','BANGALORE NORTH (Yelahanka)','Kodigenahalli',33803,'KADIGANAHALLI 3','Anganwadi',' '
'PRESCHOOL','Bangalore','Bangalore south(Banashankari)','kadugodi',33750,'NAGANAHALLI COLYONI','Anganwadi',' '
'PRESCHOOL','Bangalore','BANGALORE NORTH (Yelahanka)','Sonnenahali',33876,'NAGENA HALLI','Anganwadi',' '
'SCHOOL','BANGLORE  ','ANEKAL','SARJAPURA',32947,'GKHPS JIGALA','Upper Primary',' '
'PRESCHOOL','Bangalore','Bangalore central ','Netravathi',34105,'TIMBARYARD SLUM','Anganwadi',' '
'PRESCHOOL','Bangalore','Sumangali seva Ashrama ','Murphy Town',31435,'HOSABYPANAHALLI','Anganwadi',' '
'PRESCHOOL','Bangalore','Bangalore central ','Kithuru Rani Channamma 3rd Circle',30463,'GORIPALYA (PADARAYANAPURA)','Independent  Balwadi',' '
'PRESCHOOL','Bangalore','BANGALORE NORTH (Yelahanka)','Hreohalli',30521,'MALAGALA 2','Anganwadi',' '
'PRESCHOOL','Bangalore','Bangalore State','Gavipura Guttahalli',30526,'BASAVANAGUDI 1','Anganwadi',' '
'SCHOOL','BANGLORE  ','SOUTH-2','ARUNDHATHINAGAR',33077,'GKHPS MUDALAPALYA','Upper Primary',' '
'SCHOOL','BANGLORE  ','NORTH-3','FRAZER TOWN',33869,'GKHPS DODDABANASWADI','Upper Primary',' '
'PRESCHOOL','Bangalore','ANEKAL TALUK  ','chandapura',33663,'IGGALURU','Anganwadi',' '
'PRESCHOOL','Bangalore','Bangalore central ','Netaji 2nd Circle',31358,'MUSLIM BARIYAL GROUND  XXXX','Anganwadi',' '
'PRESCHOOL','Bangalore','Bangalore south(Banashankari)','Thavare kere',30490,'BAICHAGUPPE','Anganwadi',' '
'PRESCHOOL','Bangalore','BANGALORE NORTH (Yelahanka)','Chikkajala',34005,'SHETTI GERE II','Anganwadi',' '
'PRESCHOOL','Bangalore','Bangalore central ','Kuvempunagar 4th Circle',33998,'AGRAHARADASARAHALLI','Anganwadi',' '
'PRESCHOOL','Bangalore','BANGALORE NORTH (Yelahanka)','Yalahanka',33926,'YALAHANKA 2','Anganwadi',' '
'PRESCHOOL','Bangalore','BANGALORE NORTH (Yelahanka)','Kadugondanahalli',33933,'SIDHARTHANAGAR','Anganwadi',' '
'PRESCHOOL','Bangalore','Bangalore central ','Netaji 2nd Circle',34086,'BASVESHWAR SAVASANGA 1','Anganwadi',' '
'PRESCHOOL','Bangalore','Bangalore central ','Netaji 2nd Circle',34087,'ARFATH NAGAR WEST','Anganwadi',' '
'PRESCHOOL','Bangalore','BANGALORE NORTH (Yelahanka)','Kodigenahalli',34088,'SANJEEVININAGARA II','Anganwadi',' '
'SCHOOL','BANGLORE  ','NORTH-3','VASANTHNAGAR',33138,'GKLPS RG COLONY','Lower Primary',' '
'PRESCHOOL','Bangalore','BANGALORE NORTH (Yelahanka)','Baglur',31495,'MAHADEVA KODIGE HALLI','Anganwadi',' '
'PRESCHOOL','Bangalore','Bangalore south(Banashankari)','Begure',34026,'KENDRAKARAGRUHA','Anganwadi',' '
'PRESCHOOL','Bangalore','BANGALORE NORTH (Yelahanka)','Kadugondanahalli',33888,'BAIRANAKUNTE - 2','Anganwadi',' '
'SCHOOL','BANGLORE  ','ANEKAL','ANEKAL',32078,'GKHPS OLD ANEKAL','Upper Primary',' '
'PRESCHOOL','Bangalore','BANGALORE NORTH (Yelahanka)','Chikkajala',30846,'HUTTANAHALLI','Anganwadi',' '
'PRESCHOOL','Bangalore','ANEKAL TALUK  ','Marasur',33590,'MARASURUXXX','Anganwadi',' '
'SCHOOL','BANGLORE  ','SOUTH-1','VAJARA HALLI',32877,'GULPS MAHATHMAGANDHINAGARA','Lower Primary',' '
'SCHOOL','BANGLORE  ','NORTH-4','YELEHANKA NEW TOWN',32893,'GKLPS KEMPANAHALLI','Lower Primary',' '
'SCHOOL','BANGLORE  ','SOUTH-2','GOVINDARAJNAGAR',33088,'GKHPS MALGAL JANATHA COLONY','Upper Primary',' '
'PRESCHOOL','Bangalore','Bangalore south(Banashankari)','Jeevanbhima Nagar',29663,'ISLAM PURA 3 NEAR SOUT SCHOOL','Independent  Balwadi',' '
'PRESCHOOL','Bangalore','NON NOTIFIED SLUM','VERABADRA NAGAR',35859,'VERABADRA NAGAR 2','Akshara Balwadi',' '
'PRESCHOOL','Bangalore','BANGALORE NORTH (Yelahanka)','Hreohalli',35330,'HEGGANAHALLI RESOURCE CENTER','Independent  Balwadi',' '
'SCHOOL','BANGALORE RURAL','HOSAKOTE','SULIBELE',35883,'G HPS YANAGUNTE','Upper Primary',' '
'SCHOOL','BANGALORE RURAL','HOSAKOTE','BEGURU',35891,'G HPS BEGURU','Upper Primary',' '
'SCHOOL','BANGALORE RURAL','HOSAKOTE','BEGURU',35905,'G HPS DASARAHALLI','Upper Primary',' '
'SCHOOL','BANGALORE RURAL','HOSAKOTE','NELAVAGILU',35920,'G UHPS GIRLS BN PURA','Upper Primary',' '
'SCHOOL','BANGALORE RURAL','HOSAKOTE','NELAVAGILU',35925,'G LPS GUNDRAHALLI','Lower Primary',' '
'SCHOOL','BANGALORE RURAL','HOSAKOTE','THAVAREKERE',35931,'G LPS YELACHAHALLI','Lower Primary',' '
'SCHOOL','BANGALORE RURAL','HOSAKOTE','THAVAREKERE',35933,'G LPS CB COLONY','Lower Primary',' '
'PRESCHOOL','Bangalore','Sumangali seva Ashrama ','Sultanpalya',34125,'AMBEDKAR COLLEGE','Independent  Balwadi',' '
'SCHOOL','BANGALORE RURAL','HOSAKOTE','SAMETHANAHALLI',35980,'G LPS HAROHALLI','Lower Primary',' '
'SCHOOL','BANGALORE RURAL','HOSAKOTE','DEVANAGUNDI',35990,'G LPS D.MEDAHALLI','Lower Primary',' '
'SCHOOL','BANGALORE RURAL','HOSAKOTE','DEVANAGUNDI',35997,'G LPS YADAGONDANAHALLI','Lower Primary',' '
'SCHOOL','BANGALORE RURAL','HOSAKOTE','HOSAKOTE TOWN',36019,'G KGMS HOSAKOTE','Upper Primary',' '
'SCHOOL','BANGALORE RURAL','HOSAKOTE','BENDIGANAHALLI',36026,'G LPS THENEYURU','Lower Primary',' '
'SCHOOL','BANGALORE RURAL','HOSAKOTE','BENDIGANAHALLI',36029,'G HPS BENDIGANAHALLI','Upper Primary',' '
'SCHOOL','BANGALORE RURAL','HOSAKOTE','BENDIGANAHALLI',36038,'G HPS GULLAHALLI','Upper Primary',' '
'SCHOOL','BANGALORE RURAL','HOSAKOTE','SHIVANAPURA',36045,'G LPS D SHETTYHALLI','Lower Primary',' '
'SCHOOL','BANGALORE RURAL','HOSAKOTE','SHIVANAPURA',36047,'G LPS SIDDAPURA','Lower Primary',' '
'SCHOOL','BANGALORE RURAL','HOSAKOTE','NANDAGUDI',36071,'G LPS HOSAVENKATAPURA','Lower Primary',' '
'SCHOOL','BANGALORE RURAL','HOSAKOTE','NANDAGUDI',36076,'G HPS NANDAGUDI','Upper Primary',' '
'SCHOOL','BANGALORE RURAL','HOSAKOTE','NANDAGUDI',36078,'G LPS HALEURU','Lower Primary',' '
'SCHOOL','BANGALORE RURAL','HOSAKOTE','NANDAGUDI',36082,'G ULPS N HOSAHALLI','Lower Primary',' '
'SCHOOL','BANGALORE RURAL','HOSAKOTE','NANDAGUDI',36085,'G LPS KONDRAHALLI','Lower Primary',' '
'SCHOOL','BANGALORE RURAL','HOSAKOTE','VAGATA',36107,'G LPS BOMMANA BANDE','Lower Primary',' '
'SCHOOL','BANGALORE RURAL','HOSAKOTE','KALKUNTE',36108,'G LPS BYALAHALLI','Lower Primary',' '
'SCHOOL','BANGALORE RURAL','HOSAKOTE','KALKUNTE',36112,'G LPS MUTHUKADAHALLI','Lower Primary',' '
'SCHOOL','BANGALORE RURAL','HOSAKOTE','ALAPPANAHALLI',36121,'G HPS KAMMASANDRA','Upper Primary',' '
'SCHOOL','BANGALORE RURAL','HOSAKOTE','ALAPPANAHALLI',36122,'G HPS HASIGALA','Upper Primary',' '
'SCHOOL','BANGALORE RURAL','HOSAKOTE','ALAPPANAHALLI',36128,'G UHPS SHANKANIPURA','Upper Primary',' '
'SCHOOL','BANGALORE RURAL','HOSAKOTE','SULIBELE',36139,'G HPS SULIBELE','Upper Primary',' '
'PRESCHOOL','Bangalore','Sumangali seva Ashrama ','Murphy Town',34132,'GOVINDAPURA 2','Independent  Balwadi',' '
'PRESCHOOL','Bangalore','Sumangali seva Ashrama ','Kodihalli',34133,'G.M PALYA 1','Independent  Balwadi',' '
'PRESCHOOL','Bangalore','Sumangali seva Ashrama ','Sultanpalya',34142,'BANGAR GIRI','Independent  Balwadi',' '
'PRESCHOOL','Bangalore','Bangalore south(Banashankari)','Varthur',34159,'AMBEDKAR NAGAR  3RD (EX)','Anganwadi',' '
'PRESCHOOL','Bangalore','Sumangali seva Ashrama ','Koramangala',30471,'E.W.S QUERTERS','Independent  Balwadi',' '
'PRESCHOOL','Bangalore','BANGALORE NORTH (Yelahanka)','Yalahanka',30860,'YELAHANKA  5','Anganwadi',' '
'PRESCHOOL','Bangalore','BANGALORE NORTH (Yelahanka)','Hreohalli',35476,'HEGGANAHALLI CROSS','Independent  Balwadi',' '
'PRESCHOOL','Bangalore','BANGALORE NORTH (Yelahanka)','Hreohalli',35480,'HEGGANAHALI 3','Independent  Balwadi',' '
'SCHOOL','BANGLORE  ','SOUTH-3','EJIPURA',32267,'GTMPS AUSTIN TOWN','Model Primary',' '
'PRESCHOOL','Bangalore','Bangalore central ','Kithuru Rani Channamma 3rd Circle',30619,'OLD PENSION MOHALLA','Anganwadi',' '
'PRESCHOOL','Bangalore','Bangalore south(Banashankari)','kadugodi',30673,'KADUGODI PLANTATION','Anganwadi',' '
'SCHOOL','BANGLORE  ','ANEKAL','SABMANGALA',33428,'GKLPS RACHAMANAHALLI','Lower Primary',' '
'PRESCHOOL','Bangalore','Sumangali seva Ashrama ','Rajendranagara',30375,'L R NAGAR','Anganwadi',' '
'PRESCHOOL','Bangalore','BANGALORE NORTH (Yelahanka)','Abbigere',31260,'M.S. PALYA- 2','Anganwadi',' '
'PRESCHOOL','Bangalore','BANGALORE NORTH (Yelahanka)','Chikkajala',31537,'RANGASWAMY CAMP','Anganwadi',' '
'SCHOOL','BANGLORE  ','NORTH-2','MALLESWARAM',33177,'GUMPS YASHWANTHPURA','Model Primary',' '
'PRESCHOOL','Bangalore','BANGALORE NORTH (Yelahanka)','Kadugondanahalli',31001,'HENNURU  BANDE','Anganwadi',' '
'PRESCHOOL','Bangalore','BANGALORE NORTH (Yelahanka)','Mallasandra',31011,'RAJIVGANDHINAGAR','Anganwadi',' '
'SCHOOL','BANGLORE  ','SOUTH-3','BYARSANDRA',32142,'GUMPS OLD GURAPPANAPALYA','Model Primary',' '
'PRESCHOOL','Bangalore','Sumangali seva Ashrama ','shakthi',29591,'SUGER MANDI DJ HALLI','Independent  Balwadi',' '
'PRESCHOOL','Bangalore','BANGALORE NORTH (Yelahanka)','Bettahalasuru',30848,'KUDERAGERE (EX)','Anganwadi',' '
'PRESCHOOL','Bangalore','BANGALORE NORTH (Yelahanka)','Sonnenahali',31273,'MYLAPANAHALLI','Anganwadi',' '
'PRESCHOOL','Bangalore','BANGALORE NORTH (Yelahanka)','Bettahalasuru',31274,'SONNAPANAHALLI 2','Anganwadi',' '
'PRESCHOOL','Bangalore','Bangalore State','Gavipura Guttahalli',30529,'BASAVANAGUDI 2','Anganwadi',' '
'PRESCHOOL','Bangalore','Sumangali seva Ashrama ','Dodda Banaswadi',30573,'VIJINAPURA RAILWAY STATION','Anganwadi',' '
'PRESCHOOL','Bangalore','BANGALORE NORTH (Yelahanka)','Chikkajala',30595,'BELLAHALLI','Anganwadi',' '
'PRESCHOOL','Bangalore','BANGALORE NORTH (Yelahanka)','Chikkajala',30582,'CHIKKAJALA 1','Anganwadi',' '
'PRESCHOOL','Bangalore','Sumangali seva Ashrama ','Kodihalli',29645,'ANANDA PURAM','Independent  Balwadi',' '
'PRESCHOOL','Bangalore','Sumangali seva Ashrama ','Sultanpalya',30357,'SWAKAAR LINE','Akshara Balwadi',' '
'SCHOOL','BANGLORE  ','SOUTH-3','MADIVALA',32556,'GKMPS MARAPPA ADUGODI','Model Primary',' '
'PRESCHOOL','Bangalore','BANGALORE NORTH (Yelahanka)','Hreohalli',33862,'SRIGANDHANAGAR','Anganwadi',' '
'PRESCHOOL','Bangalore','BANGALORE NORTH (Yelahanka)','Hesaragatta',30766,'HESARAGATTA IV(VASANTHNAGAR)','Anganwadi',' '
'PRESCHOOL','Bangalore','BANGALORE NORTH (Yelahanka)','Chikkajala',30851,'BEGURU','Anganwadi',' '
'PRESCHOOL','Bangalore','BANGALORE NORTH (Yelahanka)','Baglur',29712,'CHOKKANA HALLI','Anganwadi',' '
'PRESCHOOL','Bangalore','Bangalore central ','Netaji 2nd Circle',34062,'MOODALAPALYA - 4','Independent  Balwadi',' '
'PRESCHOOL','Bangalore','Bangalore south(Banashankari)','konnana kunte',33819,'HULIMAVU 2ND CENTER','Anganwadi',' '
'PRESCHOOL','Bangalore','Bangalore central ','Netaji 2nd Circle',34101,'JAGAJEEVANARAMNAGARA','Anganwadi',' '
'PRESCHOOL','Bangalore','Bangalore central ','Kuvempunagar 4th Circle',30641,'NAGAVARAPALYA','Anganwadi',' '
'PRESCHOOL','Bangalore','ANEKAL TALUK  ','Haragadde',33986,'BOMMANDAHALLI','Anganwadi',' '
'PRESCHOOL','Bangalore','Bangalore south(Banashankari)','Kengeri circle',33735,'BEEDI VARKARS COLONY','Independent  Balwadi',' '
'PRESCHOOL','Bangalore','Bangalore State','Gavipura Guttahalli',33736,'KATHRIGUPPA','Independent  Balwadi',' '
'SCHOOL','BANGLORE  ','SOUTH-1','KARISANDRA ',32980,'GKHPS KARISANDRA','Lower Primary',' '
'PRESCHOOL','Bangalore','Bangalore State','Wilson Garden',34109,'DAYANANDA 2','Anganwadi',' '
'PRESCHOOL','Bangalore','Bangalore south(Banashankari)','Uttrahalli',31476,'TATAGUNI-','Anganwadi',' '
'PRESCHOOL','Bangalore','Bangalore State','Palace Guttalli Circle',29695,'AMBEDKAR NAGAR','Akshara Balwadi',' '
'PRESCHOOL','Bangalore','BANGALORE NORTH (Yelahanka)','Kadugondanahalli',33887,'BRUNDAVANA NAGAR','Anganwadi',' '
'PRESCHOOL','Bangalore','BANGALORE NORTH (Yelahanka)','Sonnenahali',30725,'KARLAPURA','Anganwadi',' '
'PRESCHOOL','Bangalore','Bangalore central ','Kuvempunagar 4th Circle',30778,'NARAYANARAO COLONY','Anganwadi',' '
'PRESCHOOL','Bangalore','BANGALORE NORTH (Yelahanka)','Gopalapura',30823,'THOTTAGARE','Anganwadi',' '
'PRESCHOOL','Bangalore','BANGALORE NORTH (Yelahanka)','Bettahalasuru',30830,'SHAKTHINAGAR','Anganwadi',' '
'PRESCHOOL','Bangalore','BANGALORE NORTH (Yelahanka)','Bettahalasuru',30844,'KODAGALAHATTI','Anganwadi',' '
'SCHOOL','BANGLORE  ','SOUTH-2','CHICKPET',33068,'GKLPS NEW K.P AGRAHARA','Lower Primary',' '
'PRESCHOOL','Bangalore','BANGALORE NORTH (Yelahanka)','Nagarabhavi',30426,'NAGARABAVI (VILEG)','Anganwadi',' '
'PRESCHOOL','Bangalore','Bangalore State','Yashwanthpura',29666,'SWATANTRAPALYA2','Anganwadi',' '
'PRESCHOOL','Bangalore','BANGALORE NORTH (Yelahanka)','Laggere 4th circle',29667,'JALAHALLI','Anganwadi',' '
'PRESCHOOL','Bangalore','ANEKAL TALUK  ','Marasur',33928,'BHAKTIPUR','Anganwadi',' '
'PRESCHOOL','Bangalore','ANEKAL TALUK  ','Mahantalingapura',33947,'KALLUBALU 2ND','Anganwadi',' '
'PRESCHOOL','Bangalore','ANEKAL TALUK  ','Marasur',33930,'KARPOOR','Anganwadi',' '
'PRESCHOOL','Bangalore','ANEKAL TALUK  ','Marasur',33932,'SIPAIGALLI','Anganwadi',' '
'PRESCHOOL','Bangalore','Bangalore central ','Kithuru Rani Channamma 3rd Circle',34073,'BINNIPETE(EX)','Anganwadi',' '
'PRESCHOOL','Bangalore','BANGALORE NORTH (Yelahanka)','Chikkajala',33824,'CHIKKANAHALLI 1','Anganwadi',' '
'PRESCHOOL','Bangalore','Bangalore south(Banashankari)','kadugodi',33846,'K.NARYIANPURA (EX)','Anganwadi',' '
'PRESCHOOL','Bangalore','ANEKAL TALUK  ','Jigani',31514,'VADDARAPALYA','Anganwadi',' '
'PRESCHOOL','Bangalore','Bangalore central ','Sir M Vishweshwariah 1st Circle',33979,'ARAFATHANAGAR-II','Anganwadi',' '
'PRESCHOOL','Bangalore','BANGALORE NORTH (Yelahanka)','Chikkajala',30845,'DODDAJALA','Anganwadi',' '
'PRESCHOOL','Bangalore','BANGALORE NORTH (Yelahanka)','Yalahanka',30847,'JAKKUR','Anganwadi',' '
'SCHOOL','BANGLORE  ','SOUTH-3','GOTTIGERE',32355,'GTLPS TULASIPURA','Lower Primary',' '
'PRESCHOOL','Bangalore','ANEKAL TALUK  ','Mahantalingapura',33682,'KANNANAYAKANAHALLI','Anganwadi',' '
'SCHOOL','BANGLORE  ','NORTH-4','YELEHANKA NEW TOWN',32892,'GULPS CHIKKA BETTAHALLI','Lower Primary',' '
'SCHOOL','BANGLORE  ','NORTH-3','KAVAL BYRASANDRA',35345,'GULPS IDGAH MOHALLA','Lower Primary',' '
'PRESCHOOL','Bangalore','Bangalore central ','Sir M Vishweshwariah 1st Circle',35478,'KALYAN NAGAR','Independent  Balwadi',' '
'PRESCHOOL','Bangalore','Sumangali seva Ashrama ','Sultanpalya',35487,'CHAMUNDI NAGAR I','Independent  Balwadi',' '
'PRESCHOOL','Bangalore','NON NOTIFIED SLUM','ASHRAYA NAGAR',35851,'ASHRAYA NAGAR','Akshara Balwadi',' '
'PRESCHOOL','Bangalore','NON NOTIFIED SLUM','YARUB NAGAR',35853,'YARUB NAGAR 2','Akshara Balwadi',' '
'PRESCHOOL','Bangalore','NON NOTIFIED SLUM','PANTHARAPALYA',35856,'PANTHARAPALYA 3','Akshara Balwadi',' '
'PRESCHOOL','Bangalore','BANGALORE NORTH (Yelahanka)','Yalahanka',33861,'YELAHANKA UPANAGARA 2ND','Anganwadi',' '
'SCHOOL','BANGALORE RURAL','HOSAKOTE','SULIBELE',35879,'G HPS GIDDAPPANAHALLI','Upper Primary',' '
'SCHOOL','BANGALORE RURAL','HOSAKOTE','BEGURU',35885,'G LPS M.SATHYAVARA','Lower Primary',' '
'SCHOOL','BANGALORE RURAL','HOSAKOTE','BEGURU',35889,'G LPS CHIKKA KOLIGA','Lower Primary',' '
'SCHOOL','BANGALORE RURAL','HOSAKOTE','BEGURU',35892,'G LPS SONNEBACHANAHALLI','Lower Primary',' '
'SCHOOL','BANGALORE RURAL','HOSAKOTE','BEGURU',35898,'G LPS CHIKKA HULLURU','Lower Primary',' '
'SCHOOL','BANGALORE RURAL','HOSAKOTE','NELAVAGILU',35914,'G ULPS K.SHETTYHALLI','Lower Primary',' '
'SCHOOL','BANGALORE RURAL','HOSAKOTE','THAVAREKERE',35932,'G ULPS YELACHAHALLI','Lower Primary',' '
'SCHOOL','BANGALORE RURAL','HOSAKOTE','THAVAREKERE',35936,'G HPS THAVAREKERE','Upper Primary',' '
'PRESCHOOL','Bangalore','Sumangali seva Ashrama ','Murphy Town',34122,'JYOTHINAGAR','Independent  Balwadi',' '
'PRESCHOOL','Bangalore','Sumangali seva Ashrama ','Sultanpalya',34123,'OLD PNT COLONY','Independent  Balwadi',' '
'PRESCHOOL','Bangalore','ANEKAL TALUK  ','kasaba',35472,'SAMANDUR','Anganwadi',' '
'PRESCHOOL','Bangalore','Sumangali seva Ashrama ','Murphy Town',35491,'ANNASANDRA PALYA','Independent  Balwadi',' '
'SCHOOL','BANGALORE RURAL','HOSAKOTE','THAVAREKERE',35953,'G LPS YELACHAMANAHALLI','Lower Primary',' '
'SCHOOL','BANGALORE RURAL','HOSAKOTE','JADIGENAHALLI',35957,'G HPS ATTHIVATTA','Upper Primary',' '
'SCHOOL','BANGALORE RURAL','HOSAKOTE','JADIGENAHALLI',35961,'G HPS CHIKKATHAGGALI','Upper Primary',' '
'SCHOOL','BANGALORE RURAL','HOSAKOTE','JADIGENAHALLI',35971,'G HPS KOLATHURU','Upper Primary',' '
'SCHOOL','BANGALORE RURAL','HOSAKOTE','DEVANAGUNDI',35987,'G LPS DEVALAPURA','Lower Primary',' '
'SCHOOL','BANGALORE RURAL','HOSAKOTE','DEVANAGUNDI',35989,'G LPS SOMALAPURA','Lower Primary',' '
'SCHOOL','BANGALORE RURAL','HOSAKOTE','DEVANAGUNDI',35991,'G HPS D. HOSAHALLI','Upper Primary',' '
'SCHOOL','BANGALORE RURAL','HOSAKOTE','DEVANAGUNDI',35992,'G LPS OBALAPURA','Lower Primary',' '
'SCHOOL','BANGALORE RURAL','HOSAKOTE','HOSAKOTE TOWN',36005,'G LPS GANALU','Lower Primary',' '
'SCHOOL','BANGALORE RURAL','HOSAKOTE','HOSAKOTE TOWN',36014,'G LPS GOWTHAM COLONY','Lower Primary',' '
'SCHOOL','BANGALORE RURAL','HOSAKOTE','HOSAKOTE TOWN',36018,'G KBMS HOSAKOTE','Upper Primary',' '
'SCHOOL','BANGALORE RURAL','HOSAKOTE','HOSAKOTE TOWN',36023,'G UHPS HOSAKOTE','Upper Primary',' '
'SCHOOL','BANGALORE RURAL','HOSAKOTE','BENDIGANAHALLI',36031,'GUHPS THAMMARASANAHALLI','Upper Primary',' '
'SCHOOL','BANGALORE RURAL','HOSAKOTE','BENDIGANAHALLI',36033,'G LPS SHASHIMAKANAHALLI','Lower Primary',' '
'SCHOOL','BANGALORE RURAL','HOSAKOTE','SHIVANAPURA',36052,'G LPS BISANAHALLI','Lower Primary',' '
'SCHOOL','BANGALORE RURAL','HOSAKOTE','SHIVANAPURA',36053,'G LPS GANJARLAHALLI','Lower Primary',' '
'SCHOOL','BANGALORE RURAL','HOSAKOTE','NANDAGUDI',36074,'G LPS BANAHALLI','Lower Primary',' '
'SCHOOL','BANGALORE RURAL','HOSAKOTE','NANDAGUDI',36080,'G LPS  VADDAHALLI','Lower Primary',' '
'SCHOOL','BANGALORE RURAL','HOSAKOTE','NANDAGUDI',36083,'G HPS  DHARMESHWARA','Upper Primary',' '
'SCHOOL','BANGALORE RURAL','HOSAKOTE','NANDAGUDI',36087,'GULPS THIRTHAHALLI','Lower Primary',' '
'SCHOOL','BANGALORE RURAL','HOSAKOTE','VAGATA',36099,'G HPS KANEKAL','Upper Primary',' '
'SCHOOL','BANGALORE RURAL','HOSAKOTE','VAGATA',36106,'G LPS KAMARASANAKOTE','Lower Primary',' '
'SCHOOL','BANGALORE RURAL','HOSAKOTE','KALKUNTE',36109,'G HPS NARAYANA KERE','Upper Primary',' '
'SCHOOL','BANGALORE RURAL','HOSAKOTE','KALKUNTE',36114,'G LPS THIRUVARANGA','Lower Primary',' '
'SCHOOL','BANGALORE RURAL','HOSAKOTE','KALKUNTE',36116,'G HPS GUNDURU','Upper Primary',' '
'SCHOOL','BANGALORE RURAL','HOSAKOTE','KALKUNTE',36119,'G HPS GANAGALURU','Upper Primary',' '
'SCHOOL','BANGALORE RURAL','HOSAKOTE','ALAPPANAHALLI',36123,'G LPS THIMMASANDRA','Lower Primary',' '
'SCHOOL','BANGALORE RURAL','HOSAKOTE','ALAPPANAHALLI',36125,'G HPS LAKKONDANAHALLI','Upper Primary',' '
'SCHOOL','BANGALORE RURAL','HOSAKOTE','SULIBELE',36137,'G HPS ARASANAHALLI','Upper Primary',' '
'SCHOOL','BANGALORE RURAL','HOSAKOTE','SULIBELE',36138,'G LPS KADARINAPURA','Lower Primary',' '
'PRESCHOOL','Bangalore','Sumangali seva Ashrama ','Sultanpalya',30785,'MODI GARDEN EDGA MOHULLA','Independent  Balwadi',' '
'PRESCHOOL','Bangalore','Sumangali seva Ashrama ','Dodda Banaswadi',34126,'SONNAPPA GARDEN 2','Independent  Balwadi',' '
'PRESCHOOL','Bangalore','Sumangali seva Ashrama ','Kodihalli',34134,'SULTHAN PALYA','Independent  Balwadi',' '
'PRESCHOOL','Bangalore','Sumangali seva Ashrama ','Dodda Banaswadi',34137,'SUGAR MANDI','Independent  Balwadi',' '
'PRESCHOOL','Bangalore','Bangalore south(Banashankari)','konnana kunte',34149,'BILEKALLU(DORASWAMYPALYA)','Independent  Balwadi',' '
'PRESCHOOL','Bangalore','Bangalore State','Wilson Garden',30412,'LALBAGH','Independent  Balwadi',' '
'SCHOOL','BANGLORE  ','ANEKAL','ANEKAL',35470,'GKLPS NARAYANA PURA','Lower Primary',' '
'PRESCHOOL','Bangalore','Bangalore central ','Netaji 2nd Circle',31352,'MUSLIM BARIYAL GROUND','Anganwadi',' '
'PRESCHOOL','Bangalore','Bangalore State','Yashwanthpura',30508,'KAMALA NAGAR 2 BASAVANA DEVASTHANA','Anganwadi',' '
'PRESCHOOL','Bangalore','BANGALORE NORTH (Yelahanka)','Chikkajala',31508,'TARABANAHALLI 1','Anganwadi',' '
'PRESCHOOL','Bangalore','Sumangali seva Ashrama ','shakthi',29595,'KHUSHAL NAGAR KB SANDERA','Independent  Balwadi',' '
'PRESCHOOL','Bangalore','Sumangali seva Ashrama ','spoorthi',29602,'JEEVANBHIMANAGAR','Anganwadi',' '
'PRESCHOOL','Bangalore','BANGALORE NORTH (Yelahanka)','Laggere 4th circle',31021,'KURUBARAHALLI 1','Anganwadi',' '
'PRESCHOOL','Bangalore','BANGALORE NORTH (Yelahanka)','Yalahanka',31542,'ALLALASANDRA 2','Anganwadi',' '
'PRESCHOOL','Bangalore','Bangalore south(Banashankari)','K.R.Puram',30953,'DODDA DEVASANDRA','Anganwadi',' '
'SCHOOL','BANGLORE  ','BMP-1','BMPCLUSTER',32098,'CPS JOGUPALYA','Lower Primary',' '
'SCHOOL','BANGLORE  ','SOUTH-2','KALASIPALYA',32447,'GUHPS KUMBARPET','Upper Primary',' '
'SCHOOL','BANGLORE  ','SOUTH-3','KONANAKUNTE',32459,'GKLPS VADDARAPALYA (KONANAKUNTE)','Lower Primary',' '
'PRESCHOOL','Bangalore','BANGALORE NORTH (Yelahanka)','Baglur',30855,'B.S. PALYA','Anganwadi',' '
'PRESCHOOL','Bangalore','Sumangali seva Ashrama ','Sultanpalya',30348,'D J HALLI','Anganwadi',' '
'PRESCHOOL','Bangalore','Sumangali seva Ashrama ','Audugodi',30392,'AUDUGODI','Anganwadi',' '
'PRESCHOOL','Bangalore','BANGALORE NORTH (Yelahanka)','Baglur',31271,'HOOVINAYAKAN HALLI','Anganwadi',' '
'PRESCHOOL','Bangalore','Sumangali seva Ashrama ','Audugodi',30398,'AUDUGODI 2','Independent  Balwadi',' '
'PRESCHOOL','Bangalore','BANGALORE NORTH (Yelahanka)','Laggere 4th circle',30512,'GORAGUNTEPALYA','Anganwadi',' '
'PRESCHOOL','Bangalore','BANGALORE NORTH (Yelahanka)','Laggere 4th circle',30513,'SUMANAHALLI','Anganwadi',' '
'PRESCHOOL','Bangalore','Bangalore central ','Kithuru Rani Channamma 3rd Circle',30473,'GORIPALYA 6','Anganwadi',' '
'PRESCHOOL','Bangalore','Bangalore central ','Triveni 5th Circle',31483,'NETAJINAGAR 2ND','Anganwadi',' '
'PRESCHOOL','Bangalore','BANGALORE NORTH (Yelahanka)','Baglur',31276,'HUNSURU','Anganwadi',' '
'PRESCHOOL','Bangalore','Sumangali seva Ashrama ','Murphy Town',31368,'ISLAMPURA 1','Anganwadi',' '
'SCHOOL','BANGLORE  ','NORTH-4','CHIKKAJALA',33269,'GKHPS MUTHAGADAHALLI','Lower Primary',' '
'PRESCHOOL','Bangalore','Bangalore central ','Sir M Vishweshwariah 1st Circle',30399,'SHAMMANNA GARDEN PIPELANE RAILWAYGATE','Anganwadi',' '
'PRESCHOOL','Bangalore','Bangalore central ','Sir M Vishweshwariah 1st Circle',30439,'CHOLUR PALYA 4','Independent  Balwadi',' '
'PRESCHOOL','Bangalore','Bangalore State','Wilson Garden',31197,'JAKKASANDRA','Anganwadi',' '
'PRESCHOOL','Bangalore','Bangalore State','Wilson Garden',31188,'SIDDARAT COLONY 3','Anganwadi',' '
'PRESCHOOL','Bangalore','ANEKAL TALUK  ','Sarjapura',31308,'THEJESHVINI','Anganwadi',' '
'PRESCHOOL','Bangalore','BANGALORE NORTH (Yelahanka)','Bagalu gunte',30782,'MARAMMALAKSHMIDEVASTHANA 2','Anganwadi',' '
'PRESCHOOL','Bangalore','BANGALORE NORTH (Yelahanka)','Bettahalasuru',30862,'KADIGANAHALLI','Anganwadi',' '
'PRESCHOOL','Bangalore','Bangalore central ','Netaji 2nd Circle',34080,'MUDALAPALYA','Anganwadi',' '
'PRESCHOOL','Bangalore','Bangalore State','Banashankari',33730,'ILAYAZ NAGAR','Independent  Balwadi',' '
'PRESCHOOL','Bangalore','Bangalore central ','Sir M Vishweshwariah 1st Circle',34098,'CHOLURPALAYA 1','Independent  Balwadi',' '
'PRESCHOOL','Bangalore','BANGALORE NORTH (Yelahanka)','Kadugondanahalli',33879,'BAIRANAKUNTE -1','Anganwadi',' '
'PRESCHOOL','Bangalore','BANGALORE NORTH (Yelahanka)','Kadugondanahalli',33907,'ASHOKANAGARA','Anganwadi',' '
'PRESCHOOL','Bangalore','BANGALORE NORTH (Yelahanka)','Hreohalli',33908,'GOLLARAHATTI  2','Anganwadi',' '
'PRESCHOOL','Bangalore','ANEKAL TALUK  ','Dommasanddra',34030,'DOMMASANDRA HB','Anganwadi',' '
'PRESCHOOL','Bangalore','Bangalore south(Banashankari)','Varthur ',33754,'VIJAYNAGAR  (EX)','Anganwadi',' '
'PRESCHOOL','Bangalore','Bangalore State','Yashwanthpura',31419,'SHASTRI NAGAR 1','Anganwadi',' '
'PRESCHOOL','Bangalore','Bangalore south(Banashankari)','Begure',30462,'HOSA ROAD 2','Independent  Balwadi',' '
'PRESCHOOL','Bangalore','BANGALORE NORTH (Yelahanka)','Laggere 4th circle',30468,'BAIRESHWARANAGARA','Independent  Balwadi',' '
'PRESCHOOL','Bangalore','Sumangali seva Ashrama ','Kodihalli',29690,'ANANDA PURAM 1ST MAIN','Independent  Balwadi',' '
'PRESCHOOL','Bangalore','BANGALORE NORTH (Yelahanka)','Yalahanka upnagar',30889,'YALAHANKA 3','Anganwadi',' '
'PRESCHOOL','Bangalore','BANGALORE NORTH (Yelahanka)','Sonnenahali',30730,'HAROHALLIPALYA','Anganwadi',' '
'PRESCHOOL','Bangalore','BANGALORE NORTH (Yelahanka)','Yalahanka upnagar',30895,'YALAHANKA 4','Anganwadi',' '
'PRESCHOOL','Bangalore','Sumangali seva Ashrama ','Koramangala',31041,'SHASTRI NAGAR 2','Anganwadi',' '
'PRESCHOOL','Bangalore','Bangalore south(Banashankari)','Uttrahalli',31143,'VADERAHALLI','Anganwadi',' '
'PRESCHOOL','Bangalore','BANGALORE NORTH (Yelahanka)','Chikkajala',33828,'SRINIVASPURA 2','Anganwadi',' '
'PRESCHOOL','Bangalore','Sumangali seva Ashrama ','Murphy Town',29688,'ANANDA PURAM 1','Independent  Balwadi',' '
'PRESCHOOL','Bangalore','Bangalore State','Yashwanthpura',30495,'AMBEDKAR NAGAR 2A','Anganwadi',' '
'PRESCHOOL','Bangalore','Bangalore south(Banashankari)','Jeevanbhima Nagar',29632,'J B NAGAR','Independent  Balwadi',' '
'PRESCHOOL','Bangalore','BANGALORE NORTH (Yelahanka)','Bettahalasuru',33805,'GADENAHALLI','Anganwadi',' '
'PRESCHOOL','Bangalore','BANGALORE NORTH (Yelahanka)','Yalahanka',33939,'YALAHANKA 1','Anganwadi',' '
'PRESCHOOL','Bangalore','ANEKAL TALUK  ','Mahantalingapura',33946,'KONASANDRA DELETE','Anganwadi',' '
'PRESCHOOL','Bangalore','Bangalore central ','Triveni 5th Circle',34075,'BINNIPETE','Anganwadi',' '
'PRESCHOOL','Bangalore','BANGALORE NORTH (Yelahanka)','Kodigenahalli',34085,'KAVAL BAIRASANDRA 2','Anganwadi',' '
'PRESCHOOL','Bangalore','BANGALORE NORTH (Yelahanka)','Baglur',33889,'MARANAHALLI','Anganwadi',' '
'PRESCHOOL','Bangalore','BANGALORE NORTH (Yelahanka)','Sonnenahali',33812,'MADAPPANA HALLI','Anganwadi',' '
'PRESCHOOL','Bangalore','Bangalore south(Banashankari)','Thavare kere',33814,'HALAMANA PALYA','Anganwadi',' '
'PRESCHOOL','Bangalore','BANGALORE NORTH (Yelahanka)','Yalahanka',33856,'AMRUTHAHALLI KENDRA 1','Anganwadi',' '
'PRESCHOOL','Bangalore','BANGALORE NORTH (Yelahanka)','Mallasandra',33970,'CHOKKASANDRA','Anganwadi',' '
'PRESCHOOL','Bangalore','BANGALORE NORTH (Yelahanka)','Bettahalasuru',34017,'SATANUR  DELET','Anganwadi',' '
'PRESCHOOL','Bangalore','BANGALORE NORTH (Yelahanka)','Bettahalasuru',34020,'VIDYANAGAR-III','Anganwadi',' '
'PRESCHOOL','Bangalore','BANGALORE NORTH (Yelahanka)','Bettahalasuru',33645,'T AGRAHARA','Anganwadi',' '
'PRESCHOOL','Bangalore','Bangalore south(Banashankari)','Varthur',33789,'HAGADOORU (EX)','Anganwadi',' '
'PRESCHOOL','Bangalore','ANEKAL TALUK  ','Indlavadi',35469,'THIMMANAYAKA HALLI','Anganwadi',' '
'PRESCHOOL','Bangalore','Bangalore State','Gavipura Guttahalli',35482,'ITTAMADU 2','Independent  Balwadi',' '
'PRESCHOOL','Bangalore','BANGALORE NORTH (Yelahanka)','Kodigenahalli',31291,'KODIGEHALLI- 2','Anganwadi',' '
'PRESCHOOL','Bangalore','BANGALORE NORTH (Yelahanka)','Hreohalli',35479,'HEGGANA HALLI','Independent  Balwadi',' '
'SCHOOL','BANGALORE RURAL','HOSAKOTE','SULIBELE',35877,'G LPS SIDDENAHALLI','Lower Primary',' '
'SCHOOL','BANGALORE RURAL','HOSAKOTE','BEGURU',35886,'G HPS KAMBALIPURA','Upper Primary',' '
'SCHOOL','BANGALORE RURAL','HOSAKOTE','BEGURU',35887,'G ULPS E.MUTHASANDRA','Lower Primary',' '
'SCHOOL','BANGALORE RURAL','HOSAKOTE','BEGURU',35895,'G LPS DODDANALLURAHALLI','Lower Primary',' '
'SCHOOL','BANGALORE RURAL','HOSAKOTE','BEGURU',35897,'G HPS DODDA HULLURU','Upper Primary',' '
'SCHOOL','BANGALORE RURAL','HOSAKOTE','BEGURU',35900,'G LPS CHOKKAHALLI','Lower Primary',' '
'SCHOOL','BANGALORE RURAL','HOSAKOTE','BEGURU',35901,'G LPS CHOWLAPPANAHALLI','Lower Primary',' '
'SCHOOL','BANGALORE RURAL','HOSAKOTE','NELAVAGILU',35921,'G UHPS BOYS BNPURA','Upper Primary',' '
'SCHOOL','BANGALORE RURAL','HOSAKOTE','NELAVAGILU',35924,'G LPS OBALAHALLI','Lower Primary',' '
'SCHOOL','BANGALORE RURAL','HOSAKOTE','NELAVAGILU',35926,'G LPS AGASARAHALLI','Lower Primary',' '
'SCHOOL','BANGALORE RURAL','HOSAKOTE','THAVAREKERE',35934,'G LPS MANCHAPPANAHALLI','Lower Primary',' '
'SCHOOL','BANGALORE RURAL','HOSAKOTE','THAVAREKERE',35937,'G LPS LINGAPURA','Lower Primary',' '
'PRESCHOOL','Bangalore','Sumangali seva Ashrama ','Dodda Banaswadi',34117,'SONNAPPA GARDEN','Independent  Balwadi',' '
'PRESCHOOL','Bangalore','Sumangali seva Ashrama ','Koramangala',35484,'P.K.R NAGAR','Anganwadi',' '
'SCHOOL','BANGALORE RURAL','HOSAKOTE','THAVAREKERE',35946,'G LPS MYLAPURA','Lower Primary',' '
'SCHOOL','BANGALORE RURAL','HOSAKOTE','THAVAREKERE',35949,'G LPS GUGUTTAHALLI','Lower Primary',' '
'SCHOOL','BANGALORE RURAL','HOSAKOTE','THAVAREKERE',35951,'G HPS DODDENAHALLI','Upper Primary',' '
'SCHOOL','BANGALORE RURAL','HOSAKOTE','JADIGENAHALLI',35959,'G HPS OROHALLI','Upper Primary',' '
'SCHOOL','BANGALORE RURAL','HOSAKOTE','JADIGENAHALLI',35960,'G LPS DODDATHAGGALI','Lower Primary',' '
'SCHOOL','BANGALORE RURAL','HOSAKOTE','SAMETHANAHALLI',35974,'G HPS NADUVATTI','Upper Primary',' '
'SCHOOL','BANGALORE RURAL','HOSAKOTE','SAMETHANAHALLI',35976,'G HPS SAMETHANAHALLI','Upper Primary',' '
'SCHOOL','BANGALORE RURAL','HOSAKOTE','SAMETHANAHALLI',35978,'G LPS HEMANDAHALLI','Lower Primary',' '
'SCHOOL','BANGALORE RURAL','HOSAKOTE','SAMETHANAHALLI',35981,'G LPS AJJAGONDANAHALLI','Lower Primary',' '
'SCHOOL','BANGALORE RURAL','HOSAKOTE','DEVANAGUNDI',35993,'G HPS ANUGONDANAHALLI','Upper Primary',' '
'SCHOOL','BANGALORE RURAL','HOSAKOTE','DEVANAGUNDI',36002,'G LPS BANARAHALLI','Lower Primary',' '
'SCHOOL','BANGALORE RURAL','HOSAKOTE','HOSAKOTE TOWN',36022,'G HPS DANDUPALYA','Upper Primary',' '
'SCHOOL','BANGALORE RURAL','HOSAKOTE','BENDIGANAHALLI',36025,'G LPS THIMMAPPANAHALLI','Lower Primary',' '
'SCHOOL','BANGALORE RURAL','HOSAKOTE','BENDIGANAHALLI',36035,'G HPS BHAVAPURA','Upper Primary',' '
'SCHOOL','BANGALORE RURAL','HOSAKOTE','BENDIGANAHALLI',36039,'G LPS NAGARENAHALLI','Lower Primary',' '
'SCHOOL','BANGALORE RURAL','HOSAKOTE','SHIVANAPURA',36043,'G HPS KARAPANAHALLI','Upper Primary',' '
'SCHOOL','BANGALORE RURAL','HOSAKOTE','VAGATA',36089,'G HPS KATTIGENAHALLI','Upper Primary',' '
'SCHOOL','BANGALORE RURAL','HOSAKOTE','VAGATA',36091,'G ULPS CHATRIPALYA','Lower Primary',' '
'SCHOOL','BANGALORE RURAL','HOSAKOTE','VAGATA',36092,'G HPS VAGATA','Upper Primary',' '
'SCHOOL','BANGALORE RURAL','HOSAKOTE','VAGATA',36095,'G HPS KODIHALLI','Upper Primary',' '
'SCHOOL','BANGALORE RURAL','HOSAKOTE','VAGATA',36097,'G ULPS BISANAHALLI','Lower Primary',' '
'SCHOOL','BANGALORE RURAL','HOSAKOTE','VAGATA',36100,'G LPS HUNASEHALLI','Lower Primary',' '
'SCHOOL','BANGALORE RURAL','HOSAKOTE','VAGATA',36104,'G HPS KHAJI HOSAHALLI','Upper Primary',' '
'SCHOOL','BANGALORE RURAL','HOSAKOTE','VAGATA',36105,'G HPS HONACHANAHALLI','Upper Primary',' '
'SCHOOL','BANGALORE RURAL','HOSAKOTE','KALKUNTE',36117,'G LPS SIDDANAPURA','Lower Primary',' '
'SCHOOL','BANGALORE RURAL','HOSAKOTE','KALKUNTE',36120,'G ULPS GANAGALURU','Lower Primary',' '
'SCHOOL','BANGALORE RURAL','HOSAKOTE','ALAPPANAHALLI',36126,'G LPS VENKATAPURA','Lower Primary',' '
'SCHOOL','BANGALORE RURAL','HOSAKOTE','ALAPPANAHALLI',36127,'G LPS VABHASANDRA','Lower Primary',' '
'SCHOOL','BANGALORE RURAL','HOSAKOTE','ALAPPANAHALLI',36130,'G LPS UPPARAHALLI','Lower Primary',' '
'PRESCHOOL','Bangalore','Sumangali seva Ashrama ','Kodihalli',34136,'ANANDAPURAM','Independent  Balwadi',' '
'PRESCHOOL','Bangalore','Sumangali seva Ashrama ','Kodihalli',34138,'ISLAMPURA','Independent  Balwadi',' '
'PRESCHOOL','Bangalore','Sumangali seva Ashrama ','Kodihalli',34140,'ISLAMPURA  2','Independent  Balwadi',' '
'PRESCHOOL','Bangalore','Sumangali seva Ashrama ','Kodihalli',34146,'MALLESHPALYA','Independent  Balwadi',' '
'PRESCHOOL','Bangalore','BANGALORE NORTH (Yelahanka)','Chikkajala',31234,'HUTTANA HALLI COLONI','Anganwadi',' '
'SCHOOL','BANGLORE  ','SOUTH-3','MADIVALA',32561,'GULPS ADUGODI','Lower Primary',' '
'PRESCHOOL','Bangalore','BANGALORE NORTH (Yelahanka)','Yalahanka upnagar',30879,'YALAHANKA 1 HOSABEEBHIROED','Anganwadi',' '
'SCHOOL','BANGLORE  ','SOUTH-1','MALLATHAHALLI',32964,'GKHPS PANTHARAPALYA','Upper Primary',' '
'SCHOOL','BANGLORE  ','ANEKAL','SABMANGALA',35475,'GKLPS ASHRAYAMANE YOJANE','Lower Primary',' '
'PRESCHOOL','Bangalore','BANGALORE NORTH (Yelahanka)','Laggere 4th circle',30451,'MUDALA PALYA 2','Independent  Balwadi',' '
'SCHOOL','BANGLORE  ','SOUTH-1','BASAVANAGUDI',32342,'GULPS PARVATHIPURAM','Lower Primary',' '
'PRESCHOOL','Bangalore','Bangalore State','Gavipura Guttahalli',30672,'ITTAMADU 1','Anganwadi',' '
'PRESCHOOL','Bangalore','Sumangali seva Ashrama ','Sultanpalya',30985,'EIDGA MAHULLA 1','Anganwadi',' '
'SCHOOL','BANGLORE  ','SOUTH-3','GOTTIGERE',32356,'GKHPS NS PALYA','Upper Primary',' '
'PRESCHOOL','Bangalore','Sumangali seva Ashrama ','Audugodi',30401,'HULIMAAVU','Independent  Balwadi',' '
'PRESCHOOL','Bangalore','BANGALORE NORTH (Yelahanka)','Yalahanka',31502,'AGRAHARALAYOUT 2','Anganwadi',' '
'PRESCHOOL','Bangalore','BANGALORE NORTH (Yelahanka)','Baglur',31504,'B.K.H.PALYA','Anganwadi',' '
'PRESCHOOL','Bangalore','Sumangali seva Ashrama ','Murphy Town',31509,'DODDIGUNTE (EX)','Anganwadi',' '
'PRESCHOOL','Bangalore','BANGALORE NORTH (Yelahanka)','Laggere 4th circle',29656,'JI MARTUTHYNAGAR 1','Anganwadi',' '
'SCHOOL','BANGLORE  ','BMP-1','BMPCLUSTER',32102,'CPS NARAYAN PILLAI','Lower Primary',' '
'SCHOOL','BANGLORE  ','SOUTH-3','BYARSANDRA',32148,'GULPS SR NAGAR','Lower Primary',' '
'PRESCHOOL','Bangalore','Bangalore State','Palace Guttalli Circle',29562,'RAHMATH NAGAR','Anganwadi',' '
'SCHOOL','BANGLORE  ','SOUTH-2','KALASIPALYA',32443,'GKMPS VIDYAGANAPATI ARALEPET','Model Primary',' '
'PRESCHOOL','Bangalore','Sumangali seva Ashrama ','Murphy Town',29658,'ISLAM PURA 2 MENI','Independent  Balwadi',' '
'PRESCHOOL','Bangalore','BANGALORE NORTH (Yelahanka)','Kadugondanahalli',30735,'BASALINGAPPANAGAR','Anganwadi',' '
'PRESCHOOL','Bangalore','Bangalore central ','Netaji 2nd Circle',30342,'WAMIKINAGAR 1ST CROSS','Anganwadi',' '
'PRESCHOOL','Bangalore','Bangalore central ','Sir M Vishweshwariah 1st Circle',30379,'AVALAHALLI HOSABADAVANE','Independent  Balwadi',' '
'PRESCHOOL','Bangalore','BANGALORE NORTH (Yelahanka)','Kodigenahalli',31278,'SHAMPURA ROAD','Anganwadi',' '
'PRESCHOOL','Bangalore','Bangalore south(Banashankari)','Byrathi',30571,'KOTTANOORU','Anganwadi',' '
'PRESCHOOL','Bangalore','Bangalore State','Wilson Garden',31152,'SIDDARAT COLONY 2','Anganwadi',' '
'PRESCHOOL','Bangalore','BANGALORE NORTH (Yelahanka)','Chikkajala',31254,'KATTGENAHALLI','Anganwadi',' '
'PRESCHOOL','Bangalore','Bangalore central ','Sir M Vishweshwariah 1st Circle',30390,'SHAMMANNA GARDEN 5TH CROSS','Independent  Balwadi',' '
'PRESCHOOL','Bangalore','Sumangali seva Ashrama ','Dodda Banaswadi',30450,'RAMASWAMIPALYA','Independent  Balwadi',' '
'PRESCHOOL','Bangalore','Sumangali seva Ashrama ','Kadugondanahalli',30470,'BYRASANDRA','Independent  Balwadi',' '
'PRESCHOOL','Bangalore','BANGALORE NORTH (Yelahanka)','Kodigenahalli',31287,'KB SANDRA 1','Anganwadi',' '
'PRESCHOOL','Bangalore','BANGALORE NORTH (Yelahanka)','Kodigenahalli',31298,'SHAKTI NAGAR','Anganwadi',' '
'SCHOOL','BANGLORE  ','SOUTH-2','HOSAHALLI',32253,'GUHPS OLD GUDDADAHALLI','Upper Primary',' '
'PRESCHOOL','Bangalore','Sumangali seva Ashrama ','Dodda Banaswadi',30224,'PERIYAR NAGARA 2','Akshara Balwadi',' '
'PRESCHOOL','Bangalore','Bangalore State','Wilson Garden',31515,'LALBAGH SIDDAPURA','Anganwadi',' '
'PRESCHOOL','Bangalore','ANEKAL TALUK  ','Hennagara',30817,'KONAMADIVALA','Anganwadi',' '
'PRESCHOOL','Bangalore','BANGALORE NORTH (Yelahanka)','Yalahanka',31529,'KAMAKSHAMMA LAYOUT','Anganwadi',' '
'PRESCHOOL','Bangalore','BANGALORE NORTH (Yelahanka)','Baglur',31532,'AREBANNIMANGALA','Anganwadi',' '
'PRESCHOOL','Bangalore','Bangalore south(Banashankari)','Varthur ',29702,'SIDDHAPURA','Anganwadi',' '
'PRESCHOOL','Bangalore','BANGALORE NORTH (Yelahanka)','Kadugondanahalli',31415,'DEVINANJAYANAPALYA','Anganwadi',' '
'PRESCHOOL','Bangalore','Bangalore State','Wilson Garden',34067,'ADUGODI POLICE QUARTRESS','Independent  Balwadi',' '
'PRESCHOOL','Bangalore','BANGALORE NORTH (Yelahanka)','Bettahalasuru',33806,'SRINIVASPURA 1','Anganwadi',' '
'PRESCHOOL','Bangalore','Bangalore central ','Netaji 2nd Circle',34095,'KASTHURI BA SEVA SANGA','Anganwadi',' '
'PRESCHOOL','Bangalore','Bangalore State','Wilson Garden',30643,'BUNDAY SLUM','Anganwadi',' '
'PRESCHOOL','Bangalore','Bangalore south(Banashankari)','Begure',30457,'HOSA ROAD 1','Independent  Balwadi',' '
'PRESCHOOL','Bangalore','ANEKAL TALUK  ','Marasur',29691,'BIDARGERE','Anganwadi',' '
'PRESCHOOL','Bangalore','BANGALORE NORTH (Yelahanka)','Kadugondanahalli',33800,'LINGRAJPURAM  3','Anganwadi',' '
'PRESCHOOL','Bangalore','BANGALORE NORTH (Yelahanka)','Kadugondanahalli',33883,'VEERANAPALYA 2','Anganwadi',' '
'PRESCHOOL','Bangalore','BANGALORE NORTH (Yelahanka)','Kadugondanahalli',33886,'LINGARAJPURA 1','Anganwadi',' '
'PRESCHOOL','Bangalore','BANGALORE NORTH (Yelahanka)','Kodigenahalli',33900,'NAGASHETTIHALLI','Anganwadi',' '
'PRESCHOOL','Bangalore','BANGALORE NORTH (Yelahanka)','Hreohalli',33903,'BYADARA HALLI-I','Anganwadi',' '
'SCHOOL','BANGLORE  ','SOUTH-1','HOSAKEREHALLI',32744,'GKLPS GOWDANAPALYA','Lower Primary',' '
'PRESCHOOL','Bangalore','BANGALORE NORTH (Yelahanka)','Sonnenahali',30718,'SONNENAHALLI','Anganwadi',' '
'PRESCHOOL','Bangalore','BANGALORE NORTH (Yelahanka)','Sonnenahali',30732,'NAGADASANAHALLI','Anganwadi',' '
'PRESCHOOL','Bangalore','ANEKAL TALUK  ','Mahantalingapura',30910,'BYATARAYANADODDI','Anganwadi',' '
'PRESCHOOL','Bangalore','BANGALORE NORTH (Yelahanka)','Bettahalasuru',33642,'TARAHUNASE 2','Anganwadi',' '
'PRESCHOOL','Bangalore','Bangalore central ','Sir M Vishweshwariah 1st Circle',30334,'BYATARYAN PURA-II','Anganwadi',' '
'PRESCHOOL','Bangalore','Bangalore State','Wilson Garden',31457,'ANJANNAYYA SLUM 1','Anganwadi',' '
'PRESCHOOL','Bangalore','BANGALORE NORTH (Yelahanka)','Chikkajala',31258,'AMBEDEKARNAGAR','Anganwadi',' '
'PRESCHOOL','Bangalore','BANGALORE NORTH (Yelahanka)','Sonnenahali',31279,'CHALLAHALLI','Anganwadi',' '
'PRESCHOOL','Bangalore','Sumangali seva Ashrama ','Kodihalli',29649,'JOUTHI NAGAR','Independent  Balwadi',' '
'PRESCHOOL','Bangalore','ANEKAL TALUK  ','Marasur',33931,'NAGARTHAPETE TO BE DELETE','Anganwadi',' '
'PRESCHOOL','Bangalore','Bangalore central ','Sir M Vishweshwariah 1st Circle',33977,'KASTURABHANAGAR-I','Anganwadi',' '
'SCHOOL','BANGLORE  ','SOUTH-3','MADIVALA',32558,'GKMPS VENKATAPURA','Model Primary',' '
'SCHOOL','BANGLORE  ','ANEKAL','MUGALURU',33362,'GKHPS KUTHAGANNA HALLI','Upper Primary',' '
'PRESCHOOL','Bangalore','BANGALORE NORTH (Yelahanka)','Bettahalasuru',33644,'THIMMASANDRA','Anganwadi',' '
'PRESCHOOL','Bangalore','NON NOTIFIED SLUM','DODDA BANASAWADI',35874,'OMBR LAYOUT','Akshara Balwadi',' '
'PRESCHOOL','Bangalore','BANGALORE NORTH (Yelahanka)','Hreohalli',31185,'MALAGALA JANATHA COLONY','Anganwadi',' '
'PRESCHOOL','Bangalore','Bangalore south(Banashankari)','Kengeri circle',35332,'GOOD WILL PLAY HOME','Independent  Balwadi',' '
'PRESCHOOL','Bangalore','BANGALORE NORTH (Yelahanka)','Yalahanka',35483,'MANJUNATH NAGAR 1','Anganwadi',' '
'PRESCHOOL','Bangalore','NON NOTIFIED SLUM','PANTHARAPALYA',35855,'PANTHARAPALYA 2','Akshara Balwadi',' '
'PRESCHOOL','Bangalore','NON NOTIFIED SLUM','PANTHARAPALYA',35857,'PANTHARAPALYA 4','Akshara Balwadi',' '
'PRESCHOOL','Bangalore','NON NOTIFIED SLUM','VERABADRA NAGAR',35858,'VERABADRA NAGAR 1','Akshara Balwadi',' '
'PRESCHOOL','Bangalore','Bangalore central ','Triveni 5th Circle',35113,'KAMLANAGARA RESOURCE CENTER BRC 01','Independent  Balwadi',' '
'SCHOOL','BANGALORE RURAL','HOSAKOTE','SULIBELE',35881,'G LPS VALAGEREPURA','Lower Primary',' '
'SCHOOL','BANGALORE RURAL','HOSAKOTE','BEGURU',35896,'G HPS SOMPURA','Upper Primary',' '
'SCHOOL','BANGALORE RURAL','HOSAKOTE','BEGURU',35902,'G HPS MALLIMAKANAPURA','Upper Primary',' '
'SCHOOL','BANGALORE RURAL','HOSAKOTE','BEGURU',35903,'G LPS CHIKKA NALLURAHALLI','Lower Primary',' '
'SCHOOL','BANGALORE RURAL','HOSAKOTE','BEGURU',35904,'G LPS PILLAGUMPE','Lower Primary',' '
'SCHOOL','BANGALORE RURAL','HOSAKOTE','NELAVAGILU',35912,'G HPS NELAVAGILU','Upper Primary',' '
'SCHOOL','BANGALORE RURAL','HOSAKOTE','NELAVAGILU',35923,'G LPS ULUVANAHALLI','Lower Primary',' '
'SCHOOL','BANGALORE RURAL','HOSAKOTE','NELAVAGILU',35928,'G HPS THARABAHALLI','Upper Primary',' '
'SCHOOL','BANGALORE RURAL','HOSAKOTE','THAVAREKERE',35930,'G LPS BANDAHALLI','Lower Primary',' '
'SCHOOL','BANGALORE RURAL','HOSAKOTE','THAVAREKERE',35942,'G LPS PUJARAMANAHALLI','Lower Primary',' '
'SCHOOL','BANGALORE RURAL','HOSAKOTE','THAVAREKERE',35945,'G LPS DABBAGUNTAHALLI','Lower Primary',' '
'PRESCHOOL','Bangalore','Sumangali seva Ashrama ','Sultanpalya',34119,'YASIN NAGARA','Independent  Balwadi',' '
'PRESCHOOL','Bangalore','ANEKAL TALUK  ','Indlavadi',35489,'THIMMAYYANA DODDI','Anganwadi',' '
'SCHOOL','BANGALORE RURAL','HOSAKOTE','THAVAREKERE',35948,'G HPS DODDANALLALA','Upper Primary',' '
'SCHOOL','BANGALORE RURAL','HOSAKOTE','THAVAREKERE',35954,'G LPS APPASANDRA','Lower Primary',' '
'SCHOOL','BANGALORE RURAL','HOSAKOTE','JADIGENAHALLI',35956,'G HPS THAVATAHALLI','Upper Primary',' '
'SCHOOL','BANGALORE RURAL','HOSAKOTE','JADIGENAHALLI',35962,'G LPS THAGGALIHOSAHALLI','Lower Primary',' '
'SCHOOL','BANGALORE RURAL','HOSAKOTE','JADIGENAHALLI',35965,'G LPS BELAMANGALA','Lower Primary',' '
'SCHOOL','BANGALORE RURAL','HOSAKOTE','JADIGENAHALLI',35968,'G LPS VADAGEHALLI','Lower Primary',' '
'SCHOOL','BANGALORE RURAL','HOSAKOTE','SAMETHANAHALLI',35973,'G LPS KORALURU','Lower Primary',' '
'SCHOOL','BANGALORE RURAL','HOSAKOTE','SAMETHANAHALLI',35979,'G LPS NAGANAYAKANA KOTE','Lower Primary',' '
'SCHOOL','BANGALORE RURAL','HOSAKOTE','SAMETHANAHALLI',35983,'G HPS MUTHASANDRA','Upper Primary',' '
'SCHOOL','BANGALORE RURAL','HOSAKOTE','DEVANAGUNDI',36001,'G ULPS HANDENAHALLI','Lower Primary',' '
'SCHOOL','BANGALORE RURAL','HOSAKOTE','HOSAKOTE TOWN',36003,'G HPS JINNAGARA','Upper Primary',' '
'SCHOOL','BANGALORE RURAL','HOSAKOTE','HOSAKOTE TOWN',36013,'G LPS VARADAPURA','Lower Primary',' '
'SCHOOL','BANGALORE RURAL','HOSAKOTE','HOSAKOTE TOWN',36021,'G HPS V.V. EXTN.','Upper Primary',' '
'SCHOOL','BANGALORE RURAL','HOSAKOTE','BENDIGANAHALLI',36028,'G LPS DYAVASANDRA','Lower Primary',' '
'SCHOOL','BANGALORE RURAL','HOSAKOTE','SHIVANAPURA',36057,'G HPS MUGABALA','Upper Primary',' '
'SCHOOL','BANGALORE RURAL','HOSAKOTE','SHIVANAPURA',36058,'G ULPS MUGABALA','Lower Primary',' '
'SCHOOL','BANGALORE RURAL','HOSAKOTE','SHIVANAPURA',36064,'G LPS HALASAHALLI','Lower Primary',' '
'SCHOOL','BANGALORE RURAL','HOSAKOTE','NANDAGUDI',36067,'G LPS RALAKUNTE','Lower Primary',' '
'SCHOOL','BANGALORE RURAL','HOSAKOTE','NANDAGUDI',36073,'G UHPS HINIDGANALA','Upper Primary',' '
'PRESCHOOL','Bangalore','BANGALORE NORTH (Yelahanka)','Bettahalasuru',31259,'SONNAPANAHALLI','Anganwadi',' '
'SCHOOL','BANGALORE RURAL','HOSAKOTE','VAGATA',36094,'G LPS DEVASHETTYHALLI','Lower Primary',' '
'SCHOOL','BANGALORE RURAL','HOSAKOTE','VAGATA',36103,'G LPS PARAMANAHALLI','Lower Primary',' '
'SCHOOL','BANGALORE RURAL','HOSAKOTE','ALAPPANAHALLI',36131,'G HPS KUMBALAHALLI','Upper Primary',' '
'SCHOOL','BANGALORE RURAL','HOSAKOTE','ALAPPANAHALLI',36132,'G LPS CHOWLU THOTA','Lower Primary',' '
'SCHOOL','BANGALORE RURAL','HOSAKOTE','ALAPPANAHALLI',36133,'G LPS KALLAHALLI','Lower Primary',' '
'PRESCHOOL','Bangalore','BANGALORE NORTH (Yelahanka)','Kodigenahalli',31303,'VISHWANATHA  NAGENA HALLI','Anganwadi',' '
'PRESCHOOL','Bangalore','Sumangali seva Ashrama ','Dodda Banaswadi',34129,'MUSLIM COLONY','Independent  Balwadi',' '
'PRESCHOOL','Bangalore','Bangalore south(Banashankari)','Begure',34150,'MANGAMANPALYA','Independent  Balwadi',' '
'PRESCHOOL','Bangalore','Sumangali seva Ashrama ','Sultanpalya',34152,'JANI BI COMPOUND','Independent  Balwadi',' '
'PRESCHOOL','Bangalore','Bangalore State','Wilson Garden',30410,'SIDDA PURA','Independent  Balwadi',' '
'PRESCHOOL','Bangalore','Bangalore State','Wilson Garden',34160,'JAKKASANDRA  2','Anganwadi',' '
'PRESCHOOL','Bangalore','Bangalore south(Banashankari)','Kengeri circle',31391,'MARIYAPPANAPALYA 1','Anganwadi',' '
'PRESCHOOL','Bangalore','Sumangali seva Ashrama ','Sultanpalya',35488,'PERIYAR NAGAR','Independent  Balwadi',' '
'PRESCHOOL','Bangalore','BANGALORE NORTH (Yelahanka)','Laggere 4th circle',30174,'KAMAKSHIPALYA 2','Anganwadi',' '
'PRESCHOOL','Bangalore','BANGALORE NORTH (Yelahanka)','Chikkajala',30628,'DWARAKANAGARA','Anganwadi',' '
'PRESCHOOL','Bangalore','Bangalore State','Banashankari',30694,'YARAB NAGAR','Anganwadi',' '
'PRESCHOOL','Bangalore','ANEKAL TALUK  ','Attibele',31489,'KAMBALEPURA','Anganwadi',' '
'PRESCHOOL','Bangalore','Bangalore central ','Kithuru Rani Channamma 3rd Circle',31426,'GIRIPURA 1','Anganwadi',' '
'SCHOOL','BANGLORE  ','SOUTH-3','BEGUR',32013,'GKLPS SUBHASHNAGAR (BEGUR)','Lower Primary',' '
'PRESCHOOL','Bangalore','BANGALORE NORTH (Yelahanka)','Kadugondanahalli',30984,'NAGAWARA','Anganwadi',' '
'PRESCHOOL','Bangalore','BANGALORE NORTH (Yelahanka)','Machohalli',30506,'RAMAPALYA','Anganwadi',' '
'PRESCHOOL','Bangalore','Bangalore State','Banashankari',30518,'CAUVERI NAGAR 2','Independent  Balwadi',' '
'PRESCHOOL','Bangalore','BANGALORE NORTH (Yelahanka)','Hreohalli',30530,'KENGUNTE 2','Anganwadi',' '
'PRESCHOOL','Bangalore','BANGALORE NORTH (Yelahanka)','Chikkajala',31506,'NAVARATHNA AGRAHARA','Anganwadi',' '
'PRESCHOOL','Bangalore','Bangalore south(Banashankari)','Begure',29547,'TO BE DELETED NIYAPANAHALLI','Akshara Balwadi',' '
'SCHOOL','BANGLORE  ','BMP-1','BMPCLUSTER',32100,'CPS MALLESHWARAM','Lower Primary',' '
'SCHOOL','BANGLORE  ','BMP-1','BMPCLUSTER',32104,'CPS TASKER TOWN','Lower Primary',' '
'SCHOOL','BANGLORE  ','NORTH-2','MALLESWARAM',33174,'GKMPS MALLESWARAM CIRCLE','Upper Primary',' '
'PRESCHOOL','Bangalore','BANGALORE NORTH (Yelahanka)','Kodigenahalli',31015,'SANJEEVININAGAR 2','Anganwadi',' '
'PRESCHOOL','Bangalore','BANGALORE NORTH (Yelahanka)','Kodigenahalli',31023,'SANJEEVININAGAR 3','Anganwadi',' '
'SCHOOL','BANGLORE  ','SOUTH-2','KALASIPALYA',32450,'GULPS TARAMANDALPET','Lower Primary',' '
'PRESCHOOL','Bangalore','Bangalore central ','Netaji 2nd Circle',30417,'AYYAPPA SEVA SANGA 2','Independent  Balwadi',' '
'PRESCHOOL','Bangalore','BANGALORE NORTH (Yelahanka)','Bettahalasuru',30850,'SUGGATTA','Anganwadi',' '
'PRESCHOOL','Bangalore','BANGALORE NORTH (Yelahanka)','Sonnenahali',31250,'BYATHA','Anganwadi',' '
'PRESCHOOL','Bangalore','BANGALORE NORTH (Yelahanka)','Bettahalasuru',31265,'VIDYANAGAR','Anganwadi',' '
'PRESCHOOL','Bangalore','Sumangali seva Ashrama ','Sultanpalya',31288,'BASSAPA LANE','Anganwadi',' '
'PRESCHOOL','Bangalore','BANGALORE NORTH (Yelahanka)','Bagalu gunte',30744,'TARABANAHALLI','Anganwadi',' '
'PRESCHOOL','Bangalore','BANGALORE NORTH (Yelahanka)','Laggere 4th circle',30472,'BEERESHWARI NAGAR 1','Independent  Balwadi',' '
'PRESCHOOL','Bangalore','Sumangali seva Ashrama ','Dodda Banaswadi',30313,'VENKESH PURAM','Anganwadi',' '
'PRESCHOOL','Bangalore','BANGALORE NORTH (Yelahanka)','Sonnenahali',31257,'SINGANAYAKANAHALLI 1','Anganwadi',' '
'PRESCHOOL','Bangalore','BANGALORE NORTH (Yelahanka)','Baglur',31283,'MANCHAPANA HALLI','Anganwadi',' '
'PRESCHOOL','Bangalore','BANGALORE NORTH (Yelahanka)','Kodigenahalli',31299,'KODIGEHALLI 1','Anganwadi',' '
'PRESCHOOL','Bangalore','Bangalore central ','Netaji 2nd Circle',31484,'VINYAKA NAGAR','Anganwadi',' '
'PRESCHOOL','Bangalore','BANGALORE NORTH (Yelahanka)','Kadugondanahalli',31317,'BASAVALINGAPPA NAGARA','Anganwadi',' '
'PRESCHOOL','Bangalore','Sumangali seva Ashrama ','Dodda Banaswadi',29582,'JOSEP GARDEN','Independent  Balwadi',' '
'PRESCHOOL','Bangalore','Bangalore central ','Netaji 2nd Circle',30423,'GORIPALYA','Independent  Balwadi',' '
'PRESCHOOL','Bangalore','BANGALORE NORTH (Yelahanka)','Kodigenahalli',31325,'JAYARAM COLONY','Anganwadi',' '
'PRESCHOOL','Bangalore','Bangalore central ','Kuvempunagar 4th Circle',31057,'GOVINDARAJANAGARA','Anganwadi',' '
'PRESCHOOL','Bangalore','BANGALORE NORTH (Yelahanka)','Chikkajala',30622,'VINAYAKANAGAR','Anganwadi',' '
'SCHOOL','BANGLORE  ','SOUTH-1','KUMBALAGODU',31978,'GKHPS GONIPURA','Upper Primary',' '
'PRESCHOOL','Bangalore','BANGALORE NORTH (Yelahanka)','Yalahanka',33850,'AGRAHARA','Anganwadi',' '
'PRESCHOOL','Bangalore','Bangalore central ','Kithuru Rani Channamma 3rd Circle',31397,'VELUMURUGA PURA','Anganwadi',' '
'PRESCHOOL','Bangalore','BANGALORE NORTH (Yelahanka)','Baglur',30870,'BAGLUR 2','Anganwadi',' '
'PRESCHOOL','Bangalore','BANGALORE NORTH (Yelahanka)','Gopalapura',30876,'DASENAHALLI 2','Anganwadi',' '
'PRESCHOOL','Bangalore','Bangalore State','Gavipura Guttahalli',34041,'DHOBI GHAT -3','Independent  Balwadi',' '
'PRESCHOOL','Bangalore','Bangalore central ','Sir M Vishweshwariah 1st Circle',34044,'BAIRAVESHVARANAGARA','Independent  Balwadi',' '
'PRESCHOOL','Bangalore','BANGALORE NORTH (Yelahanka)','Sonnenahali',34053,'DIBBURU','Anganwadi',' '
'PRESCHOOL','Bangalore','Bangalore central ','Netaji 2nd Circle',34055,'MOODALAPALYA - 1','Independent  Balwadi',' '
'PRESCHOOL','Bangalore','Bangalore central ','Netaji 2nd Circle',34063,'PADARAYANA PURA 2 ND','Anganwadi',' '
'PRESCHOOL','Bangalore','BANGALORE NORTH (Yelahanka)','Kodigenahalli',34091,'NAGASHETTAHALLI 2     TO BE DELETE','Anganwadi',' '
'SCHOOL','BANGLORE  ','SOUTH-1','KENGERI',32434,'GUHPS BEEDIWORKERS COLONY','Upper Primary',' '
'PRESCHOOL','Bangalore','Bangalore State','Banashankari',33732,'YARABNAGAR-1','Independent  Balwadi',' '
'PRESCHOOL','Bangalore','BANGALORE NORTH (Yelahanka)','Laggere 4th circle',30185,'PEENY PLEEM BEATION','Anganwadi',' '
'PRESCHOOL','Bangalore','Bangalore central ','Sir M Vishweshwariah 1st Circle',34097,'GANGUNDANAHALLI','Independent  Balwadi',' '
'PRESCHOOL','Bangalore','BANGALORE NORTH (Yelahanka)','Kadugondanahalli',33874,'CHOLANAYAKANA HALLI 1','Anganwadi',' '
'PRESCHOOL','Bangalore','Bangalore central ','Kuvempunagar 4th Circle',30630,'F/A NAGAR 2','Anganwadi',' '
'PRESCHOOL','Bangalore','BANGALORE NORTH (Yelahanka)','Chikkajala',33987,'HOSURU','Anganwadi',' '
'PRESCHOOL','Bangalore','BANGALORE NORTH (Yelahanka)','Kodigenahalli',33905,'SANJEEVAPPA COLONY','Anganwadi',' '
'PRESCHOOL','Bangalore','BANGALORE NORTH (Yelahanka)','Hesaragatta',30751,'SHVEKUNTA 2','Anganwadi',' '
'PRESCHOOL','Bangalore','BANGALORE NORTH (Yelahanka)','Bettahalasuru',30868,'BILLAMARNAHALLI','Anganwadi',' '
'PRESCHOOL','Bangalore','BANGALORE NORTH (Yelahanka)','Kodigenahalli',31430,'KEMPEGOWDA NAGAR','Anganwadi',' '
'SCHOOL','BANGLORE  ','NORTH-4','YELEHANKA NEW TOWN',32879,'GKHPS NARASIPURA','Upper Primary',' '
'SCHOOL','BANGLORE  ','SOUTH-1','HOSAKEREHALLI',32742,'GKHPS KADHIRENAHALLI','Upper Primary',' '
'PRESCHOOL','Bangalore','BANGALORE NORTH (Yelahanka)','Chikkajala',30842,'SATANOORU','Anganwadi',' '
'PRESCHOOL','Bangalore','Sumangali seva Ashrama ','Sultanpalya',30363,'DADDANAGAR','Anganwadi',' '
'PRESCHOOL','Bangalore','ANEKAL TALUK  ','Bhannerghatta',30378,'BISMILLANAGAR','Anganwadi',' '
'PRESCHOOL','Bangalore','Bangalore State','Gavipura Guttahalli',33691,'JANASHAKTHI NAGARA','Anganwadi',' '
'PRESCHOOL','Bangalore','BANGALORE NORTH (Yelahanka)','Yalahanka',31244,'YELAHANKA NEW TOWN','Anganwadi',' '
'PRESCHOOL','Bangalore','BANGALORE NORTH (Yelahanka)','Chikkajala',31268,'KOLIPURA','Anganwadi',' '
'PRESCHOOL','Bangalore','Sumangali seva Ashrama ','Kadugondanahalli',31277,'VEERANPALYA','Anganwadi',' '
'PRESCHOOL','Bangalore','BANGALORE NORTH (Yelahanka)','Yalahanka',33854,'SURABHI LAYOUT 1','Anganwadi',' '
'PRESCHOOL','Bangalore','BANGALORE NORTH (Yelahanka)','Laggere 4th circle',33989,'GORUGUNTE PALYA 1','Anganwadi',' '
'PRESCHOOL','Bangalore','Bangalore State','Wilson Garden',31151,'SIDDARAT COLONY','Anganwadi',' '
'PRESCHOOL','Bangalore','BANGALORE NORTH (Yelahanka)','Sonnenahali',33821,'KAKOLU','Anganwadi',' '
'PRESCHOOL','Bangalore','BANGALORE NORTH (Yelahanka)','Sonnenahali',33878,'HAROHALLI 1','Anganwadi',' '
'PRESCHOOL','Bangalore','BANGALORE NORTH (Yelahanka)','Hesaragatta',30742,'MUTTAGADAHALLI','Anganwadi',' '
'PRESCHOOL','Bangalore','BANGALORE NORTH (Yelahanka)','Chikkajala',34004,'MUTTUGADA HALLI','Anganwadi',' '
'SCHOOL','BANGLORE  ','BMP-1','BMPCLUSTER',32094,'CPS AUSTIN TOWN','Lower Primary',' '
'PRESCHOOL','Bangalore','Bangalore south(Banashankari)','Doddakannelli',33774,'MULLURU','Anganwadi',' '
'PRESCHOOL','Bangalore','BANGALORE NORTH (Yelahanka)','Abbigere',30883,'KUVEMPUNAGAR II','Anganwadi',' '
'PRESCHOOL','Bangalore','BANGALORE NORTH (Yelahanka)','Kadugondanahalli',31006,'LINGARAJAPURA A BLOCK','Anganwadi',' '
'PRESCHOOL','Bangalore','Bangalore central ','Netaji 2nd Circle',31527,'PADARAYANA PURA-3RD','Anganwadi',' '
'PRESCHOOL','Bangalore','BANGALORE NORTH (Yelahanka)','Kadugondanahalli',30456,'CHOLANAYAKANAHALLI 1ST','Anganwadi',' '
'PRESCHOOL','Bangalore','BANGALORE NORTH (Yelahanka)','Sonnenahali',31269,'AHAVALAHALLI','Anganwadi',' '
'SCHOOL','BANGALORE RURAL','HOSAKOTE','SULIBELE',35875,'G HPS JANATHA COLONY','Upper Primary',' '
'SCHOOL','BANGALORE RURAL','HOSAKOTE','SULIBELE',35878,'G LPS BETTAHALLI','Lower Primary',' '
'SCHOOL','BANGALORE RURAL','HOSAKOTE','NELAVAGILU',35908,'G HPS CHIKKONDAHALLI','Upper Primary',' '
'SCHOOL','BANGALORE RURAL','HOSAKOTE','NELAVAGILU',35909,'G HPS DALASAGERE','Upper Primary',' '
'SCHOOL','BANGALORE RURAL','HOSAKOTE','NELAVAGILU',35910,'G LPS AREHALLI','Lower Primary',' '
'SCHOOL','BANGALORE RURAL','HOSAKOTE','NELAVAGILU',35919,'G HPS MOTHAKADAHALLI','Upper Primary',' '
'SCHOOL','BANGALORE RURAL','HOSAKOTE','THAVAREKERE',35938,'G LPS BEERAHALLI','Lower Primary',' '
'PRESCHOOL','Bangalore','BANGALORE NORTH (Yelahanka)','Kodigenahalli',34112,'MUNESWARANAGAR','Anganwadi',' '
'PRESCHOOL','Bangalore','BANGALORE NORTH (Yelahanka)','Kodigenahalli',34113,'SANJAYA GANDHI NAGAR','Anganwadi',' '
'SCHOOL','BANGALORE RURAL','HOSAKOTE','JADIGENAHALLI',35963,'G LPS GONAKANAHALLI','Lower Primary',' '
'SCHOOL','BANGALORE RURAL','HOSAKOTE','SAMETHANAHALLI',35984,'G LPS BELLI KERE','Lower Primary',' '
'SCHOOL','BANGALORE RURAL','HOSAKOTE','DEVANAGUNDI',35986,'G HPS DODDA DUNNASANDRA','Upper Primary',' '
'SCHOOL','BANGALORE RURAL','HOSAKOTE','DEVANAGUNDI',35998,'G LPS MEDIMALLASANDRA','Lower Primary',' '
'SCHOOL','BANGALORE RURAL','HOSAKOTE','HOSAKOTE TOWN',36004,'G HPS KANNURAHALLI','Upper Primary',' '
'SCHOOL','BANGALORE RURAL','HOSAKOTE','BENDIGANAHALLI',36027,'G LPS BALENAHALLI','Lower Primary',' '
'SCHOOL','BANGALORE RURAL','HOSAKOTE','BENDIGANAHALLI',36030,'G LPS CHIKKA ARALAGERE','Lower Primary',' '
'SCHOOL','BANGALORE RURAL','HOSAKOTE','BENDIGANAHALLI',36032,'G HPS DODDA ARALAGERE','Upper Primary',' '
'SCHOOL','BANGALORE RURAL','HOSAKOTE','SHIVANAPURA',36041,'G LPS KORADAHALLI','Lower Primary',' '
'SCHOOL','BANGALORE RURAL','HOSAKOTE','SHIVANAPURA',36042,'G HPS SHIVANAPURA','Upper Primary',' '
'SCHOOL','BANGALORE RURAL','HOSAKOTE','SHIVANAPURA',36044,'G HPS K SATHYAVARA','Upper Primary',' '
'SCHOOL','BANGALORE RURAL','HOSAKOTE','SHIVANAPURA',36046,'G ULPS DODDENAHALLI','Lower Primary',' '
'SCHOOL','BANGALORE RURAL','HOSAKOTE','SHIVANAPURA',36055,'G LPS CHIKKANAHALLI','Lower Primary',' '
'SCHOOL','BANGALORE RURAL','HOSAKOTE','SHIVANAPURA',36061,'G LPS ATTURU','Lower Primary',' '
'SCHOOL','BANGALORE RURAL','HOSAKOTE','SHIVANAPURA',36062,'G HPS NIDAGHATTA','Upper Primary',' '
'SCHOOL','BANGALORE RURAL','HOSAKOTE','SHIVANAPURA',36063,'G ULPS NIDAGHATTA','Lower Primary',' '
'SCHOOL','BANGALORE RURAL','HOSAKOTE','NANDAGUDI',36068,'G LPS ESTHURU','Lower Primary',' '
'SCHOOL','BANGALORE RURAL','HOSAKOTE','NANDAGUDI',36079,'G LPS GIDDANAHALLI','Lower Primary',' '
'SCHOOL','BANGALORE RURAL','HOSAKOTE','NANDAGUDI',36086,'G LPS NADUVINAPURA','Lower Primary',' '
'SCHOOL','BANGALORE RURAL','HOSAKOTE','KALKUNTE',36111,'G LPS AREHALLI','Lower Primary',' '
'SCHOOL','BANGALORE RURAL','HOSAKOTE','ALAPPANAHALLI',36135,'G HPS KURUBARAHALLI','Upper Primary',' '
'SCHOOL','BANGALORE RURAL','HOSAKOTE','SULIBELE',36140,'G UHPS SULIBELE','Upper Primary',' '
'PRESCHOOL','Bangalore','BANGALORE NORTH (Yelahanka)','Baglur',31251,'MARALUKUNTE','Anganwadi',' '
'PRESCHOOL','Bangalore','Sumangali seva Ashrama ','Murphy Town',34128,'GOVINDAPURA 1','Independent  Balwadi',' '
'PRESCHOOL','Bangalore','Sumangali seva Ashrama ','Murphy Town',34131,'ANANDAPURA 1','Independent  Balwadi',' '
'PRESCHOOL','Bangalore','Sumangali seva Ashrama ','Kodihalli',34141,'ANANDPURA 2','Independent  Balwadi',' '
'PRESCHOOL','Bangalore','Sumangali seva Ashrama ','Dodda Banaswadi',34143,'MUSLIM COLONY 2','Independent  Balwadi',' '
'PRESCHOOL','Bangalore','Bangalore State','Banashankari',30418,'TILAK NAGAR','Independent  Balwadi',' '
'PRESCHOOL','Bangalore','BANGALORE NORTH (Yelahanka)','Machohalli',35471,'JANA PRIYA TOWN','Independent  Balwadi',' '
'SCHOOL','BANGLORE  ','NORTH-3','OPH Road',32611,'GUHPS LATHIFIA','Upper Primary',' '
'SCHOOL','BANGLORE  ','NORTH-1','LAGGERE',32659,'GKLPS SIDDARTHANAGARA','Lower Primary',' '
'PRESCHOOL','Bangalore','BANGALORE NORTH (Yelahanka)','Chikkajala',30602,'PALANAHALLI','Anganwadi',' '
'SCHOOL','BANGLORE  ','BMP-1','BMPCLUSTER',32093,'CPS AKKIPETE','Lower Primary',' '
'PRESCHOOL','Bangalore','Sumangali seva Ashrama ','Sultanpalya',30994,'TANKA MOHULLA','Anganwadi',' '
'PRESCHOOL','Bangalore','BANGALORE NORTH (Yelahanka)','Hreohalli',31169,'MALAGALA 1','Anganwadi',' '
'PRESCHOOL','Bangalore','BANGALORE NORTH (Yelahanka)','Laggere 4th circle',30244,'PEENYA 1 STAGE','Anganwadi',' '
'SCHOOL','BANGLORE  ','BMP-1','BMPCLUSTER',32095,'CPS BROADWAY HAFIZIA ','Lower Primary',' '
'PRESCHOOL','Bangalore','BANGALORE NORTH (Yelahanka)','Kadugondanahalli',30982,'GOVIND PURA','Anganwadi',' '
'SCHOOL','BANGLORE  ','SOUTH-2','CHAMARAJPET',32124,'GKHPS JANATHA COLONY','Upper Primary',' '
'PRESCHOOL','Bangalore','ANEKAL TALUK  ','Sarjapura',33453,'SARJAPURA 1','Anganwadi',' '
'SCHOOL','BANGLORE  ','SOUTH-3','KONANAKUNTE',32464,'GULPS HARINAGAR','Lower Primary',' '
'PRESCHOOL','Bangalore','BANGALORE NORTH (Yelahanka)','Laggere 4th circle',29646,'LEGGERE 2','Anganwadi',' '
'PRESCHOOL','Bangalore','Bangalore central ','Sir M Vishweshwariah 1st Circle',30433,'PANTHAR PALYA-I','Anganwadi',' '
'PRESCHOOL','Bangalore','BANGALORE NORTH (Yelahanka)','Baglur',31281,'HOSAHALLI  M','Anganwadi',' '
'PRESCHOOL','Bangalore','BANGALORE NORTH (Yelahanka)','Kadugondanahalli',31289,'LINGRAJPURAM','Anganwadi',' '
'PRESCHOOL','Bangalore','Sumangali seva Ashrama ','Audugodi',30402,'AUDUGODI POLICE QUTRAS BANGALORE 30','Independent  Balwadi',' '
'PRESCHOOL','Bangalore','Bangalore central ','Sir M Vishweshwariah 1st Circle',30425,'CHOLUR PALYA 1','Independent  Balwadi',' '
'PRESCHOOL','Bangalore','Bangalore central ','Netaji 2nd Circle',30460,'ARAFATHNAGAR 1','Independent  Balwadi',' '
'PRESCHOOL','Bangalore','Bangalore central ','Sir M Vishweshwariah 1st Circle',30429,'CHOLUR PALYA 2','Independent  Balwadi',' '
'PRESCHOOL','Bangalore','BANGALORE NORTH (Yelahanka)','Chikkajala',31264,'MEENUKUNTE HOSHRU','Anganwadi',' '
'PRESCHOOL','Bangalore','BANGALORE NORTH (Yelahanka)','Kodigenahalli',31292,'ASHWATH NAGARA','Anganwadi',' '
'PRESCHOOL','Bangalore','Bangalore central ','Triveni 5th Circle',31478,'NETAJINAGARA 1','Anganwadi',' '
'PRESCHOOL','Bangalore','BANGALORE NORTH (Yelahanka)','Kodigenahalli',29573,'TO BE DELETED KHUSHAL NAGAR','Independent  Balwadi',' '
'PRESCHOOL','Bangalore','Sumangali seva Ashrama ','shanthi',30223,'PERIYAR NAGARA 2','Anganwadi',' '
'PRESCHOOL','Bangalore','Sumangali seva Ashrama ','Sultanpalya',30354,'SONNAPP GARDAN D J HALLI','Independent  Balwadi',' '
'PRESCHOOL','Bangalore','BANGALORE NORTH (Yelahanka)','Nagarabhavi',30420,'NAGARABHAVI','Anganwadi',' '
'PRESCHOOL','Bangalore','Bangalore central ','Kithuru Rani Channamma 3rd Circle',30424,'CHOLUR PALYA','Independent  Balwadi',' '
'PRESCHOOL','Bangalore','Bangalore State','Gavipura Guttahalli',30674,'GIRI NAGARA','Anganwadi',' '
'PRESCHOOL','Bangalore','BANGALORE NORTH (Yelahanka)','Sonnenahali',31213,'HANIYURU','Anganwadi',' '
'PRESCHOOL','Bangalore','BANGALORE NORTH (Yelahanka)','Bettahalasuru',31220,'VIDYA NAGARA CROSS','Anganwadi',' '
'PRESCHOOL','Bangalore','BANGALORE NORTH (Yelahanka)','Chikkajala',31323,'CHANNAHALLI 2','Anganwadi',' '
'PRESCHOOL','Bangalore','BANGALORE NORTH (Yelahanka)','Yalahanka',31539,'ALLALASANDRA 1','Anganwadi',' '
'PRESCHOOL','Bangalore','BANGALORE NORTH (Yelahanka)','Chikkajala',31230,'MARANAYAKANA HALLI','Anganwadi',' '
'PRESCHOOL','Bangalore','BANGALORE NORTH (Yelahanka)','Yalahanka',30852,'YELAHANKA  UPANAGARA 2','Anganwadi',' '
'PRESCHOOL','Bangalore','BANGALORE NORTH (Yelahanka)','Bettahalasuru',30863,'HUNUSUMARANA HALLI 1','Anganwadi',' '
'PRESCHOOL','Bangalore','Bangalore central ','Kithuru Rani Channamma 3rd Circle',34045,'BHAKSHI GARDEN -3','Anganwadi',' '
'PRESCHOOL','Bangalore','Bangalore central ','Kithuru Rani Channamma 3rd Circle',31394,'ANANDA PURAM-5','Anganwadi',' '
'PRESCHOOL','Bangalore','BANGALORE NORTH (Yelahanka)','Yalahanka',31306,'KOGILU','Anganwadi',' '
'PRESCHOOL','Bangalore','BANGALORE NORTH (Yelahanka)','Yalahanka',33542,'VENKATALA','Anganwadi',' '
'PRESCHOOL','Bangalore','BANGALORE NORTH (Yelahanka)','Baglur',33870,'MARANAHALLI BANDE','Anganwadi',' '
'PRESCHOOL','Bangalore','Bangalore south(Banashankari)','kadugodi',29707,'CHANSANDRA','Anganwadi',' '
'PRESCHOOL','Bangalore','BANGALORE NORTH (Yelahanka)','Laggere 4th circle',30447,'MUDALA PALYA (SANJEEVINI NAGARA','Independent  Balwadi',' '
'PRESCHOOL','Bangalore','Bangalore central ','Netaji 2nd Circle',30458,'ARAFATHNAGAR','Independent  Balwadi',' '
'PRESCHOOL','Bangalore','BANGALORE NORTH (Yelahanka)','Hreohalli',30523,'CHIKKABASTHI','Anganwadi',' '
'PRESCHOOL','Bangalore','Bangalore central ','Sir M Vishweshwariah 1st Circle',30775,'T.R. SHAMANNA NAGARA','Anganwadi',' '
'PRESCHOOL','Bangalore','BANGALORE NORTH (Yelahanka)','Bettahalasuru',30849,'KUDERAGERE','Anganwadi',' '
'PRESCHOOL','Bangalore','BANGALORE NORTH (Yelahanka)','Sonnenahali',30861,'ANANTHAPURA','Anganwadi',' '
'PRESCHOOL','Bangalore','BANGALORE NORTH (Yelahanka)','Yalahanka',30867,'SRIRAMPURA','Anganwadi',' '
'PRESCHOOL','Bangalore','BANGALORE NORTH (Yelahanka)','Laggere 4th circle',30430,'MUDALA PALYA','Independent  Balwadi',' '
'PRESCHOOL','Bangalore','Bangalore State','Banashankari',30723,'HARI COLONY 1','Anganwadi',' '
'PRESCHOOL','Bangalore','BANGALORE NORTH (Yelahanka)','Hesaragatta',30747,'VINAYAKNAGAR 1','Anganwadi',' '
'PRESCHOOL','Bangalore','Sumangali seva Ashrama ','Koramangala',30387,'AUDUGODI 5','Anganwadi',' '
'PRESCHOOL','Bangalore','Bangalore south(Banashankari)','Jeevanbhima Nagar',29686,'NELLAR PURA','Independent  Balwadi',' '
'PRESCHOOL','Bangalore','BANGALORE NORTH (Yelahanka)','Bettahalasuru',33832,'BHARTHI NAGAR','Anganwadi',' '
'PRESCHOOL','Bangalore','BANGALORE NORTH (Yelahanka)','Rajanakunte',33923,'ITGALPURAXXX','Anganwadi',' '
'PRESCHOOL','Bangalore','BANGALORE NORTH (Yelahanka)','Machohalli',34025,'BASVESHWAR NAGAR 1','Anganwadi',' '
'PRESCHOOL','Bangalore','ANEKAL TALUK  ','Marasur',29641,'TO BE DELETED RECHMANAHALLI','Anganwadi',' '
'PRESCHOOL','Bangalore','BANGALORE NORTH (Yelahanka)','Yalahanka',33925,'AGRAHAR BEDAVANI 2','Anganwadi',' '
'PRESCHOOL','Bangalore','BANGALORE NORTH (Yelahanka)','Yalahanka',33941,'HOSABEEDI KANDERA3','Anganwadi',' '
'PRESCHOOL','Bangalore','Bangalore State','Banashankari',34083,'ILIYAZ NAGAR 2','Independent  Balwadi',' '
'SCHOOL','BANGLORE  ','SOUTH-2','CHAMARAJPET',32136,'GTHPS BELIMUTT','Upper Primary',' '
'PRESCHOOL','Bangalore','BANGALORE NORTH (Yelahanka)','Sondekoppa',33991,'JANATHA COLONY 1','Anganwadi',' '
'PRESCHOOL','Bangalore','BANGALORE NORTH (Yelahanka)','Machohalli',33873,'AVERAHALLI  1','Anganwadi',' '
'PRESCHOOL','Bangalore','BANGALORE NORTH (Yelahanka)','Kodigenahalli',33899,'BHOPASANDRA','Anganwadi',' '
'PRESCHOOL','Bangalore','BANGALORE NORTH (Yelahanka)','Kodigenahalli',33902,'KEMPAPURA-1','Anganwadi',' '
'PRESCHOOL','Bangalore','BANGALORE NORTH (Yelahanka)','Kadugondanahalli',33872,'RAMSWAMIPALYA','Anganwadi',' '
'PRESCHOOL','Bangalore','BANGALORE NORTH (Yelahanka)','Baglur',33890,'DASANAYAKANAHALLI','Anganwadi',' '
'PRESCHOOL','Bangalore','BANGALORE NORTH (Yelahanka)','Sonnenahali',33895,'MUDDANAHALLI','Anganwadi',' '
'PRESCHOOL','Bangalore','ANEKAL TALUK  ','Mahantalingapura',33675,'KARIYAPPANA HALLI','Anganwadi',' '
'PRESCHOOL','Bangalore','NON NOTIFIED SLUM','PANTHARAPALYA',35854,'PANTHARAPALYA 1','Akshara Balwadi',' '
'PRESCHOOL','Bangalore','Bangalore central ','Triveni 5th Circle',35112,'KAMALANAGAR 5','Independent  Balwadi',' '
'PRESCHOOL','Bangalore','Bangalore State','Wilson Garden',35114,'ADUGODI II','Anganwadi',' '
'PRESCHOOL','Bangalore','BANGALORE NORTH (Yelahanka)','Hreohalli',35486,'HEGGANAHALLI 4','Independent  Balwadi',' '
'SCHOOL','BANGALORE RURAL','HOSAKOTE','SULIBELE',35880,'G UHPS GIDDAPPANAHALLI','Upper Primary',' '
'SCHOOL','BANGALORE RURAL','HOSAKOTE','BEGURU',35893,'G LPS BAGALURU','Lower Primary',' '
'SCHOOL','BANGALORE RURAL','HOSAKOTE','BEGURU',35894,'G LPS BHEEMAKANAHALLI','Lower Primary',' '
'SCHOOL','BANGALORE RURAL','HOSAKOTE','NELAVAGILU',35915,'G HPS KARAHALLI','Upper Primary',' '
'SCHOOL','BANGALORE RURAL','HOSAKOTE','NELAVAGILU',35916,'G HPS KORATI','Upper Primary',' '
'SCHOOL','BANGALORE RURAL','HOSAKOTE','NELAVAGILU',35918,'G LPS MUDDANAHALLI','Lower Primary',' '
'SCHOOL','BANGALORE RURAL','HOSAKOTE','THAVAREKERE',35940,'G LPS BANAMAKANAHALLI','Lower Primary',' '
'SCHOOL','BANGALORE RURAL','HOSAKOTE','THAVAREKERE',35943,'G LPS CHINANDAHALLI','Lower Primary',' '
'PRESCHOOL','Bangalore','Sumangali seva Ashrama ','Murphy Town',34115,'SHIVAJINAGAR','Independent  Balwadi',' '
'PRESCHOOL','Bangalore','Sumangali seva Ashrama ','Sultanpalya',34116,'CHAMUNDI NAGAR','Independent  Balwadi',' '
'PRESCHOOL','Bangalore','Sumangali seva Ashrama ','Sultanpalya',34118,'SHIVAJINAGAR 1','Independent  Balwadi',' '
'PRESCHOOL','Bangalore','Sumangali seva Ashrama ','Sultanpalya',34120,'A K COLONY','Independent  Balwadi',' '
'PRESCHOOL','Bangalore','Sumangali seva Ashrama ','Sultanpalya',34121,'RIZWAN COMPOUND','Independent  Balwadi',' '
'PRESCHOOL','Bangalore','Bangalore south(Banashankari)','konnana kunte',35490,'KENGUNTE 1','Anganwadi',' '
'SCHOOL','BANGALORE RURAL','HOSAKOTE','JADIGENAHALLI',35955,'G LPS INJANAHALLI','Lower Primary',' '
'SCHOOL','BANGALORE RURAL','HOSAKOTE','JADIGENAHALLI',35958,'G HPS SOLURU','Upper Primary',' '
'SCHOOL','BANGALORE RURAL','HOSAKOTE','JADIGENAHALLI',35964,'G ULPS GONAKANAHALLI','Lower Primary',' '
'SCHOOL','BANGALORE RURAL','HOSAKOTE','JADIGENAHALLI',35967,'G LPS HARALURU','Lower Primary',' '
'SCHOOL','BANGALORE RURAL','HOSAKOTE','JADIGENAHALLI',35969,'G LPS KB HOSAHALLI','Lower Primary',' '
'SCHOOL','BANGALORE RURAL','HOSAKOTE','SAMETHANAHALLI',35977,'G HPS BHODHANA HOSAHALLI','Upper Primary',' '
'SCHOOL','BANGALORE RURAL','HOSAKOTE','SAMETHANAHALLI',35982,'G LPS KOTTURU','Lower Primary',' '
'SCHOOL','BANGALORE RURAL','HOSAKOTE','DEVANAGUNDI',35988,'G LPS LINGADHEELAMALLASANDRA','Lower Primary',' '
'SCHOOL','BANGALORE RURAL','HOSAKOTE','DEVANAGUNDI',35995,'G HPS MUTHKURU','Upper Primary',' '
'SCHOOL','BANGALORE RURAL','HOSAKOTE','HOSAKOTE TOWN',36006,'G LPS PETTANAHALLI','Lower Primary',' '
'SCHOOL','BANGALORE RURAL','HOSAKOTE','HOSAKOTE TOWN',36017,'G ULPS V.V. EXTN','Lower Primary',' '
'SCHOOL','BANGALORE RURAL','HOSAKOTE','HOSAKOTE TOWN',36024,'G UHPS KHAJI MAKHAN','Upper Primary',' '
'SCHOOL','BANGALORE RURAL','HOSAKOTE','BENDIGANAHALLI',36036,'G LPS HOSADIMBADAHALLI','Lower Primary',' '
'SCHOOL','BANGALORE RURAL','HOSAKOTE','SHIVANAPURA',36040,'G LPS MOTHAKADAHALLI','Lower Primary',' '
'SCHOOL','BANGALORE RURAL','HOSAKOTE','SHIVANAPURA',36049,'G HPS KEMBALIGANAHALLI','Upper Primary',' '
'SCHOOL','BANGALORE RURAL','HOSAKOTE','SHIVANAPURA',36054,'G LPS BHEEMAPURA','Lower Primary',' '
'SCHOOL','BANGALORE RURAL','HOSAKOTE','SHIVANAPURA',36056,'G LPS NAKKANAHALLI','Lower Primary',' '
'SCHOOL','BANGALORE RURAL','HOSAKOTE','SHIVANAPURA',36059,'G LPS M.HOSAHALLI','Lower Primary',' '
'SCHOOL','BANGALORE RURAL','HOSAKOTE','NANDAGUDI',36065,'G HPS ANUPAHALLI','Upper Primary',' '
'SCHOOL','BANGALORE RURAL','HOSAKOTE','NANDAGUDI',36069,'G LPS CHEEMASANDRA','Lower Primary',' '
'SCHOOL','BANGALORE RURAL','HOSAKOTE','NANDAGUDI',36081,'G HPS N.HOSAHALLI','Upper Primary',' '
'SCHOOL','BANGALORE RURAL','HOSAKOTE','VAGATA',36088,'G MPS THARABAHALLI','Model Primary',' '
'SCHOOL','BANGALORE RURAL','HOSAKOTE','VAGATA',36096,'G LPS BISANAHALLI','Lower Primary',' '
'SCHOOL','BANGALORE RURAL','HOSAKOTE','VAGATA',36102,'G LPS DODDADASARAHALLI','Lower Primary',' '
'SCHOOL','BANGALORE RURAL','HOSAKOTE','KALKUNTE',36110,'G HPS KALKUNTE AGRAHARA','Upper Primary',' '
'SCHOOL','BANGALORE RURAL','HOSAKOTE','KALKUNTE',36115,'G HPS BAGURU','Upper Primary',' '
'SCHOOL','BANGALORE RURAL','HOSAKOTE','ALAPPANAHALLI',36124,'G HPS SONNAHALLIPURA','Upper Primary',' '
'PRESCHOOL','Bangalore','ANEKAL TALUK  ','Marasur',29585,'KARPUR','Anganwadi',' '
'PRESCHOOL','Bangalore','Bangalore central ','Triveni 5th Circle',34147,'J C NAGAR 4 TO BE DELETE','Independent  Balwadi',' '
'PRESCHOOL','Bangalore','Sumangali seva Ashrama ','Dodda Banaswadi',34161,'SUGAR MANDI 1','Anganwadi',' '
'SCHOOL','BANGLORE  ','NORTH-4','YELEHANKA NEW TOWN',32882,'GKMPS DODDABETTAHALLI','Lower Primary',' '
Number of schools found in DB:2721,Number of schools missing:946,Total number of schools:3667
