District_Name|School_Code|School_Name|Block_Name|Cluster_Name|Village_Name|Pincode
BANGALORE NORTH|29280200102|GLPS ASHOKPURA SLUM|NORTH1|KRISHNANANDA NAGAR|MAHALASKMIPURA W NO 10|560022
BANGALORE NORTH|29280200403|GHPS JUGANA HALLI|NORTH1|SHIVA NAGAR|RAJAJI NAGARA WARD NO 15|560010
BANGALORE NORTH|29280200405|GLPS INDIRANAGARA|NORTH1|SHIVA NAGAR|RAJAJI NAGARA WARD NO 15|560010
BANGALORE NORTH|29280200406|GULPS INDIRA NAGARA COLONY|NORTH1|SHIVA NAGAR|RAJAJI NAGARA WARD NO 15|560010
BANGALORE NORTH|29280200407|GHPS 2ND BLOCK RAJAJINAGAR|NORTH1|SHIVA NAGAR|RAJAJI NAGARA WARD NO 15|560010
BANGALORE NORTH|29280200603|GHPS POLICE COLONY|NORTH1|KAMAKSHI PALYA|WARD NO 21|560023
BANGALORE NORTH|29280201203|GMPS HERO HALLI|NORTH1|BYADARA HALLI|HEEROHALLI|560091
BANGALORE NORTH|29280201301|GHPS GIDADAKONENA HALLI|NORTH1|BYADARA HALLI|GIDADAKONENA HALLI|560091
BANGALORE NORTH|29280201501|GLPS MUDDAYYANA PALYA|NORTH1|BYADARA HALLI|MUDDAYYANA PALYA|560091
BANGALORE NORTH|29280201601|GLPS ANJANA NAGAR|NORTH1|BYADARA HALLI|ANJANANAGAR|560091
BANGALORE NORTH|29280201701|GHPS BYADARA HALLI|NORTH1|BYADARA HALLI|BYADARA HALLI|560091
BANGALORE NORTH|29280201802|GMPS ANDARA HALLI|NORTH1|BYADARA HALLI|ANDARA HALLI|560091
BANGALORE NORTH|29280201902|GHPS CHIKKAGOLLARA HATTI|NORTH1|MACHO HALLI|CHIKKAGOLLARA HATTI|560091
BANGALORE NORTH|29280202001|GHPS TIGALARA PALYA|NORTH1|CHIKKABIDARA KALLU|TIGALARAPALYA|560058
BANGALORE NORTH|29280202101|GLPS KARIVABANA HALLI|NORTH1|CHIKKABIDARA KALLU|KARIVABANA HALLI|560073
BANGALORE NORTH|29280202401|GLPS MANGANA HALLI|NORTH1|ULLAU NEW TOWN|MANGANA HALLI|560060
BANGALORE NORTH|29280202601|GHPS KANNA HALLI|NORTH1|ULLAU NEW TOWN|KANNA HALLI|560056
BANGALORE NORTH|29280202701|GLPS GOLLARAPALYA|NORTH1|ULLAU NEW TOWN|GOLLARAPALYA|560091
BANGALORE NORTH|29280202804|GMPS LAGGERE|NORTH1|LAGGERE|LAGGERE WARD NO 30|560058
BANGALORE NORTH|29280202813|GHPS SANJAYAGANDHI NAGAR|NORTH1|LAGGERE|LAGGERE WARD NO 30|560096
BANGALORE NORTH|29280202837|GULPS CHAMUNDIPURA|NORTH1|LAGGERE|LAGGERE WARD NO 30|560058
BANGALORE NORTH|29280202902|GLPS RAJAGOPALA NAGAR|NORTH1|LAGGERE|RAJGOPAL NAGARA WARD NO|560058
BANGALORE NORTH|29280202911|GLPS SIDDARTHANAGARA|NORTH1|HEGGANA HALLI|RAJGOPAL NAGARA WARD NO|560091
BANGALORE NORTH|29280203006|GKLPS LAKSHMIDEVINAGAR|NORTH1|LAGGERE|LAKSHMIDEVINAGAR WARD NO|560096
BANGALORE NORTH|29280203104|GMPS PEENYA|NORTH1|PEENYA|PEENYA WARD NO 11|560058
BANGALORE NORTH|29280203121|G L P S ASHRAYA NAGAR (NEW)|NORTH1|PEENYA|PEENYA WARD NO 11|560058
BANGALORE NORTH|29280203205|GHPS MULAGAL VALY|NORTH1|KRISHNANANDA NAGAR|NANDINI LAYOUT WARD NO 12|560096
BANGALORE NORTH|29280203306|GHPS KURUBARAHALLI|NORTH1|KURUBARA HALLI|KAMALANAGAR WARD NO 16|560086
BANGALORE NORTH|29280203308|GLPS MAHATHMAGANDHI NAGAR|NORTH1|KURUBARA HALLI|KAMALANAGAR WARD NO 16|560086
BANGALORE NORTH|29280203309|GMPS KAMALANAGAR|NORTH1|KURUBARA HALLI|KAMALANAGAR WARD NO 16|560079
BANGALORE NORTH|29280203310|GUHPS KURUBARAHALLI|NORTH1|KURUBARA HALLI|KAMALANAGAR WARD NO 16|560086
BANGALORE NORTH|29280203337|GLPS KAMALANAGAR SLUM|NORTH1|KURUBARA HALLI|KAMALANAGAR WARD NO 16|560079
BANGALORE NORTH|29280203407|GLPS VRUSHABHAVATHI NAGAR|NORTH1|KAMAKSHI PALYA|VRUSHABHAVATHI NAGAR WARD|560079
BANGALORE NORTH|29280203504|GMPS KAMAKSHIPALYA|NORTH1|KAMAKSHI PALYA|KAMAKSHIPALYA WARD NO 18|560079
BANGALORE NORTH|29280203701|GHPS KADABAGERE|NORTH1|MACHO HALLI|KADABAGERE|562130
BANGALORE NORTH|29280203801|GHPS ARKAVATINAGAR|NORTH1|MACHO HALLI|ARKAVATINAGAR|562130
BANGALORE NORTH|29280203901|GHPS MACHO HALLI|NORTH1|MACHO HALLI|MACHO HALLI|560091
BANGALORE NORTH|29280203903|GKLPS MACHOHALLI COLONY|NORTH1|MACHO HALLI|MACHO HALLI|560091
BANGALORE NORTH|29280203910|GLPS VADDERA HALLI|NORTH1|MACHO HALLI|MACHO HALLI|562130
BANGALORE NORTH|29280203911|GHPS MALLASANDRA|NORTH1|SONDEKOPPA|MACHO HALLI|560091
BANGALORE NORTH|29280204001|GHPS K G LAKKENA HALLI|NORTH1|MACHO HALLI|K G LAKKENA HALLI|562123
BANGALORE NORTH|29280204201|GLPS GIDDENA HALLI|NORTH1|MACHO HALLI|GIDDENA HALLI|562130
BANGALORE NORTH|29280204301|GLPS GARUDACHR PALYA|NORTH1|MACHO HALLI|GARUDACHAR PALYA|562130
BANGALORE NORTH|29280204401|GLPS BYLAKONENA HALLI|NORTH1|MACHO HALLI|BYLAKONENA HALLI|562130
BANGALORE NORTH|29280204501|GLPS BYNDANA HALLI|NORTH1|MACHO HALLI|BYNDANA HALLI|560013
BANGALORE NORTH|29280204601|GLPS KANCHO HALLI|NORTH1|MACHO HALLI|KANCHO HALLI|562123
BANGALORE NORTH|29280204602|GULPS KACHO HALLI|NORTH1|MACHO HALLI|KANCHO HALLI|560091
BANGALORE NORTH|29280204802|GHPS KIITTANA HALLI|NORTH1|SONDEKOPPA|KITTANA HALLI|562130
BANGALORE NORTH|29280204901|GHPS RAVOTHANA HALLI|NORTH1|SONDEKOPPA|RAVOTHANA HALLI|562130
BANGALORE NORTH|29280205001|GLPS BETTA HALLI|NORTH1|SONDEKOPPA|BETTA HALLI|560130
BANGALORE NORTH|29280205101|GLPS AVERA HALLI|NORTH1|SONDEKOPPA|AVERA HALLI|562123
BANGALORE NORTH|29280205201|GLPS GOWDA HALLI|NORTH1|SONDEKOPPA|GOWDA HALLI|562123
BANGALORE NORTH|29280205301|GLPS KENGANA HALLI|NORTH1|SONDEKOPPA|KENGANA HALLI|560123
BANGALORE NORTH|29280205401|GLPS DEVINANJAYYAN PALYA|NORTH1|SONDEKOPPA|DEVINANJAYYAN PALYA|560091
BANGALORE NORTH|29280205502|GHPS MADANAYAKANA HALLI|NORTH1|MADANAYAKANAHALLI|MADANAYAKANA HALLI|562123
BANGALORE NORTH|29280205601|GHPS SIDDANAHOSA HALLI|NORTH1|MADANAYAKANAHALLI|SIDDANAHOSA HALLI|562123
BANGALORE NORTH|29280205701|GHPS LAKSHMIPURA|NORTH1|MADANAYAKANAHALLI|LAKSHMIPURA|562123
BANGALORE NORTH|29280205801|GLPS DOMBARAHALLI|NORTH1|MADANAYAKANAHALLI|DOMBARAHALLI|562123
BANGALORE NORTH|29280205901|GLPS KADARANA HALLI|NORTH1|MADANAYAKANAHALLI|KADARANA HALLI|562123
BANGALORE NORTH|29280206001|GLPS KAMMASANDRA|NORTH1|MADANAYAKANAHALLI|KAMMASANDRA|562123
BANGALORE NORTH|29280206101|GLPS KOLLIGANA HALLI|NORTH1|MADANAYAKANAHALLI|KOLLIGANA HALLI|562123
BANGALORE NORTH|29280206201|GLPS HANUMANTHASAGARA|NORTH1|MADANAYAKANAHALLI|HANUMANTHASAGARA|562123
BANGALORE NORTH|29280206301|GHPS MADHAVARA|NORTH1|CHIKKABIDARA KALLU|MADHAVARA|562123
BANGALORE NORTH|29280206401|GHPS CHIKKABIDARAKALLU|NORTH1|CHIKKABIDARA KALLU|CHIKKABIDARAKALLU|560073
BANGALORE NORTH|29280206403|GHPS NARAYANAPURA|NORTH1|MALLASANDRA|CHIKKABIDARAKALLU|560058
BANGALORE NORTH|29280206501|GHPS SRIKANTAPURA|NORTH1|CHIKKABIDARA KALLU|SRIKANTAPURA|560073
BANGALORE NORTH|29280206601|GLPS GANGONDANAHALLI COLONY|NORTH1|CHIKKABIDARA KALLU|GANGONDANA HALLI|562123
BANGALORE NORTH|29280206602|GHPS GANGONDANAHALLI|NORTH1|CHIKKABIDARA KALLU|GANGONDANA HALLI|562123
BANGALORE NORTH|29280206801|GLPS HOTTAPPANA PALYA|NORTH1|CHIKKABIDARA KALLU|HOTTAPPANA PALYA|562123
BANGALORE NORTH|29280206901|GHPS DODDABIDARAKALLU|NORTH1|CHIKKABIDARA KALLU|DODDABIDARAKALLU|560073
BANGALORE NORTH|29280207001|GHPS THIPPENA HALLI|NORTH1|CHIKKABIDARA KALLU|THIPPENA HALLI|560073
BANGALORE NORTH|29280207301|GMPS SONDEKOPPA|NORTH1|SONDEKOPPA|SONDEKOPPA|562130
BANGALORE NORTH|29280207302|GUPS SONDEKOPPA|NORTH1|SONDEKOPPA|SONDEKOPPA|562130
BANGALORE NORTH|29280207401|GLPS NAGASANDRA|NORTH1|SONDEKOPPA|NAGASANDRA|562130
BANGALORE NORTH|29280207404|GHPS NAGASANDRA|NORTH1|MALLASANDRA|NAGASANDRA|560073
BANGALORE NORTH|29280207406|G L P S NAGASANDARA COLONY|NORTH1|MALLASANDRA|NAGASANDRA|560073
BANGALORE NORTH|29280207501|GLPS LAKKENA HALLI|NORTH1|SONDEKOPPA|LAKKENA HALLI|562130
BANGALORE NORTH|29280207601|GHPS MALLASANDRA|NORTH1|MALLASANDRA|MALLASANDRA|560057
BANGALORE NORTH|29280207703|GHPS HULLEGOWDANA HALLI|NORTH1|SONDEKOPPA|HULLEGOWDANA HALLI|562123
BANGALORE NORTH|29280207801|GLPS HUNNIGERE|NORTH1|SONDEKOPPA|HUNNIGERE|562130
BANGALORE NORTH|29280207901|GLPS BYREGOWDANA HALLI|NORTH1|SONDEKOPPA|BYREGOWDANA HALLI|562123
BANGALORE NORTH|29280208001|GLPS BALAVEERANA HALLI|NORTH1|SONDEKOPPA|BALAVEERANA HALLI|562130
BANGALORE NORTH|29280208401|GMPS AD HALLI|NORTH1|KAMAKSHI PALYA|AD HALLI|560079
BANGALORE NORTH|29280208601|G L P S SHUSHRUTHINAGARA|NORTH1|HEGGANA HALLI|HEGGANALLI|560091
BANGALORE NORTH|29280208607|GMPS HEGGANAHALLI|NORTH1|HEGGANA HALLI|HEGGANALLI|560091
BANGALORE NORTH|29280208608|GUHPS HEGGANAHALLI|NORTH1|HEGGANA HALLI|HEGGANALLI|560091
BANGALORE NORTH|29280208609|GUHPS KAREEN SAB LAYOUT|NORTH1|HEGGANA HALLI|HEGGANALLI|560091
BANGALORE NORTH|29280208625|GLPS NAGARAHOLE NAGARA|NORTH1|HEGGANA HALLI|HEGGANALLI|560091
BANGALORE NORTH|29280208813|GHPS 5TH & 6TH BLK|NORTH1|SHIVA NAGAR|RAJAJI NAGAR|560010
BANGALORE NORTH|29280208821|GHPS KETHAMARANA HALLI|NORTH1|RAJAJINAGARA|RAJAJI NAGAR|560010
BANGALORE NORTH|29280208822|GHPS VADDARA PALYA|NORTH1|RAJAJINAGARA|RAJAJI NAGAR|560086
BANGALORE NORTH|29280209101|GHPS CHOKKASANDRA|NORTH1|MALLASANDRA|CHOKKASANDRA|560057
BANGALORE NORTH|29280209201|GHPS NELAGADARANA HALLI|NORTH1|MALLASANDRA|NELAGADARANA HALLI|560073
BANGALORE NORTH|29280209209|GLPS GHRUHA LAKSHMI LAYOUT|NORTH1|MALLASANDRA|NELAGADARANA HALLI|560073
BANGALORE NORTH|29280209401|GLPS CHANNANAYAKANAPALYA|NORTH1|CHIKKABIDARA KALLU|CHANNA NAYAKANA PALYA|560073
BANGALORE NORTH|29280229204|GHPS GORAGUNTEPALYA|NORTH1|PEENYA|GORAGUNTEPALYA|560022
BANGALORE NORTH|29280229802|GHPS KAMMAGONDANA HALLI W NO-3|NORTH1|PEENYA|KAMMAGUNDANA HALLI W NO-1|560015
BANGALORE NORTH|29280230201|GMPS SANEGORAVANAHALLI|NORTH1|KURUBARA HALLI|SANEGURA HALLI|560079
BANGALORE NORTH|29280230301|GHPS COOLINAGAR|NORTH1|PEENYA|COOLINAGAR|560096
BANGALORE NORTH|29280230504|GHPS MAHALAKSHMIPURAM|NORTH1|KRISHNANANDA NAGAR|MAHALAKSHMIPURAM|560086
BANGALORE NORTH|29280231501|GLPS MUNISWAMAPPA L/O V H SCHO|NORTH1|CHIKKABIDARA KALLU|MUNISWAMAPPA L/O|560073
BANGALORE NORTH|29280231601|GLPS SHIVAPURA|NORTH1|MALLASANDRA|SHIVAPURA|560073
BANGALORE NORTH|29280231701|GLPS RAVINDRANAGARA|NORTH1|MALLASANDRA|RAVINDRANAGARA|560015
BANGALORE NORTH|29280231801|K.S G.M.H.P.S ULLALU UPANAGAR|NORTH1|ULLAU NEW TOWN|ULLALU NEW TOWN|560056
BANGALORE NORTH|29280231804|GHPS ULLALU|NORTH1|ULLAU NEW TOWN|ULLALU NEW TOWN|560056
BANGALORE NORTH|29280231805|GULPS ULLALU NEW TOWN|NORTH1|ULLAU NEW TOWN|ULLALU NEW TOWN|560056
BANGALORE NORTH|29280231901|GLPS KODIGE HALLI|NORTH1|ULLAU NEW TOWN|KODIGEHALLI|560091
BANGALORE NORTH|29280232001|GLPS CHIKKA KODIGE HALLI|NORTH1|ULLAU NEW TOWN|CHIKKA KODIGEHALLI|560091
BANGALORE NORTH|29280232101|GLPS KODIGE HALLI COLONY|NORTH1|ULLAU NEW TOWN|KODIGE HALLI COLONY|560091
BANGALORE NORTH|29280232201|GLPS SEEGEHALLI|NORTH1|ULLAU NEW TOWN|SEEGEHALLI|560060
BANGALORE NORTH|29280232303|GLPS BEGGAR COLONY|NORTH1|SREE GANDHA KAVAL|SRIGANDADAKAVLU|560091
BANGALORE NORTH|29280232319|GHPS SRIGANDADAKAVLU|NORTH1|SREE GANDHA KAVAL|SRIGANDADAKAVLU|560091
BANGALORE NORTH|29280232401|GLPS HOSA HALLI GOLLARA PALYA|NORTH1|ULLAU NEW TOWN|H GOLLARA PALYA|560091
BANGALORE NORTH|29280232501|GUHPS PAILWANARA PALYA|NORTH1|CHIKKABIDARA KALLU|PILAVANARAPALYA|560058
BANGALORE NORTH|29280232601|GLPS CHOKKASANDRA SLUM|NORTH1|MALLASANDRA|CHOKKASANDRA SLUM|560058
BANGALORE NORTH|29280233301|GMPS SHIVANAGAR|NORTH1|SHIVA NAGAR|SHIVANAGARA|560010
BANGALORE NORTH|29280233401|GHPS RAJEEVGANDHINAGAR|NORTH1|LAGGERE|RAJVEEVGANDHINAGAR|560058
BANGALORE NORTH|29280233501|GHPS KRISHNANDA NAGARA|NORTH1|KRISHNANANDA NAGAR|KRISHNANADA NAGAR|560096
BANGALORE NORTH|29280233601|GLPS BILEKALLU|NORTH1|BYADARA HALLI|BILEKALLU|560091
BANGALORE NORTH|29280233701|GHPS T GUDDADHAHALLI|NORTH1|CHIKKABIDARA KALLU|T GUDDADHA HALLI|560073
BANGALORE NORTH|29280500202|GLPS KANNADA TIRUVALLAPURA|NORTH2|PALACE GUTTAHALLI|DATTATRAYA WARD NO 6|560003
BANGALORE NORTH|29280500203|GLPS URDU M D BLK MALLESWARAM|NORTH2|PALACE GUTTAHALLI|DATTATRAYA WARD NO 6|560003
BANGALORE NORTH|29280500309|GUMPS CHAMUNDI NAGAR|NORTH2|HEBBALA|HEBBEL WARD NO 96|560032
BANGALORE NORTH|29280500310|GMPS HEBBAL|NORTH2|HEBBALA|HEBBEL WARD NO 96|560024
BANGALORE NORTH|29280500311|GLPS GUDDADA HALLI|NORTH2|HEBBALA|HEBBEL WARD NO 96|560022
BANGALORE NORTH|29280500312|GLPS V NAGENA HALLI|NORTH2|HEBBALA|HEBBEL WARD NO 96|560032
BANGALORE NORTH|29280500313|GULPS BHUVANESWARINAGAR|NORTH2|HEBBALA|HEBBEL WARD NO 96|560032
BANGALORE NORTH|29280500325|GUHPS HEBBAL|NORTH2|HEBBALA|HEBBEL WARD NO 96|560024
BANGALORE NORTH|29280500340|GHPS CHOLNAYAKANAHALLI|NORTH2|HEBBALA|HEBBEL WARD NO 96|560032
BANGALORE NORTH|29280500341|G.L.P.S KUTHIGRAMA|NORTH2|HEBBALA|HEBBEL WARD NO 96|560032
BANGALORE NORTH|29280500357|GMPS GEDDALAHALLI|NORTH2|HEBBALA|HEBBEL WARD NO 96|560094
BANGALORE NORTH|29280500359|GUHPS BHOOPASANDRA|NORTH2|HEBBALA|HEBBEL WARD NO 96|560094
BANGALORE NORTH|29280500373|GHPS MANORAYANA PALYA|NORTH2|HEBBALA|HEBBEL WARD NO 96|0
BANGALORE NORTH|29280500421|GMPS JALAHALLI|NORTH2|JALLAHALLI|JALA HALLI WARD NO 2|560013
BANGALORE NORTH|29280500601|GLPS 18TH CRS MALLESWARAM|NORTH2|YESHWANTHPUR|KODANDARAMAPURA WARD NO|560022
BANGALORE NORTH|29280500614|GHPS KODANDARAMPURA|NORTH2|YESHWANTHPUR|KODANDARAMAPURA WARD NO|560003
BANGALORE NORTH|29280500618|GHPS INDIAN INSTITUTE SCI KODA|NORTH2|YESHWANTHPUR|KODANDARAMAPURA WARD NO|560012
BANGALORE NORTH|29280500619|GHPS GOKULA|NORTH2|YESHWANTHPUR|KODANDARAMAPURA WARD NO|560054
BANGALORE NORTH|29280500706|GHPS 13TH CRS MALLESWARAM|NORTH2|MALLESHWARAM|MALLESWARAM WARD NO 7|560003
BANGALORE NORTH|29280500712|GUHPS MALLESWARAAM CIRCLE|NORTH2|MALLESHWARAM|MALLESWARAM WARD NO 7|560003
BANGALORE NORTH|29280500732|SREE H.MUNISWAMY REDDY GAMPS|NORTH2|MALLESHWARAM|MALLESWARAM WARD NO 7|560022
BANGALORE NORTH|29280500739|GUHPS YESWATHPURA|NORTH2|MALLESHWARAM|MALLESWARAM WARD NO 7|560022
BANGALORE NORTH|29280500756|GKBMS MALLESHWARAM(PRADHANA)|NORTH2|MALLESHWARAM|MALLESWARAM WARD NO 7|560003
BANGALORE NORTH|29280500805|GHPS (KAN) GANDHINAGAR|NORTH2|SHESHADRIPURAM|GANDHINAGAR WARD NO 27|560009
BANGALORE NORTH|29280500807|GKHPS ANANDA RAO CIRCLE|NORTH2|SHESHADRIPURAM|GANDHINAGAR WARD NO 27|560009
BANGALORE NORTH|29280500808|GMPS LINK ROAD S PURAM|NORTH2|SHESHADRIPURAM|GANDHINAGAR WARD NO 27|560020
BANGALORE NORTH|29280500814|GTHPSGANDHINAGAR|NORTH2|SHESHADRIPURAM|GANDHINAGAR WARD NO 27|560009
BANGALORE NORTH|29280500815|GUHPS SC ROAD SHESHADRIPURAM|NORTH2|SHESHADRIPURAM|GANDHINAGAR WARD NO 27|560020
BANGALORE NORTH|29280500816|GULPS OLD SEWARILANE SHESHADRI|NORTH2|SHESHADRIPURAM|GANDHINAGAR WARD NO 27|560020
BANGALORE NORTH|29280500909|GULPS SUBEDARPALYA|NORTH2|JALLAHALLI|MATHIKERE WARD NO 4|560022
BANGALORE NORTH|29280500918|SRI VENKATESWARA SWAMY HPS MAT|NORTH2|JALLAHALLI|MATHIKERE WARD NO 4|560054
BANGALORE NORTH|29280500931|GMPS MATHIKERE|NORTH2|JALLAHALLI|MATHIKERE WARD NO 4|560054
BANGALORE NORTH|29280500932|GLPS POORNAPURA|NORTH2|JALLAHALLI|MATHIKERE WARD NO 4|560054
BANGALORE NORTH|29280501002|GLPS MARIYAPPANA PALYA SLUM|NORTH2|PRAKASHNAGAR|PRAKASH NAGAR WARD NO 23|560021
BANGALORE NORTH|29280501003|GULPS MARIYAPPANA PALYA SLUM|NORTH2|PRAKASHNAGAR|PRAKASH NAGAR WARD NO 23|560021
BANGALORE NORTH|29280501004|GMPS PRAKASH NAGAR|NORTH2|PRAKASHNAGAR|PRAKASH NAGAR WARD NO 23|560021
BANGALORE NORTH|29280501020|GHPS MARUTHI EXTENTION|NORTH2|PRAKASHNAGAR|PRAKASH NAGAR WARD NO 23|560021
BANGALORE NORTH|29280501105|GUHPS RAMACHANDRAPURA|NORTH2|SRI RAMPURAM|RAMACHANDRAPURA WARD NO|560021
BANGALORE NORTH|29280501107|GUHPS GOPALPURA MAGADI ROAD|NORTH2|SRI RAMPURAM|RAMACHANDRAPURA WARD NO|560023
BANGALORE NORTH|29280501114|GLPS UKKADA PALYA MAGADI ROAD|NORTH2|SRI RAMPURAM|RAMACHANDRAPURA WARD NO|560023
BANGALORE NORTH|29280501205|GUHPS BHOOPASANDRA|NORTH2|HEBBALA|SANJAYA NAGAR|560032
BANGALORE NORTH|29280501206|GMPS NAGASHETTI HALLI|NORTH2|HEBBALA|SANJAYA NAGAR|560094
BANGALORE NORTH|29280501222|GMPS GEDDALA HALLI|NORTH2|HEBBALA|SANJAYA NAGAR|560094
BANGALORE NORTH|29280501301|GHPS RAILWAY COLONY|NORTH2|MALLESHWARAM|SEVASHRAMA WARD NO 26|560023
BANGALORE NORTH|29280501302|GLPS HANUMANTHA NAGAR|NORTH2|MALLESHWARAM|SEVASHRAMA WARD NO 26|560021
BANGALORE NORTH|29280501303|GLPS SHASTRINAGAR|NORTH2|MALLESHWARAM|SEVASHRAMA WARD NO 26|560020
BANGALORE NORTH|29280501304|GLPS SWATHANTRA NAGAR|NORTH2|MALLESHWARAM|SEVASHRAMA WARD NO 26|560021
BANGALORE NORTH|29280501305|GMPS JAKKARAYANAKERE|NORTH2|MALLESHWARAM|SEVASHRAMA WARD NO 26|560020
BANGALORE NORTH|29280502202|GTHPS PEENYA PLANTATION|NORTH2|JALLAHALLI|H M T WARD NO 1|560015
BANGALORE NORTH|29280502206|GLPS KATHANAGAR|NORTH2|JALLAHALLI|H M T WARD NO 1|560015
BANGALORE NORTH|29280502301|GHPS (BOYS) SCHOOL SRI RAMPURA|NORTH2|SRI RAMPURAM|BHASYAM NAGAR W NO.24|560021
BANGALORE NORTH|29280502302|GHPS (GIRLS) SCHOOL SRI RAMPUR|NORTH2|SRI RAMPURAM|BHASYAM NAGAR W NO.24|560021
BANGALORE NORTH|29280502303|GLPS TAMIL Q BLK SRI RAMPURAM|NORTH2|SRI RAMPURAM|BHASYAM NAGAR W NO.24|560021
BANGALORE NORTH|29280502401|GHPS VYAYAMASHALE YESHAVANTHP|NORTH2|YESHWANTHPUR|YESHWANTHPUR W NO.3|560022
BANGALORE NORTH|29280502402|GULPS M K NAGAR|NORTH2|YESHWANTHPUR|YESHWANTHPUR W NO.3|560022
BANGALORE NORTH|29280502415|GMPS SANTHEBEEDI YESHVANTHPURA|NORTH2|YESHWANTHPUR|YESHWANTHPUR W NO.3|560022
BANGALORE NORTH|29280502511|GLPS MARIYAPPANA PALYAA|NORTH2|PRAKASHNAGAR|GAYATHRINAGAR W NO.8|560021
BANGALORE NORTH|29280502605|GHPS ARAMANE NAGAR|NORTH2|PALACE GUTTAHALLI|P.G HALLI W NO. 99|560003
BANGALORE NORTH|29280502606|GUHPS ARAMANE NAGAR|NORTH2|PALACE GUTTAHALLI|P.G HALLI W NO. 99|560003
BANGALORE NORTH|29280600105|GHPS LINGARAJAPURA|NORTH3|BANASWADI|LINGARAJAPURA W NO 87|560084
BANGALORE NORTH|29280600106|GHPS SUBBAIAHNA PALYA|NORTH3|BANASWADI|LINGARAJAPURA W NO 87|560033
BANGALORE NORTH|29280600107|GLPS LINGARAJAPURA|NORTH3|BANASWADI|LINGARAJAPURA W NO 87|560084
BANGALORE NORTH|29280600126|GHPS RAMASWAMY PALYA|NORTH3|BANASWADI|LINGARAJAPURA W NO 87|560033
BANGALORE NORTH|29280600153|GULPS SAITPALYA|NORTH3|BANASWADI|LINGARAJAPURA W NO 87|560084
BANGALORE NORTH|29280600303|GKMPS K G HALLI|NORTH3|K.B.SANDRA|K G HALLI W NO 94|560045
BANGALORE NORTH|29280600304|GKHPS KARIYANNANA PALYA|NORTH3|K.B.SANDRA|K G HALLI W NO 94|560084
BANGALORE NORTH|29280600305|GLPS VENKATESHPURA|NORTH3|K.B.SANDRA|K G HALLI W NO 94|560045
BANGALORE NORTH|29280600306|GUHPS GANDHINAGAR|NORTH3|K.B.SANDRA|K G HALLI W NO 94|560045
BANGALORE NORTH|29280600307|GULPS (SABJAN) YASIN NAGAR|NORTH3|K.B.SANDRA|K G HALLI W NO 94|560004
BANGALORE NORTH|29280600308|GUMPS K G HALLI|NORTH3|K.B.SANDRA|K G HALLI W NO 94|560045
BANGALORE NORTH|29280600309|GUHPS VENKATESHPURA|NORTH3|K.B.SANDRA|K G HALLI W NO 94|560045
BANGALORE NORTH|29280600330|GUHPS SHAMPUR ROAD ASHRFEEYANAGAR|NORTH3|K.B.SANDRA|K G HALLI W NO 94|560032
BANGALORE NORTH|29280600402|GTHPS PERIYAR NAGAR|NORTH3|D.J.HALLI|D J HALLI|560045
BANGALORE NORTH|29280600403|GUHPS SCHOOL ZIA STREET D J HA|NORTH3|D.J.HALLI|D J HALLI|560045
BANGALORE NORTH|29280600404|GULPS MODI ROAD D J HALLI|NORTH3|D.J.HALLI|D J HALLI|560045
BANGALORE NORTH|29280600405|GUMPS D J HALLI|NORTH3|D.J.HALLI|D J HALLI|560045
BANGALORE NORTH|29280600420|GKMPS DEVARJEEVANAHALLI|NORTH3|D.J.HALLI|D J HALLI|560045
BANGALORE NORTH|29280600505|GUHPS GANGANAGAR|NORTH3|J.C NAGAR|GANGANAGAR W NO 98|560032
BANGALORE NORTH|29280600507|GKMPS GANGANAGAR|NORTH3|J.C NAGAR|GANGANAGAR W NO 98|560032
BANGALORE NORTH|29280600537|GUHPS KAUSAR NAGAR|NORTH3|J.C NAGAR|GANGANAGAR W NO 98|560032
BANGALORE NORTH|29280600701|GLPS RAJ BHAVAN|NORTH3|VASANTHNAGAR|S R NAGAR W NO 77|560027
BANGALORE NORTH|29280600702|GKMPS S R NAGARA|NORTH3|VASANTHNAGAR|S R NAGAR W NO 77|560027
BANGALORE NORTH|29280600703|GULPS VACCIN INSTITUTE|NORTH3|VASANTHNAGAR|S R NAGAR W NO 77|560027
BANGALORE NORTH|29280600801|GKLPS KADIRAYANAPALYPALYA COCK|NORTH3|FRAZER TOWN|SARVAGANAGAR W NO 85|560038
BANGALORE NORTH|29280600803|GTMPS COX TOWN|NORTH3|FRAZER TOWN|SARVAGANAGAR W NO 85|560005
BANGALORE NORTH|29280600808|GKMPS SARVGNANAGARA|NORTH3|FRAZER TOWN|SARVAGANAGAR W NO 85|560005
BANGALORE NORTH|29280600904|GHPS BANASVADI|NORTH3|BANASWADI|BANASAVADI W NO 88|560043
BANGALORE NORTH|29280601202|GTEHPS MURPHYTOWN|NORTH3|FRAZER TOWN|HYSALA NAGAR W NO 82|560008
BANGALORE NORTH|29280601203|GTHPS MURPGYTOWN|NORTH3|FRAZER TOWN|HYSALA NAGAR W NO 82|560008
BANGALORE NORTH|29280601204|GKHPS MURPHY TOWN|NORTH3|FRAZER TOWN|HYSALA NAGAR W NO 82|560008
BANGALORE NORTH|29280601217|GHPS BINNAMANGALA|NORTH3|FRAZER TOWN|HYSALA NAGAR W NO 82|560038
BANGALORE NORTH|29280601301|GTEHPS OPH ROAD|NORTH3|OPH ROAD|SHIVAJI NAGAR W NO 79|560051
BANGALORE NORTH|29280601302|GKHPS OPH ROAD|NORTH3|OPH ROAD|SHIVAJI NAGAR W NO 79|560051
BANGALORE NORTH|29280601303|GUHPS BLACK PALLI|NORTH3|OPH ROAD|SHIVAJI NAGAR W NO 79|560052
BANGALORE NORTH|29280601323|GTAHPS PIONEER CHEERY|NORTH3|OPH ROAD|SHIVAJI NAGAR W NO 79|560051
BANGALORE NORTH|29280601346|GTAHPS THIMMAIAH ROAD|NORTH3|OPH ROAD|SHIVAJI NAGAR W NO 79|560001
BANGALORE NORTH|29280601704|GTHPS JAI BHARATH NAGAR|NORTH3|P0TRY TOWN|M S NAGAR W NO 86|560033
BANGALORE NORTH|29280601705|GTEHPS JEEVANA HALLI|NORTH3|P0TRY TOWN|M S NAGAR W NO 86|560005
BANGALORE NORTH|29280601707|GKLPS NAGAIAHNA PALYA|NORTH3|P0TRY TOWN|M S NAGAR W NO 86|560033
BANGALORE NORTH|29280601708|GKLPS SATHYAM NAGARA|NORTH3|P0TRY TOWN|M S NAGAR W NO 86|560033
BANGALORE NORTH|29280601722|GKHPS SV JEEVANA HALLI|NORTH3|P0TRY TOWN|M S NAGAR W NO 86|560005
BANGALORE NORTH|29280601723|GTHIRUPUVANAM KANNADA H P S|NORTH3|P0TRY TOWN|M S NAGAR W NO 86|560033
BANGALORE NORTH|29280601801|GULPS MAKHAN ROAD BHARATHI NAG|NORTH3|OPH ROAD|BHARATHINAGAR W NO|560051
BANGALORE NORTH|29280601802|GUHPS RAHAMANAIA BHARATHI NAG|NORTH3|OPH ROAD|BHARATHINAGAR W NO|560001
BANGALORE NORTH|29280601902|GKMPS K B SANDRA|NORTH3|K.B.SANDRA|K B SANDRA W NO|560032
BANGALORE NORTH|29280601903|GKLPS SHAMPURA|NORTH3|K.B.SANDRA|K B SANDRA W NO|560032
BANGALORE NORTH|29280601904|GTLPS ASHOKA NAGAR|NORTH3|K.B.SANDRA|K B SANDRA W NO|560045
BANGALORE NORTH|29280601905|GULPS K B SANDRA|NORTH3|K.B.SANDRA|K B SANDRA W NO|560032
BANGALORE NORTH|29280601911|GUHPS MUSLIM COLONY|NORTH3|K.B.SANDRA|K B SANDRA W NO|560045
BANGALORE NORTH|29280601921|GKLPS ASHOKANAGAR|NORTH3|K.B.SANDRA|K B SANDRA W NO|560045
BANGALORE NORTH|29280601944|GULPS IDGA MOHALA K.B SANDRA|NORTH3|K.B.SANDRA|K B SANDRA W NO|560032
BANGALORE NORTH|29280601952|GULPS K.G HALLI|NORTH3|K.B.SANDRA|K B SANDRA W NO|560045
BANGALORE NORTH|29280602001|GHPS B CHENNASANDRA|NORTH3|FRAZER TOWN|BENNIGANA HALLI WNO|560043
BANGALORE NORTH|29280602002|GHPS KRISHNAIAHNA PALYA|NORTH3|FRAZER TOWN|BENNIGANA HALLI WNO|560038
BANGALORE NORTH|29280602003|GLPS CHIKKABANASAWADI|NORTH3|FRAZER TOWN|BENNIGANA HALLI WNO|560033
BANGALORE NORTH|29280602004|GLPS PILLA REDDY NAGARA|NORTH3|FRAZER TOWN|BENNIGANA HALLI WNO|560043
BANGALORE NORTH|29280602005|GHPS OLD BAYAPPANA HALLI|NORTH3|FRAZER TOWN|BENNIGANA HALLI WNO|560033
BANGALORE NORTH|29280602006|GKLP SCH GAJENDRANAGAR|NORTH3|FRAZER TOWN|BENNIGANA HALLI WNO|560033
BANGALORE NORTH|29280602008|GHPS BENNIGANAHALLI|NORTH3|FRAZER TOWN|BENNIGANA HALLI WNO|560016
BANGALORE NORTH|29280602103|GTELPS PATARY TOWN|NORTH3|P0TRY TOWN|PULIKESHINAGAR W NO|560046
BANGALORE NORTH|29280602104|GKTMPS CLEVLAND TOWN|NORTH3|P0TRY TOWN|PULIKESHINAGAR W NO|560005
BANGALORE NORTH|29280602105|GKMPS PATARY TOWN|NORTH3|P0TRY TOWN|PULIKESHINAGAR W NO|560046
BANGALORE NORTH|29280602127|GUHPS(B) FRAZER TOWN|NORTH3|P0TRY TOWN|PULIKESHINAGAR W NO|560005
BANGALORE NORTH|29280602203|GKHPS M R PALYA|NORTH3|J.C NAGAR|JAYAMAHAL WNO|560006
BANGALORE NORTH|29280602204|GKHPS M R S PALYA|NORTH3|J.C NAGAR|JAYAMAHAL WNO|560046
BANGALORE NORTH|29280602205|GTELPS M R S PALYA|NORTH3|J.C NAGAR|JAYAMAHAL WNO|560046
BANGALORE NORTH|29280602207|GULPS CHINNAPPA GARDEN|NORTH3|J.C NAGAR|JAYAMAHAL WNO|560046
BANGALORE NORTH|29280602302|GTHPS N S LINE|NORTH3|J.C NAGAR|J C NAGAR W NO|560032
BANGALORE NORTH|29280602303|GUHPS N S LINE|NORTH3|J.C NAGAR|J C NAGAR W NO|560032
BANGALORE NORTH|29280602304|GUMPS RAHAMATH NAGAR|NORTH3|J.C NAGAR|J C NAGAR W NO|560003
BANGALORE NORTH|29280602305|GKHPS N S LINE|NORTH3|J.C NAGAR|J C NAGAR W NO|560032
BANGALORE NORTH|29280602316|GUHPS M.R.PALYA|NORTH3|J.C NAGAR|J C NAGAR W NO|560006
BANGALORE NORTH|29280602401|GTHPS VASANTHA NAGARA|NORTH3|VASANTHNAGAR|VASANTHNAGAR W NO|560051
BANGALORE NORTH|29280602402|GUHPS VASANTHA NAGARA|NORTH3|VASANTHNAGAR|VASANTHNAGAR W NO|560052
BANGALORE NORTH|29280602412|GKHPS VASANTHA NAGAR|NORTH3|VASANTHNAGAR|VASANTHNAGAR W NO|560051
BANGALORE NORTH|29280602413|GTLPS BLACK PALLI SHIVAJI NAGA|NORTH3|VASANTHNAGAR|VASANTHNAGAR W NO|560001
BANGALORE NORTH|29280602414|GKLPS RAJIVGANDHI COLONY|NORTH3|VASANTHNAGAR|VASANTHNAGAR W NO|560051
BANGALORE NORTH|29280602420|GUHPS V, K, O|NORTH3|VASANTHNAGAR|VASANTHNAGAR W NO|560051
BANGALORE NORTH|29280602503|GKLPS NEW BAGLOOR LAYOUT|NORTH3|D.J.HALLI|SAGAYAPURA WNO|560045
BANGALORE NORTH|29280602504|GULPS NEW BAGLOOR LAYOUT|NORTH3|D.J.HALLI|SAGAYAPURA WNO|560084
BANGALORE NORTH|29280602505|GUMPS TANERRY ROAD|NORTH3|D.J.HALLI|SAGAYAPURA WNO|560045
BANGALORE NORTH|29280602603|GKLPS KACHARAKANNA HALLI|NORTH3|BANASWADI|KACHARAKANNAHALLI WNO 89|560084
BANGALORE NORTH|29280700108|GHPS YALAHANKA (BEO)|NORTH4|YELAHANKA OLD TOWN|YELAHANKA|560064
BANGALORE NORTH|29280700110|GKLPS 4TH STAGE YALAHANKA|NORTH4|YELAHANKA NEW TOWN|YELAHANKA|560106
BANGALORE NORTH|29280700112|GKLPS AMBEDKAR NAGAR|NORTH4|YELAHANKA NEW TOWN|YELAHANKA|560106
BANGALORE NORTH|29280700113|GKLPS ATTUR LAYOUT|NORTH4|YELAHANKA NEW TOWN|YELAHANKA|560064
BANGALORE NORTH|29280700114|GKLPS CHIKKABOMMASANDRA|NORTH4|YELAHANKA NEW TOWN|YELAHANKA|560065
BANGALORE NORTH|29280700115|GKLPS J P N NAGAR|NORTH4|YELAHANKA NEW TOWN|YELAHANKA|560064
BANGALORE NORTH|29280700117|GKLPS L B S NAGAR|NORTH4|YELAHANKA NEW TOWN|YELAHANKA|560064
BANGALORE NORTH|29280700119|GKLPS PUTTENA HALLI|NORTH4|YELAHANKA NEW TOWN|YELAHANKA|560064
BANGALORE NORTH|29280700121|GKHPS ALLALA SANDRA|NORTH4|YELAHANKA NEW TOWN|YELAHANKA|560065
BANGALORE NORTH|29280700122|GKHPS ATTUR|NORTH4|YELAHANKA NEW TOWN|YELAHANKA|560106
BANGALORE NORTH|29280700124|GKMPS Y UPANAGAR|NORTH4|YELAHANKA NEW TOWN|YELAHANKA|560064
BANGALORE NORTH|29280700125|GKMPS G S YALAHANKA|NORTH4|YELAHANKA OLD TOWN|YELAHANKA|560064
BANGALORE NORTH|29280700129|GTHPS KAMAKSHAMMA LAYOUT|NORTH4|YELAHANKA OLD TOWN|YELAHANKA|560064
BANGALORE NORTH|29280700130|GUHPS YALAHANKA|NORTH4|YELAHANKA OLD TOWN|YELAHANKA|560064
BANGALORE NORTH|29280700178|GKHPS BOYS YELAHANKA BUS STAND|NORTH4|YELAHANKA OLD TOWN|YELAHANKA|560064
BANGALORE NORTH|29280700191|GMPS DODDABETTA HALLI|NORTH4|YELAHANKA NEW TOWN|YELAHANKA|560097
BANGALORE NORTH|29280700201|GLPS THOTAGERE|NORTH4|MTHAHALLI|THOTAGERE|562123
BANGALORE NORTH|29280700301|GLPS VIDYANAGARA CROSS|NORTH4|HUNSEMARANAHALLI|VIDYANAGARA CROSS|562157
BANGALORE NORTH|29280700401|GHPS VIDYANAGARA|NORTH4|HUNSEMARANAHALLI|VIDYANAGARA|562157
BANGALORE NORTH|29280700501|GLPS THIRUMENA HALLI|NORTH4|AGGARAHARA LAYOUT|THIRUMENA HALLI|560064
BANGALORE NORTH|29280700601|GLPS THIMMASANDRA|NORTH4|HUNSEMARANAHALLI|THIMMASANDRA|561257
BANGALORE NORTH|29280700701|GHPS THARA HUNISE|NORTH4|HUNSEMARANAHALLI|THARAHUNISE|561257
BANGALORE NORTH|29280700801|GULPS VEERASAGARA|NORTH4|YELAHANKA NEW TOWN|VEERASAGARA|560064
BANGALORE NORTH|29280701001|GLPS THAMMENA HALLI|NORTH4|KUDRAGERA|THAMMENA HALLI|560090
BANGALORE NORTH|29280701101|GLPS THAMMENA HALLI PALYA|NORTH4|KUDRAGERA|THAMMENA HALLI PALYA|560090
BANGALORE NORTH|29280701301|GHPS THARABANA HALLI|NORTH4|CHIKKAJALLA|THARABANA HALLI|562157
BANGALORE NORTH|29280701303|GLPS THARABANA HALLI|NORTH4|DOODDA BYALAKERE|THARABANA HALLI|560090
BANGALORE NORTH|29280701402|GHPS SURADENA PURA|NORTH4|KAKOLU|SURADENA PURA|562110
BANGALORE NORTH|29280701403|GLPS SURADENAPURA LAYOUT|NORTH4|KAKOLU|SURADENA PURA|562110
BANGALORE NORTH|29280701501|GLPS THAMMARASANA HALLI|NORTH4|DOODDA BYALAKERE|THAMMARASANA HALLI|590069
BANGALORE NORTH|29280701601|GLPS SUGATTA|NORTH4|HUNSEMARANAHALLI|SUGATTA|562157
BANGALORE NORTH|29280701701|GLPS SRINIVASAPURA|NORTH4|HUNSEMARANAHALLI|SRINIVASAPURA|560000
BANGALORE NORTH|29280701801|GLPS SRI RAMANA HALLI|NORTH4|RAJANKUNTE|SRI RAMANA HALLI|561203
BANGALORE NORTH|29280701901|GHPS SOLADEVANA HALLI|NORTH4|DOODDA BYALAKERE|SOLADEVANA HALLI|560090
BANGALORE NORTH|29280702001|GLPS SOMASHETTE HALLI|NORTH4|ABBIGERIE|SOMASHETTE HALLI|560090
BANGALORE NORTH|29280702101|GHPS SONNAPPANA HALLI|NORTH4|HUNSEMARANAHALLI|SONNAPPANA HALLI|562157
BANGALORE NORTH|29280702201|GHPS SINGA NAYAKANA HALLI|NORTH4|RAJANKUNTE|SINGANAYAKANA HALLI|560064
BANGALORE NORTH|29280702301|GLPS SIDEDA HALLI|NORTH4|T.DASARAHALLI|SIDEDA HALLI|560073
BANGALORE NORTH|29280702601|GLPS SHETTIGERE|NORTH4|CHIKKAJALLA|SHETTIGERE|562157
BANGALORE NORTH|29280702701|GLPS SHYAMBATTARA PALYA|NORTH4|MTHAHALLI|SHYAMBATTARA PALYA|562326
BANGALORE NORTH|29280702801|GHPS SHIVANAPURA|NORTH4|KUDRAGERA|SHIVANAPURA|562123
BANGALORE NORTH|29280702901|GLPS SHYNUBOGANA HALLI|NORTH4|KAKOLU|SHYNUBOGANA HALLI|561203
BANGALORE NORTH|29280703001|GHPS SHETTIHALLI|NORTH4|ABBIGERIE|SHETTI HALLI|560015
BANGALORE NORTH|29280703201|GLPS SEETHAKEMPANA HALLI|NORTH4|HESARGATTA|SEETHAKEMPANA HALLI|560089
BANGALORE NORTH|29280703401|GHPS SATHANOOR|NORTH4|HUNSEMARANAHALLI|SATHANOOR|562149
BANGALORE NORTH|29280703402|GUHPS SATHANOOR|NORTH4|HUNSEMARANAHALLI|SATHANOOR|562149
BANGALORE NORTH|29280703501|GLPS SADENA HALLI|NORTH4|RAJANKUNTE|SADENA HALLI|560064
BANGALORE NORTH|29280703502|GLPS SADENA HALLI LAYOUT|NORTH4|RAJANKUNTE|SADENA HALLI|560064
BANGALORE NORTH|29280703701|GLPS RAMAGONDANA HALLI|NORTH4|YELAHANKA NEW TOWN|RAMAGONDANA HALLI|560064
BANGALORE NORTH|29280703801|GLPS RAMPALYA|NORTH4|MTHAHALLI|RAMPALYA|560000
BANGALORE NORTH|29280703901|GHPS RAJANUKENTE|NORTH4|RAJANKUNTE|RAJANUKENTE|560064
BANGALORE NORTH|29280704001|GHPS NAGARUR|NORTH4|KUDRAGERA|NAGARUR|562123
BANGALORE NORTH|29280704101|GHPS MYLANA HALLI|NORTH4|BAGALUR|MYLANA HALLI|562149
BANGALORE NORTH|29280704201|GHPS PALANA HALLI|NORTH4|AGGARAHARA LAYOUT|PALANA HALLI|560064
BANGALORE NORTH|29280704501|GHPS ABBIGERE|NORTH4|ABBIGERIE|ABBIGERE|560090
BANGALORE NORTH|29280704502|GLPS ABBIGERE COLONY|NORTH4|ABBIGERIE|ABBIGERE|560090
BANGALORE NORTH|29280704505|G H P S WADERA HALLI|NORTH4|ABBIGERIE|ABBIGERE|560098
BANGALORE NORTH|29280704512|GLPS KANSHIRAM NAGAR|NORTH4|ABBIGERIE|ABBIGERE|560097
BANGALORE NORTH|29280704601|GLPS ADDIGANA HALLI|NORTH4|RAJANKUNTE|ADDIGANA HALLI|560064
BANGALORE NORTH|29280704701|GLPS ADDE VISHWANATHA PURA|NORTH4|RAJANKUNTE|ADDE VISHWANATHA PURA|561203
BANGALORE NORTH|29280704702|GLPS ADDE|NORTH4|RAJANKUNTE|ADDE VISHWANATHA PURA|561203
BANGALORE NORTH|29280704803|GMPS AGRAHARA LAYOUT|NORTH4|AGGARAHARA LAYOUT|AGRAHARA LAYOUT|560064
BANGALORE NORTH|29280704901|GHPS ALUR|NORTH4|KUDRAGERA|ALUR|562123
BANGALORE NORTH|29280704902|GLPS ALUR PALYA|NORTH4|KUDRAGERA|ALUR|562123
BANGALORE NORTH|29280705001|GLPS ARAKERE|NORTH4|KAKOLU|ARAKERE|560000
BANGALORE NORTH|29280705002|GLPS BASAVALINGAPPA NAGARA(PAN)|NORTH4|KAKOLU|ARAKERE|561203
BANGALORE NORTH|29280705003|GLPS GOWTHAM NAGARA(MARSANDRA)|NORTH4|KAKOLU|ARAKERE|561203
BANGALORE NORTH|29280705101|GLPS AVALALLI|NORTH4|RAJANKUNTE|AVALALLI|560064
BANGALORE NORTH|29280705201|GLPS AREBINNA MANGALA|NORTH4|BAGALUR|AREBINNA MANGALA|560000
BANGALORE NORTH|29280705304|GMPS BETTAHALASURU|NORTH4|HUNSEMARANAHALLI|BETTAHALASUR|562157
BANGALORE NORTH|29280705401|GLPS BILMARANA HALLI|NORTH4|HUNSEMARANAHALLI|BILMARANA HALLI|562157
BANGALORE NORTH|29280705501|GLPS BEGUR|NORTH4|CHIKKAJALLA|BEGUR|562149
BANGALORE NORTH|29280705601|GLPS BOMMASHETTI HALLI|NORTH4|MTHAHALLI|BOMMASHETTI HALLI|562123
BANGALORE NORTH|29280705701|GHPS BETHINAGERE|NORTH4|MTHAHALLI|BETHINAGERE|562123
BANGALORE NORTH|29280705801|GLPS BOVIPALYA|NORTH4|KUDRAGERA|BOVIPALYA|562123
BANGALORE NORTH|29280705902|GHPS BYATHA|NORTH4|KAKOLU|BYATHA|560089
BANGALORE NORTH|29280706001|GLPS BYRAPURA|NORTH4|KAKOLU|BYRAPURA|561203
BANGALORE NORTH|29280706101|GHPS BANDI KODIGE HALLI|NORTH4|BAGALUR|BANDI KODIGE HALLI|562149
BANGALORE NORTH|29280706102|GLPS BANDI KODIGE HALLI PALYA|NORTH4|BAGALUR|BANDI KODIGE HALLI|562149
BANGALORE NORTH|29280706201|GULPS BELLA HALLI|NORTH4|AGGARAHARA LAYOUT|BELLA HALLI|560064
BANGALORE NORTH|29280706203|GLPS BELLAHALLI BANGALORE NORTH|NORTH4|AGGARAHARA LAYOUT|BELLA HALLI|560064
BANGALORE NORTH|29280706301|GHPS BAGALUR|NORTH4|BAGALUR|BAGALUR|562149
BANGALORE NORTH|29280706302|GULPS BAGALUR|NORTH4|BAGALUR|BAGALUR|562149
BANGALORE NORTH|29280706304|GUHPS R S PALYA|NORTH4|BAGALUR|BAGALUR|562149
BANGALORE NORTH|29280706305|GULPS B S PALYA|NORTH4|BAGALUR|BAGALUR|560000
BANGALORE NORTH|29280706311|GLPS BAGALUR COLONY|NORTH4|BAGALUR|BAGALUR|562149
BANGALORE NORTH|29280706314|GLPS BOYALAHALLI|NORTH4|BAGALUR|BAGALUR|562149
BANGALORE NORTH|29280706315|GLPS CHAGALETI|NORTH4|MARALU KUNTE|BAGALUR|562149
BANGALORE NORTH|29280706401|GMPS BAGALGUNTE|NORTH4|KUDRAGERA|BAGALAGUNTE|560073
BANGALORE NORTH|29280706501|GHPS CHIKKA JALA|NORTH4|CHIKKAJALLA|CHIKKAJALA|562157
BANGALORE NORTH|29280706504|GLPS RANGASWAMY COMP|NORTH4|CHIKKAJALLA|CHIKKAJALA|562157
BANGALORE NORTH|29280706601|GHPS CHANNAHALLI|NORTH4|CHIKKAJALLA|CHANNA HALLI|562157
BANGALORE NORTH|29280706801|GHPS CHALLA HALLI|NORTH4|KAKOLU|CHALLA HALLI|561203
BANGALORE NORTH|29280707008|GUHPS CHIKKABANAVARA|NORTH4|DOODDA BYALAKERE|CHIKKABANAVARA|560090
BANGALORE NORTH|29280707009|GMPS CHIKKABANAVARA|NORTH4|DOODDA BYALAKERE|CHIKKABANAVARA|560090
BANGALORE NORTH|29280707112|GHPS HEBBAL KEMAPURA|NORTH4|BYATARANPURA|CMC BYTARAYANAPURA(P-1)|560024
BANGALORE NORTH|29280707116|GHPS SRI RAMPURA|NORTH4|BYATARANPURA|CMC BYTARAYANAPURA(P-1)|560064
BANGALORE NORTH|29280707117|GHPS THINDLU|NORTH4|KODIGEHALLI|CMC BYTARAYANAPURA(P-1)|560097
BANGALORE NORTH|29280707119|GHPS KOTHIHOSA HALLI|NORTH4|KODIGEHALLI|CMC BYTARAYANAPURA(P-1)|560092
BANGALORE NORTH|29280707120|GHPS KUVEMPU NAGAR|NORTH4|KODIGEHALLI|CMC BYTARAYANAPURA(P-1)|560014
BANGALORE NORTH|29280707121|GLPS SAMPIGE HALLI|NORTH4|BYATARANPURA|CMC BYTARAYANAPURA(P-1)|560064
BANGALORE NORTH|29280707122|GLPS VEERANNANA PALYA|NORTH4|BYATARANPURA|CMC BYTARAYANAPURA(P-1)|560045
BANGALORE NORTH|29280707124|GMPS KODIGE HALLI|NORTH4|KODIGEHALLI|CMC BYTARAYANAPURA(P-1)|560092
BANGALORE NORTH|29280707126|GMPS SANJEEVINI NAGARA|NORTH4|KODIGEHALLI|CMC BYTARAYANAPURA(P-1)|560092
BANGALORE NORTH|29280707128|GUHPS M S PALYA|NORTH4|KODIGEHALLI|CMC BYTARAYANAPURA(P-1)|560097
BANGALORE NORTH|29280707131|GKLPS VINAYAKA NAGAR|NORTH4|KODIGEHALLI|CMC BYTARAYANAPURA(P-1)|560097
BANGALORE NORTH|29280707184|GLPS AMRUTHNAGAR|NORTH4|BYATARANPURA|CMC BYTARAYANAPURA(P-1)|560092
BANGALORE NORTH|29280707301|GHPS DODDAJALA|NORTH4|CHIKKAJALLA|DODDAJALA|562157
BANGALORE NORTH|29280707401|GHPS DASANAPURA|NORTH4|KUDRAGERA|DASANAPURA|562123
BANGALORE NORTH|29280707501|GHPS ADAKIMARANA HALLI|NORTH4|KUDRAGERA|ADAKIMARANA HALLI|562123
BANGALORE NORTH|29280707601|GLPS DASENA HALLI|NORTH4|HESARGATTA|DASENA HALLI|560088
BANGALORE NORTH|29280707701|GHPS DODDABYALAKERE|NORTH4|DOODDA BYALAKERE|DODDABYALAKERE|560089
BANGALORE NORTH|29280707801|GLPS DWARAKANAGARA|NORTH4|AGGARAHARA LAYOUT|DWARAKANAGARA|560064
BANGALORE NORTH|29280707901|GHPS DODDABOMMA SANDRA|NORTH4|KODIGEHALLI|DODDABOMMASUNDRA|560097
BANGALORE NORTH|29280708001|GLPS DANDANAPALYA|NORTH4|KAKOLU|DANDANAPALYA|561203
BANGALORE NORTH|29280708101|GLPS GADENA HALLI|NORTH4|HUNSEMARANAHALLI|GADENA HALLI|562157
BANGALORE NORTH|29280708201|GLPS GANTIGANA HALLI|NORTH4|YELAHANKA OLD TOWN|GANTIGANA HALLI|560064
BANGALORE NORTH|29280708301|GLPS GOVINDAPURA|NORTH4|MTHAHALLI|GOVINDAPURA|560000
BANGALORE NORTH|29280708401|GLPS GEJJAGADA HALLI|NORTH4|KUDRAGERA|GEJJAGADA HALLI|562123
BANGALORE NORTH|29280708402|GLPS MARAPPANPALYA|NORTH4|KUDRAGERA|GEJJAGADA HALLI|562123
BANGALORE NORTH|29280708501|GLPS GUDDADAHALLI|NORTH4|HESARGATTA|GUDDADA HALLI|560088
BANGALORE NORTH|29280708701|GHPS GUNI AGRAHARA|NORTH4|DOODDA BYALAKERE|GUNI AGRAHARA|560089
BANGALORE NORTH|29280708804|GLPS SUBHASHNAGARA|NORTH4|HUNSEMARANAHALLI|HUNASAMARANA HALLI|562157
BANGALORE NORTH|29280708811|GHPS HUNASAMARANAHALLI|NORTH4|HUNSEMARANAHALLI|HUNASAMARANA HALLI|562157
BANGALORE NORTH|29280708901|GLPS HUTHANA HALLI|NORTH4|CHIKKAJALLA|HUTHANA HALLI|562157
BANGALORE NORTH|29280709001|GHPS HARA HALLI|NORTH4|YELAHANKA OLD TOWN|HARO HALLI|560064
BANGALORE NORTH|29280709002|GLPS HAROHALLI PALYA|NORTH4|HESARGATTA|HARO HALLI|560089
BANGALORE NORTH|29280709101|GLPS HOSAHALLIPALYA|NORTH4|MTHAHALLI|HOSAHALLI PALYA|562123
BANGALORE NORTH|29280709201|GHPS HUSKUR|NORTH4|MTHAHALLI|HUSKUR|562123
BANGALORE NORTH|29280709301|GLPS HONNASANDRA|NORTH4|MTHAHALLI|HONNASANDRA|560000
BANGALORE NORTH|29280709401|GHPS HEGGADEVANA PURA|NORTH4|KUDRAGERA|HEGGADEVANA PURA|562123
BANGALORE NORTH|29280709501|GLPS HANIYUR|NORTH4|KAKOLU|HANIYUR|561203
BANGALORE NORTH|29280709614|GMPS HESARAGATTA|NORTH4|HESARGATTA|HESARAGATTA|560088
BANGALORE NORTH|29280709701|GLPS HURULI CHIKKANA HALLI|NORTH4|DOODDA BYALAKERE|HURULI CHIKKANA HALLI|560090
BANGALORE NORTH|29280709801|GHPS HUVINAYAKANA HALLI|NORTH4|BAGALUR|HUVINAYAKANA HALLI|562149
BANGALORE NORTH|29280709901|GLPS HONNENANA HALLI|NORTH4|RAJANKUNTE|HONNENANA HALLI|560064
BANGALORE NORTH|29280710201|GLPS KODAGALAHATTI|NORTH4|HUNSEMARANAHALLI|KODAGALAHATTI|562157
BANGALORE NORTH|29280710301|GLPS KADIGANA HALLI|NORTH4|HUNSEMARANAHALLI|KODIGANA HALLI|562157
BANGALORE NORTH|29280710501|GLPS KADATHANA MALE|NORTH4|KAKOLU|KADATHANA MALE|560000
BANGALORE NORTH|29280710601|GLPS KAKKE HALLI|NORTH4|KAKOLU|KAKKE HALLI|561203
BANGALORE NORTH|29280710701|GLPS KODAGI THIRUMALAPURA|NORTH4|DOODDA BYALAKERE|KODAGI THIRUMALAPUR|560089
BANGALORE NORTH|29280710801|GLPS KALATHAMMANA HALLI|NORTH4|DOODDA BYALAKERE|KALATHAMMANA HALLI|560089
BANGALORE NORTH|29280710901|GLPS KASAGATTAPURA|NORTH4|DOODDA BYALAKERE|KASAGATTAPURA|560090
BANGALORE NORTH|29280711001|GLPS KEMPANA HALLI|NORTH4|YELAHANKA NEW TOWN|KEMPANA HALLI|560106
BANGALORE NORTH|29280711101|GHPS PILLA HALLI|NORTH4|MTHAHALLI|PILLA HALLI|562123
BANGALORE NORTH|29280711201|GHPS KAKOLU|NORTH4|KAKOLU|KAKOLU|560089
BANGALORE NORTH|29280711203|GLPS NEELUKUNTE|NORTH4|KAKOLU|KAKOLU|561203
BANGALORE NORTH|29280711301|GLPS LINGANA HALLI|NORTH4|HESARGATTA|LINGANA HALLI|560089
BANGALORE NORTH|29280711401|GHPS KUMBARA HALLI|NORTH4|DOODDA BYALAKERE|KUMBARA HALLI|560090
BANGALORE NORTH|29280711501|GHPS IVARUKANDAPURA|NORTH4|DOODDA BYALAKERE|IVARUKANDAPURA|560089
BANGALORE NORTH|29280711601|GLPS KEMPAPURA|NORTH4|DOODDA BYALAKERE|KEMPAPURA|560090
BANGALORE NORTH|29280711701|GLPS KEREGUDDADA HALLI|NORTH4|ABBIGERIE|KEREGUDDADA HALLI|560090
BANGALORE NORTH|29280711803|GMPS MANJUNATHA NAGARA|NORTH4|T.DASARAHALLI|MANJUNATH NAGAR|560073
BANGALORE NORTH|29280711901|GLPS MEENUKUNTE HOSUR|NORTH4|CHIKKAJALLA|MEENUKUNTE HOSUR|562157
BANGALORE NORTH|29280712001|GLPS MEESIGANA HALLI|NORTH4|CHIKKAJALLA|MEESIGANA HALLI|562149
BANGALORE NORTH|29280712101|GLPS MUDDANA HALLI|NORTH4|YELAHANKA OLD TOWN|MUDDANA HALLI|560064
BANGALORE NORTH|29280712202|GHPS NARASIPURA|NORTH4|YELAHANKA NEW TOWN|NARASIPURA|560097
BANGALORE NORTH|29280712303|GLPS MAKALI|NORTH4|KUDRAGERA|MAKALI|562123
BANGALORE NORTH|29280712401|GHPS MARASANDRA|NORTH4|KAKOLU|MARASANDRA (KAKOLU)|561203
BANGALORE NORTH|29280712501|GHPS MATHKUR|NORTH4|HESARGATTA|MATHKUR|560089
BANGALORE NORTH|29280712601|GLPS MUTHUGADA HALLI|NORTH4|HESARGATTA|MUTHUGADA HALLI|560089
BANGALORE NORTH|29280712602|GLPS MADIGIRA HALLI|NORTH4|HESARGATTA|MUTHUGADA HALLI|560089
BANGALORE NORTH|29280712603|GLPS MUTHUGADA HALLI|NORTH4|CHIKKAJALLA|MUTHUGADA HALLI|562157
BANGALORE NORTH|29280712701|GLPSS MAVALIPURA|NORTH4|HESARGATTA|MAVALIPURA|560089
BANGALORE NORTH|29280712801|GHPS MARALU KUNTE|NORTH4|MARALU KUNTE|MARALU KUNTE|562149
BANGALORE NORTH|29280712901|GKLPS MARASANDRA|NORTH4|MARALU KUNTE|MARASANDRA(MARALAKUNTE)|560049
BANGALORE NORTH|29280713001|GULPS MEDIAGRAHARA|NORTH4|ABBIGERIE|MEDIAGRAHARA|560097
BANGALORE NORTH|29280713101|GLPS MADIPPANA HALLI|NORTH4|RAJANKUNTE|MADIPPANA HALLI|560064
BANGALORE NORTH|29280713201|GLPS MYLAPPANA HALLI|NORTH4|RAJANKUNTE|MYLAPPANA HALLI|560089
BANGALORE NORTH|29280713301|GLPS MANCHAPPANA HALLI|NORTH4|MARALU KUNTE|MANCHAPPANA HALLI|562149
BANGALORE NORTH|29280713601|GKLPS KATTIGENA HALLI|NORTH4|AGGARAHARA LAYOUT|KATTIGENA HALLI|560064
BANGALORE NORTH|29280713701|GHPS KADAYARAPPANA HALLI|NORTH4|BAGALUR|KADAYARAPPANA HALLI|562149
BANGALORE NORTH|29280713801|GLPS HENACHUR|NORTH4|BAGALUR|HUNACHUR|562149
BANGALORE NORTH|29280713902|GLPS CHOKKANA HALLI|NORTH4|MARALU KUNTE|CHOKKANA HALLI|560000
BANGALORE NORTH|29280713903|GHPS CHOKKANAHALLI (ARAKE COLONY)|NORTH4|KAKOLU|CHOKKANA HALLI|561203
BANGALORE NORTH|29280714001|GLPS BYNA HALLI|NORTH4|CHIKKAJALLA|BYNA HALLI|562157
BANGALORE NORTH|29280714101|GLPS MARANAYAKANA HALLI|NORTH4|CHIKKAJALLA|MARANAYAKANA HALLI|562157
BANGALORE NORTH|29280714201|GLPS NAVARATNA AGRAHARA|NORTH4|CHIKKAJALLA|NAVARATNA AGRAHARA|562110
BANGALORE NORTH|29280714202|GLPS BHOVIPALYA|NORTH4|CHIKKAJALLA|NAVARATNA AGRAHARA|562157
BANGALORE NORTH|29280714301|GLPS SASUVEGATTA|NORTH4|DOODDA BYALAKERE|SASUVEGATTA|560090
BANGALORE NORTH|29280714401|GLPS BILIJAJI|NORTH4|DOODDA BYALAKERE|BILIJAJI|560088
BANGALORE NORTH|29280714501|GMPS SHIVAKOTE|NORTH4|HESARGATTA|SHIVAKOTE|560089
BANGALORE NORTH|29280714601|GLPS KONDASHETHI HALLI|NORTH4|HESARGATTA|KONDASHETHI HALLI|560089
BANGALORE NORTH|29280714701|GLPS LINGARAJAPURA|NORTH4|HESARGATTA|LINGARAJAPURA|560089
BANGALORE NORTH|29280714801|GLPS KALENA HALLI|NORTH4|HESARGATTA|KALENA HALLI|560089
BANGALORE NORTH|29280714901|GLPS KOLUVARAYANA HALLI|NORTH4|HESARGATTA|KOLUVARAYANA HALLI|560089
BANGALORE NORTH|29280715001|GHPS LAKSHMIPURA|NORTH4|ABBIGERIE|LAKSHMIPURA|560097
BANGALORE NORTH|29280715101|GLPS MEDARA HALLI|NORTH4|ABBIGERIE|MEDARA HALLI|560090
BANGALORE NORTH|29280715301|GHPS HOSA HALLI|NORTH4|HUNSEMARANAHALLI|HOSAHALLI|562157
BANGALORE NORTH|29280715401|GLPS KARLAPURA|NORTH4|KAKOLU|KARLAPURA|560089
BANGALORE NORTH|29280715402|GLPS KARLAPURA PALYA|NORTH4|KAKOLU|KARLAPURA|560089
BANGALORE NORTH|29280715501|GLPS KAMAKSHI PURA|NORTH4|KAKOLU|KAMAKSHI PURA|560089
BANGALORE NORTH|29280715601|GLPS SONNENA HALLI|NORTH4|KAKOLU|SONNENA HALLI|560089
BANGALORE NORTH|29280715701|GLPS BUDUMANA HALLI|NORTH4|KAKOLU|BUDUMANA HALLI|561203
BANGALORE NORTH|29280715801|GHPS HAROKYATHNA HALLI|NORTH4|KUDRAGERA|HAROKYATHNA HALLI|562123
BANGALORE NORTH|29280715901|GKLPS DASANAYAKANA HALLI|NORTH4|MARALU KUNTE|DASANAYAKANA HALLI|562149
BANGALORE NORTH|29280716001|GLPS GOPALAPURA|NORTH4|MARALU KUNTE|GOPALAPURA|562149
BANGALORE NORTH|29280716101|GKLPS M HOSA HALLI|NORTH4|MARALU KUNTE|M HOSA HALLI|562149
BANGALORE NORTH|29280716201|GHPS MATHA HALLI|NORTH4|MTHAHALLI|MATHA HALLI|562123
BANGALORE NORTH|29280716202|GLPS CHIKKAKUKKANAHALLI|NORTH4|MTHAHALLI|MATHA HALLI|562123
BANGALORE NORTH|29280716204|GH.P.S.GOPALPURA|NORTH4|MTHAHALLI|MATHA HALLI|562123
BANGALORE NORTH|29280716206|G L P S NARASIPURA|NORTH4|MTHAHALLI|MATHA HALLI|562123
BANGALORE NORTH|29280716301|GHPS THORENAGASANDRA|NORTH4|MTHAHALLI|THORENAGASANDRA|560000
BANGALORE NORTH|29280716401|GLPS VADERA HALLI|NORTH4|MTHAHALLI|VADERA HALLI|562123
BANGALORE NORTH|29280716501|GLPS HUCHANA PALYA|NORTH4|MTHAHALLI|HUCHANA PALYA|582123
BANGALORE NORTH|29280716601|GLPS KUDURAGERE|NORTH4|HUNSEMARANAHALLI|KUDURAGERE|562157
BANGALORE NORTH|29280716603|GHPS KUDURAGERE|NORTH4|KUDRAGERA|KUDURAGERE|562123
BANGALORE NORTH|29280716701|GLPS NAGADASANA HALLI|NORTH4|YELAHANKA OLD TOWN|NAGADASANA HALLI|560064
BANGALORE NORTH|29280716801|GLPS ITAGALPURA|NORTH4|RAJANKUNTE|ITAGALPURA|560064
BANGALORE NORTH|29280716901|GHPS CHIKKASANDRA|NORTH4|T.DASARAHALLI|CHIKKASANDRA|560057
BANGALORE NORTH|29280717001|GULPS CHIKKABETTA HALLI|NORTH4|YELAHANKA NEW TOWN|CHIKKABETTA HALLI|560097
BANGALORE NORTH|29280717101|GLPS ANANTHAPUR|NORTH4|YELAHANKA NEW TOWN|ANANTHAPUR|560064
BANGALORE NORTH|29280717301|GHPS DIBBUR|NORTH4|RAJANKUNTE|DIBBUR|560089
BANGALORE NORTH|29280717401|GLPS KENCHENA HALLI|NORTH4|YELAHANKA OLD TOWN|KENCHENA HALLI|560064
BANGALORE NORTH|29280717502|GHPS RAMACHANDRAPURA|NORTH4|KODIGEHALLI|RAMACHANDRAPURA|560013
BANGALORE NORTH|29280717601|GMPS T DASARA HALLI|NORTH4|T.DASARAHALLI|T.DASARAHALLI|560057
BANGALORE NORTH|29280717602|GUHPS DASARA HALLI|NORTH4|T.DASARAHALLI|T.DASARAHALLI|560057
BANGALORE NORTH|29280717612|GLPS T.DASARAHALLI|NORTH4|T.DASARAHALLI|T.DASARAHALLI|560057
BANGALORE NORTH|29280717801|GHPS KALASTHI NAGAR|NORTH4|T.DASARAHALLI|KALASTRINAGARA|560057
BANGALORE NORTH|29280717902|GKLPS VENKATALA|NORTH4|YELAHANKA OLD TOWN|VENKATALA|560064
BANGALORE NORTH|29280718001|GKHPS BOYS KOGILU|NORTH4|AGGARAHARA LAYOUT|KOGILU|560064
BANGALORE NORTH|29280718101|GUMPS NAGAVARA|NORTH4|BYATARANPURA|NAGAVARA|560045
BANGALORE NORTH|29280718201|GHPS SINGAPURA|NORTH4|KODIGEHALLI|SINGAPURA|560097
BANGALORE NORTH|29280718404|GULPS GOVIDAPURA|NORTH4|BYATARANPURA|AMURTHAHALLI|560045
BANGALORE NORTH|29280718601|GLPS YADIYUR|NORTH4|BAGALUR|YADIUR|562149
BANGALORE NORTH|29280718701|GLPS CHANNASANDRA|NORTH4|KAKOLU|CHANNASANDRA|560089
BANGALORE NORTH|29280718801|GLPS GANIGARA HALLI|NORTH4|ABBIGERIE|GANIGARA HALLI|560090
BANGALORE NORTH|29280718901|GLPS AGRAHARA PALYA|NORTH4|MTHAHALLI|AGRAHARA PALYA|562123
BANGALORE NORTH|29280719101|GLPS MAHADEVAKODIGEHALLI|NORTH4|BAGALUR|MAHADEVA KODIGI HALLI|562149
BANGALORE NORTH|29280719401|GHPS SINGA HALLI|NORTH4|BAGALUR|SINGAHALLI|562149
BANGALORE NORTH|29280719501|GHPS MARENA HALLI|NORTH4|MARALU KUNTE|MARENA HALLI|562149
BANGALORE NORTH|29280719601|GLPS T AGRAHARA|NORTH4|HUNSEMARANAHALLI|T AGRAHARA|562157
BANGALORE NORTH|29280719701|GLPS CHIKKANNA HALLI|NORTH4|CHIKKAJALLA|CHIKKANNAHALLI|562157
BANGALORE NORTH|29280719802|GHPS CHOKKANA HALLI|NORTH4|BYATARANPURA|CMC BYTARAYANAPURA(P-2)|560000
BANGALORE NORTH|29280719812|GULPS VEERANNAPLAYA|NORTH4|BYATARANPURA|CMC BYTARAYANAPURA(P-2)|560045
BANGALORE NORTH|29280719813|GULPS JAKKUR LAYOUT|NORTH4|BYATARANPURA|CMC BYTARAYANAPURA(P-2)|560064
BANGALORE NORTH|29280719814|GLPS BHADRAPPA LAYOUT BANGALORE NOR|NORTH4|KODIGEHALLI|CMC BYTARAYANAPURA(P-2)|560094
BANGALORE NORTH|29280719824|GULPS AL-HILAL NAGAR|NORTH4|BYATARANPURA|CMC BYTARAYANAPURA(P-2)|560043
BANGALORE NORTH|29280719825|GHPS JAKKUR LAYOUT|NORTH4|BYATARANPURA|CMC BYTARAYANAPURA(P-2)|560064
BANGALORE NORTH|29280719827|G H P S HENNUR|NORTH4|BYATARANPURA|CMC BYTARAYANAPURA(P-2)|560043
BANGALORE NORTH|29280719828|G U H P S JAKKUR|NORTH4|BYATARANPURA|CMC BYTARAYANAPURA(P-2)|560064
BANGALORE NORTH|29280719831|G M P S AMRUTHAHALLI|NORTH4|BYATARANPURA|CMC BYTARAYANAPURA(P-2)|560092
BANGALORE NORTH|29280719832|G M P S JAKUUR|NORTH4|BYATARANPURA|CMC BYTARAYANAPURA(P-2)|560064
BANGALORE NORTH|29280719833|G M P S NAGAVARA|NORTH4|BYATARANPURA|CMC BYTARAYANAPURA(P-2)|560045
BANGALORE NORTH|29280719834|G H P S BYATARAYANAPURA|NORTH4|BYATARANPURA|CMC BYTARAYANAPURA(P-2)|560092
BANGALORE NORTH|29280719839|G H P S GOVINDAPURA|NORTH4|BYATARANPURA|CMC BYTARAYANAPURA(P-2)|560045
BANGALORE NORTH|29280719902|GULPS VINAYAKANAGAR|NORTH4|KODIGEHALLI|VINAYAKA NAGARA|560097
BANGALORE NORTH|29280719903|GLPS VINAYAKA NAGAR|NORTH4|AGGARAHARA LAYOUT|VINAYAKA NAGARA|560064
BANGALORE NORTH|29280719910|G L P S HAROHALLI|NORTH4|YELAHANKA OLD TOWN|VINAYAKA NAGARA|560064
BANGALORE NORTH|29280720001|GLPS KOLIPURA|NORTH4|CHIKKAJALLA|KOLIPURA|562157
BANGALORE NORTH|29280720101|GKLPS AGRAHARA|NORTH4|AGGARAHARA LAYOUT|AGRAHARA|560064
BANGALORE NORTH|29280720201|GKHPS KOGILU LAYOUT|NORTH4|AGGARAHARA LAYOUT|KOGILU LAYOUT|560064
BANGALORE NORTH|29280720202|GUHPS KOGILU LAYOUT|NORTH4|AGGARAHARA LAYOUT|KOGILU LAYOUT|560064
BANGALORE NORTH|29280720401|GULPS HEGGADE NAGAR|NORTH4|BYATARANPURA|BASAVALINGAPPANAGARA|560045
