CONSTITUENCY;TYPE;LEADINGCANDIDATE;CONSTITUENCYNO;LEADINGPARTY;YEAR;TRAILINGCANDIDATE;STATE;MARGIN;TRAILINGPARTY
AFZALPUR;MLA CONSTITUENCY;MALIKAYYA VENKAYYA GUTTEDAR;34;INDIAN NATIONAL CONGRESS;2013;M.Y.PATIL;KARNATAKA;5238;KARNATAKA JANTHA PAKSHA
ALAND;MLA CONSTITUENCY;BHOJARAJ RAMCHANDRA;46;KARNATAKA JANTHA PAKSHA;2013;SUBHASH RUKMAIAH;KARNATAKA;17114;JANATA DAL (SECULAR)
ANEKAL;MLA CONSTITUENCY;SHIVANNA B.;177;INDIAN NATIONAL CONGRESS;2013;A. NARAYANASWAMY;KARNATAKA;40182;BHARATIYA JANATA PARTY
ARABHAVI;MLA CONSTITUENCY;BALACHANDRA LAXMANRAO JARKIHOLI;8;BHARATIYA JANATA PARTY;2013;UTAGI RAMAPPA KAREPPA;KARNATAKA;75221;INDIAN NATIONAL CONGRESS
ARKALGUD;MLA CONSTITUENCY;MANJU A;198;INDIAN NATIONAL CONGRESS;2013;A.T RAMASWAMY;KARNATAKA;8794;JANATA DAL (SECULAR)
ARSIKERE;MLA CONSTITUENCY;K.M.SHIVALINGE GOWDA;194;JANATA DAL (SECULAR);2013;B.SHIVARAMU;KARNATAKA;29631;INDIAN NATIONAL CONGRESS
ATHANI;MLA CONSTITUENCY;LAXMAN SANGAPPA SAVADI;3;BHARATIYA JANATA PARTY;2013;MAHESH IRANAGOUDA KUMATHALLI;KARNATAKA;23771;INDIAN NATIONAL CONGRESS
AURAD;MLA CONSTITUENCY;PRABHU B. CHAVAN;52;BHARATIYA JANATA PARTY;2013;DHANAJI BHEEMA JADHAV;KARNATAKA;23191;KARNATAKA JANTHA PAKSHA
B.T.M LAYOUT;MLA CONSTITUENCY;RAMALINGAREDDY;172;INDIAN NATIONAL CONGRESS;2013;N. SUDHAKAR;KARNATAKA;49048;BHARATIYA JANATA PARTY
BABALESHWAR;MLA CONSTITUENCY;M.B.PATIL;29;INDIAN NATIONAL CONGRESS;2013;PATIL VIJUGOUDA;KARNATAKA;4355;JANATA DAL (SECULAR)
BADAMI;MLA CONSTITUENCY;CHIMMANAKATTI BALAPPA BHIMAPPA;23;INDIAN NATIONAL CONGRESS;2013;MAHANTESH GURUPADAPPA MAMADAPUR;KARNATAKA;15113;JANATA DAL (SECULAR)
BAGALKOT;MLA CONSTITUENCY;METI HULLAPPA YAMANAPPA;24;INDIAN NATIONAL CONGRESS;2013;CHARANTIMATH VEERANNA CHANDRASHEKHARAYYA;KARNATAKA;2900;BHARATIYA JANATA PARTY
BAGEPALLI;MLA CONSTITUENCY;S.N SUBBAREDDY(CHINNAKAYALAPALLI);140;INDEPENDENT;2013;SRIRAMAREDDY G.V;KARNATAKA;30755;COMMUNIST PARTY OF INDIA (MARXIST)
BAILHONGAL;MLA CONSTITUENCY;VISHWANATH I PATIL;16;KARNATAKA JANTHA PAKSHA;2013;JAGADISH @ VIRUPAXI CHANNAPPA METGUD;KARNATAKA;3621;BHARATIYA JANATA PARTY
BANGALORE SOUTH;MLA CONSTITUENCY;M. KRISHNAPPA;176;BHARATIYA JANATA PARTY;2013;R. PRABHAKARA REDDY;KARNATAKA;30162;JANATA DAL (SECULAR)
BANGARAPET;MLA CONSTITUENCY;S.N.NARAYANASWAMY.K.M;147;INDIAN NATIONAL CONGRESS;2013;EM NARAYANASWAMY;KARNATAKA;28377;BHARATIYA JANATA PARTY
BANTVAL;MLA CONSTITUENCY;B.RAMANATHA RAI;205;INDIAN NATIONAL CONGRESS;2013;RAJESH NAIK ULIPADY;KARNATAKA;17850;BHARATIYA JANATA PARTY
BASAVAKALYAN;MLA CONSTITUENCY;MALLIKARJUN SIDRAMAPPA KHUBA;47;JANATA DAL (SECULAR);2013;B. NARAYANRAO;KARNATAKA;15893;INDIAN NATIONAL CONGRESS
BASAVANA BAGEVADI;MLA CONSTITUENCY;SHIVANAND S PATIL;28;INDIAN NATIONAL CONGRESS;2013;BELLUBBI SANGAPPA KALLAPPA;KARNATAKA;19676;BHARATIYA JANATA PARTY
BASAVANAGUDI;MLA CONSTITUENCY;RAVI SUBRAMANYA.L.A.;170;BHARATIYA JANATA PARTY;2013;K.BAGEGOWDA;KARNATAKA;19720;JANATA DAL (SECULAR)
BELGAUM DAKSHIN;MLA CONSTITUENCY;SAMBHAJI LAKSHMAN PATIL;12;INDEPENDENT;2013;ABHAY PATIL;KARNATAKA;6310;BHARATIYA JANATA PARTY
BELGAUM RURAL;MLA CONSTITUENCY;SANJAY B PATIL;13;BHARATIYA JANATA PARTY;2013;KINEKAR MANOHAR KALLAPPA;KARNATAKA;1335;INDEPENDENT
BELGAUM UTTAR;MLA CONSTITUENCY;FAIROZ NURUDDIN SAITH;11;INDIAN NATIONAL CONGRESS;2013;RENU SUHAS KILLEKAR;KARNATAKA;18210;INDEPENDENT
BELLARY;MLA CONSTITUENCY;B. SREERAMULU;93;BADAVARA SHRAMIKARA RAITARA CONGRESS PARTY;2013;ASUNDI VANNURAPPA;KARNATAKA;33294;INDIAN NATIONAL CONGRESS
BELLARY CITY;MLA CONSTITUENCY;ANIL LAD;94;INDIAN NATIONAL CONGRESS;2013;S. MURALI KRISHNA;KARNATAKA;18200;BADAVARA SHRAMIKARA RAITARA CONGRESS PARTY
BELTHANGADY;MLA CONSTITUENCY;K. VASANTHA BANGERA;200;INDIAN NATIONAL CONGRESS;2013;RANJAN G. GOWDA;KARNATAKA;15741;BHARATIYA JANATA PARTY
BELUR;MLA CONSTITUENCY;Y.N RUDRESHA GOWDA;195;INDIAN NATIONAL CONGRESS;2013;K.S.LINGESHA;KARNATAKA;7529;JANATA DAL (SECULAR)
BHADRAVATI;MLA CONSTITUENCY;APPAJI. M.J;112;JANATA DAL (SECULAR);2013;B.K.SANGAMESHWARA;KARNATAKA;44099;INDEPENDENT
BHALKI;MLA CONSTITUENCY;ESHWARA S/O BHIMANNA KHANDRE;51;INDIAN NATIONAL CONGRESS;2013;SIDRAM S/O DHULAPPA;KARNATAKA;9669;KARNATAKA JANTHA PAKSHA
BHATKAL;MLA CONSTITUENCY;MANKALA SUBBA VAIDYA;79;INDEPENDENT;2013;ENAYATHULLAH SHABANDRI;KARNATAKA;9884;JANATA DAL (SECULAR)
BIDAR;MLA CONSTITUENCY;GURUPADAPPA NAGAMARPALLI;50;KARNATAKA JANTHA PAKSHA;2013;RAHEEM KHAN;KARNATAKA;2571;INDIAN NATIONAL CONGRESS
BIDAR SOUTH;MLA CONSTITUENCY;ASHOK KHENY;49;KARNATAKA MAKKALA PAKSHA;2013;BANDEPPA KHASHEMPUR;KARNATAKA;15788;JANATA DAL (SECULAR)
BIJAPUR CITY;MLA CONSTITUENCY;MAKBUL S BAGAWAN;30;INDIAN NATIONAL CONGRESS;2013;BASANAGOUDA R PATIL (YATNAL);KARNATAKA;9380;JANATA DAL (SECULAR)
BILGI;MLA CONSTITUENCY;J . T. PATIL;22;INDIAN NATIONAL CONGRESS;2013;MURAGESH. RUDRAPPA. NIRANI;KARNATAKA;11238;BHARATIYA JANATA PARTY
BOMMANAHALLI;MLA CONSTITUENCY;SATHISH REDDY.M;175;BHARATIYA JANATA PARTY;2013;NAGABHUSHANA.C;KARNATAKA;25852;INDIAN NATIONAL CONGRESS
BYADGI;MLA CONSTITUENCY;BASAVARAJ NEELAPPA SHIVANNANAVAR;85;INDIAN NATIONAL CONGRESS;2013;SHIVARAJ SAJJANAR;KARNATAKA;13359;KARNATAKA JANTHA PAKSHA
BYATARAYANAPURA;MLA CONSTITUENCY;KRISHNA BYRE GOWDA;152;INDIAN NATIONAL CONGRESS;2013;A.RAVI;KARNATAKA;32400;BHARATIYA JANATA PARTY
BYNDOOR;MLA CONSTITUENCY;K.GOPALA POOJARY;118;INDIAN NATIONAL CONGRESS;2013;B.M. SUKUMAR SHETTY;KARNATAKA;31149;BHARATIYA JANATA PARTY
C.V. RAMAN NAGAR;MLA CONSTITUENCY;S. RAGHU;161;BHARATIYA JANATA PARTY;2013;P. RAMESH;KARNATAKA;8462;INDIAN NATIONAL CONGRESS
CHALLAKERE;MLA CONSTITUENCY;T RAGHUMURTHY;98;INDIAN NATIONAL CONGRESS;2013;K T KUMARASWAMY;KARNATAKA;23123;KARNATAKA JANTHA PAKSHA
CHAMARAJA;MLA CONSTITUENCY;VASU;217;INDIAN NATIONAL CONGRESS;2013;H.S.SHANKARALINGE GOWDA;KARNATAKA;12915;JANATA DAL (SECULAR)
CHAMARAJANAGAR;MLA CONSTITUENCY;C.PUTTARANGASHETTY;223;INDIAN NATIONAL CONGRESS;2013;K.R.MALLIKARJUNAPPA;KARNATAKA;11196;KARNATAKA JANTHA PAKSHA
CHAMRAJPET;MLA CONSTITUENCY;B.Z.ZAMEER AHMED KHAN;168;JANATA DAL (SECULAR);2013;G.A.BAVA;KARNATAKA;30162;INDIAN NATIONAL CONGRESS
CHAMUNDESHWARI;MLA CONSTITUENCY;G.T. DEVE GOWDA;215;JANATA DAL (SECULAR);2013;M. SATHYANARAYANA;KARNATAKA;7103;INDIAN NATIONAL CONGRESS
CHANNAGIRI;MLA CONSTITUENCY;VADNAL RAJANNA;109;INDIAN NATIONAL CONGRESS;2013;K.MADAL VIRUPAKSHAPPA;KARNATAKA;1773;KARNATAKA JANTHA PAKSHA
CHANNAPATNA;MLA CONSTITUENCY;C P YOGESHWARA;185;SAMAJWADI PARTY;2013;ANITHA KUMARASWAMY;KARNATAKA;6464;JANATA DAL (SECULAR)
CHICKPET;MLA CONSTITUENCY;R.V. DEVRAJ;169;INDIAN NATIONAL CONGRESS;2013;UDAY.B.GARUDACHAR;KARNATAKA;13059;BHARATIYA JANATA PARTY
CHIKKABALLAPUR;MLA CONSTITUENCY;DR. K SUDHAKAR;141;INDIAN NATIONAL CONGRESS;2013;K P BACHEGOWDA;KARNATAKA;15048;JANATA DAL (SECULAR)
CHIKKODI-SADALGA;MLA CONSTITUENCY;PRAKASH BABANNA HUKKERI;2;INDIAN NATIONAL CONGRESS;2013;BASAVANNI RUDRAPPA SANGAPPAGOL;KARNATAKA;76588;BHARATIYA JANATA PARTY
CHIKMAGALUR;MLA CONSTITUENCY;C T RAVI;125;BHARATIYA JANATA PARTY;2013;K S SHANTHE GOWDA;KARNATAKA;10988;INDIAN NATIONAL CONGRESS
CHIKNAYAKANHALLI;MLA CONSTITUENCY;C.B.SURESHBABU;128;JANATA DAL (SECULAR);2013;J.C.MADHUSWAMY;KARNATAKA;11139;KARNATAKA JANTHA PAKSHA
CHINCHOLI;MLA CONSTITUENCY;DR UMESH G JADAV;42;INDIAN NATIONAL CONGRESS;2013;SUNIL VALLYAPUR;KARNATAKA;26060;KARNATAKA JANTHA PAKSHA
CHINTAMANI;MLA CONSTITUENCY;J.K.KRISHNAREDDY;143;JANATA DAL (SECULAR);2013;DR. M.C. SUDHAKAR;KARNATAKA;1773;INDEPENDENT
CHITRADURGA;MLA CONSTITUENCY;G.H.THIPPAREDDY;99;BHARATIYA JANATA PARTY;2013;BASAVARAJAN (BASANNA);KARNATAKA;26718;JANATA DAL (SECULAR)
CHITTAPUR;MLA CONSTITUENCY;PRIYANK KHARGE;40;INDIAN NATIONAL CONGRESS;2013;VALMIKI NAIK;KARNATAKA;31191;BHARATIYA JANATA PARTY
DASARAHALLI;MLA CONSTITUENCY;S MUNIRAJU;155;BHARATIYA JANATA PARTY;2013;B L SHANKAR;KARNATAKA;10828;INDIAN NATIONAL CONGRESS
DAVANAGERE NORTH;MLA CONSTITUENCY;S S MALLIKARJUNA;106;INDIAN NATIONAL CONGRESS;2013;S A RAVINDRANATH;KARNATAKA;57280;BHARATIYA JANATA PARTY
DAVANAGERE SOUTH;MLA CONSTITUENCY;SHAMANUR SHIVASHANKARAPPA;107;INDIAN NATIONAL CONGRESS;2013;KAREKATTE SYED SAIFULLA;KARNATAKA;40158;JANATA DAL (SECULAR)
DEVADURGA;MLA CONSTITUENCY;A. VENKATESH NAIK;56;INDIAN NATIONAL CONGRESS;2013;ARAKERA K SHIVANAGOUDA NAYAK;KARNATAKA;3700;BHARATIYA JANATA PARTY
DEVANAHALLI;MLA CONSTITUENCY;PILLA MUNISHAMAPPA;179;JANATA DAL (SECULAR);2013;VENKATASWAMY;KARNATAKA;1942;INDIAN NATIONAL CONGRESS
DEVAR HIPPARGI;MLA CONSTITUENCY;AMINAPPAGOUDA SANGANAGOUDA PATIL;27;INDIAN NATIONAL CONGRESS;2013;SOMANAGOUDA. B. PATIL (SASANUR);KARNATAKA;8096;BHARATIYA JANATA PARTY
DHARWAD;MLA CONSTITUENCY;VINAY KULKARNI;71;INDIAN NATIONAL CONGRESS;2013;AMRUT AYYAPPA DESAI;KARNATAKA;18320;JANATA DAL (SECULAR)
DODDABALLAPUR;MLA CONSTITUENCY;T.VENKATARAMANAIAH (APPAKARANAHALLI T.VENKATESH);180;INDIAN NATIONAL CONGRESS;2013;B MUNEGOWDA;KARNATAKA;1447;INDEPENDENT
GADAG;MLA CONSTITUENCY;H K PATIL;66;INDIAN NATIONAL CONGRESS;2013;ANIL PRAKASHBABU MENSINKAI;KARNATAKA;33727;BADAVARA SHRAMIKARA RAITARA CONGRESS PARTY
GANDHI NAGAR;MLA CONSTITUENCY;DINESH GUNDU RAO;164;INDIAN NATIONAL CONGRESS;2013;P C MOHAN;KARNATAKA;22607;BHARATIYA JANATA PARTY
GANGAWATI;MLA CONSTITUENCY;IQBAL ANSARI;62;JANATA DAL (SECULAR);2013;PARANNA ESHWARAPPA MUNAVALLI;KARNATAKA;29789;BHARATIYA JANATA PARTY
GAURIBIDANUR;MLA CONSTITUENCY;N H SHIVASHANKARA REDDY;139;INDIAN NATIONAL CONGRESS;2013;K JAIPALA REDDY;KARNATAKA;5773;INDEPENDENT
GOKAK;MLA CONSTITUENCY;JARKIHOLI RAMESH LAXMANRAO;9;INDIAN NATIONAL CONGRESS;2013;ASHOK NINGAYYASWAMI PUJARI;KARNATAKA;28005;JANATA DAL (SECULAR)
GOVINDRAJ NAGAR;MLA CONSTITUENCY;PRIYAKRISHNA;166;INDIAN NATIONAL CONGRESS;2013;H. RAVINDRA;KARNATAKA;42460;BHARATIYA JANATA PARTY
GUBBI;MLA CONSTITUENCY;S R SHRINIVAS (VASU);135;JANATA DAL (SECULAR);2013;G.N. BETTASWAMY;KARNATAKA;7244;KARNATAKA JANTHA PAKSHA
GULBARGA DAKSHIN;MLA CONSTITUENCY;DATTATRAYA C. PATIL REVOOR (APPU GOUDA);44;BHARATIYA JANATA PARTY;2013;SHASHIL.G.NAMOSHI;KARNATAKA;9970;JANATA DAL (SECULAR)
GULBARGA RURAL;MLA CONSTITUENCY;G.RAMKRISHNA;43;INDIAN NATIONAL CONGRESS;2013;REVUNAYAK BELAMGI;KARNATAKA;7218;BHARATIYA JANATA PARTY
GULBARGA UTTAR;MLA CONSTITUENCY;QAMAR UL ISLAM;45;INDIAN NATIONAL CONGRESS;2013;NASIR HUSSAIN USTAD;KARNATAKA;20121;KARNATAKA JANTHA PAKSHA
GUNDLUPET;MLA CONSTITUENCY;H.S. MAHADEVA PRASAD;224;INDIAN NATIONAL CONGRESS;2013;C.S. NIRANJANAKUMAR;KARNATAKA;7675;KARNATAKA JANTHA PAKSHA
GURMITKAL;MLA CONSTITUENCY;BABURAO CHINCHANASOOR;39;INDIAN NATIONAL CONGRESS;2013;NAGANA GOUDA KANDAKURA;KARNATAKA;1650;JANATA DAL (SECULAR)
HADAGALLI;MLA CONSTITUENCY;P.T.PARAMESHWARANAIK;88;INDIAN NATIONAL CONGRESS;2013;B.CHANDRANAIK;KARNATAKA;40810;BHARATIYA JANATA PARTY
HAGARIBOMMANAHALLI;MLA CONSTITUENCY;BHEEMANAIK LBP;89;JANATA DAL (SECULAR);2013;K NEMARAJA NAIK;KARNATAKA;125;BHARATIYA JANATA PARTY
HALIYAL;MLA CONSTITUENCY;DESHPANDE. R. V.;76;INDIAN NATIONAL CONGRESS;2013;SUNIL HEGADE;KARNATAKA;5939;JANATA DAL (SECULAR)
HANGAL;MLA CONSTITUENCY;MANOHAR H. TAHASHILDAR;82;INDIAN NATIONAL CONGRESS;2013;UDASI C.M;KARNATAKA;5686;KARNATAKA JANTHA PAKSHA
HANUR;MLA CONSTITUENCY;R.NARENDRA;221;INDIAN NATIONAL CONGRESS;2013;PARIMALA NAGAPPA;KARNATAKA;11549;JANATA DAL (SECULAR)
HARAPANAHALLI;MLA CONSTITUENCY;M P RAVINDRA;104;INDIAN NATIONAL CONGRESS;2013;G KARUNAKARAREDDY;KARNATAKA;8406;BHARATIYA JANATA PARTY
HARIHAR;MLA CONSTITUENCY;H.S. SHIVASHANKAR;105;JANATA DAL (SECULAR);2013;S.RAMAPPA;KARNATAKA;19053;INDIAN NATIONAL CONGRESS
HASSAN;MLA CONSTITUENCY;H.S.PRAKASH;196;JANATA DAL (SECULAR);2013;H.K.MAHESH;KARNATAKA;4196;INDIAN NATIONAL CONGRESS
HAVERI;MLA CONSTITUENCY;RUDRAPPA MANAPPA LAMANI;84;INDIAN NATIONAL CONGRESS;2013;NEHARU OLEKARA;KARNATAKA;30208;KARNATAKA JANTHA PAKSHA
HEBBAL;MLA CONSTITUENCY;R. JAGADEESH KUMAR;158;BHARATIYA JANATA PARTY;2013;C.K. ABDUL RAHMAN SHARIEF;KARNATAKA;5136;INDIAN NATIONAL CONGRESS
HEGGADADEVANKOTE;MLA CONSTITUENCY;CHIKKAMADU S;213;JANATA DAL (SECULAR);2013;CHIKKANNA;KARNATAKA;12498;INDIAN NATIONAL CONGRESS
HIREKERUR;MLA CONSTITUENCY;U. B. BANAKAR;86;KARNATAKA JANTHA PAKSHA;2013;B.C.PATIL;KARNATAKA;2606;INDIAN NATIONAL CONGRESS
HIRIYUR;MLA CONSTITUENCY;D.SUDHAKAR;100;INDIAN NATIONAL CONGRESS;2013;A.KRISHNAPPA;KARNATAKA;1205;JANATA DAL (SECULAR)
HOLALKERE;MLA CONSTITUENCY;H. ANJANEYA;102;INDIAN NATIONAL CONGRESS;2013;M. CHANDRAPPA;KARNATAKA;12864;KARNATAKA JANTHA PAKSHA
HOLENARASIPUR;MLA CONSTITUENCY;H.D REVANNA;197;JANATA DAL (SECULAR);2013;S.G. ANUPAMA;KARNATAKA;30058;INDIAN NATIONAL CONGRESS
HOMNABAD;MLA CONSTITUENCY;RAJASHEKHAR BASAVARAJ PATIL;48;INDIAN NATIONAL CONGRESS;2013;M. NASEENODDIN PATEL;KARNATAKA;24500;JANATA DAL (SECULAR)
HONNALI;MLA CONSTITUENCY;D. G SHANTANA GOWDA;110;INDIAN NATIONAL CONGRESS;2013;M. P. RENUKACHARYA;KARNATAKA;18738;KARNATAKA JANTHA PAKSHA
HOSADURGA;MLA CONSTITUENCY;B.G. GOVINDAPPA;101;INDIAN NATIONAL CONGRESS;2013;GULIHATTI D. SHEKAR;KARNATAKA;20017;INDEPENDENT
HOSAKOTE;MLA CONSTITUENCY;M.T.B. NAGARAJ;178;INDIAN NATIONAL CONGRESS;2013;B N BACHEGOWDA;KARNATAKA;7139;BHARATIYA JANATA PARTY
HUBLI-DHARWAD- WEST;MLA CONSTITUENCY;ARAVIND CHANDRAKANT BELLAD;74;BHARATIYA JANATA PARTY;2013;S. R. MOREY;KARNATAKA;11182;INDIAN NATIONAL CONGRESS
HUBLI-DHARWAD-CENTRAL;MLA CONSTITUENCY;JAGADISH SHETTAR;73;BHARATIYA JANATA PARTY;2013;DR. MAHESH NALWAD;KARNATAKA;17754;INDIAN NATIONAL CONGRESS
HUBLI-DHARWAD-EAST;MLA CONSTITUENCY;ABBAYYA PRASAD;72;INDIAN NATIONAL CONGRESS;2013;VEERABHADRAPPA HALAHARAVI;KARNATAKA;13522;BHARATIYA JANATA PARTY
HUKKERI;MLA CONSTITUENCY;UMESH VISHWANATH KATTI;7;BHARATIYA JANATA PARTY;2013;RAVI BASAVARAJ KARALE;KARNATAKA;57326;INDIAN NATIONAL CONGRESS
HUNGUND;MLA CONSTITUENCY;KASHAPPANAVAR VIJAYANAND SHIVASHANKRAPPA;25;INDIAN NATIONAL CONGRESS;2013;DODDANAGOUDA G PATIL;KARNATAKA;15797;BHARATIYA JANATA PARTY
HUNSUR;MLA CONSTITUENCY;H.P.MANJUNATH;212;INDIAN NATIONAL CONGRESS;2013;KUMARASWAMY;KARNATAKA;40207;JANATA DAL (SECULAR)
INDI;MLA CONSTITUENCY;YASHAVANTARAYAGOUDA VITTALAGOUDA PATIL;32;INDIAN NATIONAL CONGRESS;2013;RAVIKANT SHANKREPPA PATIL;KARNATAKA;33302;KARNATAKA JANTHA PAKSHA
JAGALUR;MLA CONSTITUENCY;H.P.RAJESH;103;INDIAN NATIONAL CONGRESS;2013;S.V.RAMACHANDRA;KARNATAKA;36890;KARNATAKA JANTHA PAKSHA
JAMKHANDI;MLA CONSTITUENCY;SIDDU B. NYAMAGOUDA;21;INDIAN NATIONAL CONGRESS;2013;JAGADISH GUDAGUNTI;KARNATAKA;21152;INDEPENDENT
JAYANAGAR;MLA CONSTITUENCY;B.N. VIJAYAKUMAR;173;BHARATIYA JANATA PARTY;2013;M.C.VENUGOPAL;KARNATAKA;12312;INDIAN NATIONAL CONGRESS
JEVARGI;MLA CONSTITUENCY;AJAY DHARAM SINGH;35;INDIAN NATIONAL CONGRESS;2013;DODDAPPA GOUDA PATIL;KARNATAKA;36700;BHARATIYA JANATA PARTY
K.R.PURA;MLA CONSTITUENCY;B.A.BASAVARAJA;151;INDIAN NATIONAL CONGRESS;2013;N.S.NANDIESHA REDDY;KARNATAKA;24001;BHARATIYA JANATA PARTY
KADUR;MLA CONSTITUENCY;Y.S.V.DATTA;127;JANATA DAL (SECULAR);2013;BELLI PRAKASH;KARNATAKA;42433;KARNATAKA JANTHA PAKSHA
KAGWAD;MLA CONSTITUENCY;BHARAMGOUD ALAGOUD KAGE;4;BHARATIYA JANATA PARTY;2013;SHRIMANT BALASAHEB PATIL;KARNATAKA;2887;JANATA DAL (SECULAR)
KALGHATGI;MLA CONSTITUENCY;SANTHOSH S LAD;75;INDIAN NATIONAL CONGRESS;2013;NIMBANNAVAR CHANNAPPA MALLAPPA;KARNATAKA;45661;KARNATAKA JANTHA PAKSHA
KAMPLI;MLA CONSTITUENCY;T.H. SURESH BABU;91;BADAVARA SHRAMIKARA RAITARA CONGRESS PARTY;2013;J.N. GANESH;KARNATAKA;34396;INDEPENDENT
KANAKAGIRI;MLA CONSTITUENCY;SHIVARAJ SANGAPPA TANGADAGI;61;INDIAN NATIONAL CONGRESS;2013;BASAVARAJ DADHESUGURU;KARNATAKA;5052;KARNATAKA JANTHA PAKSHA
KANAKAPURA;MLA CONSTITUENCY;D.K. SHIVAKUMAR;184;INDIAN NATIONAL CONGRESS;2013;P.G.R SINDHIA;KARNATAKA;31424;JANATA DAL (SECULAR)
KAPU;MLA CONSTITUENCY;VINAY KUMAR SORAKE;121;INDIAN NATIONAL CONGRESS;2013;LALAJI R.MENDON;KARNATAKA;1855;BHARATIYA JANATA PARTY
KARKAL;MLA CONSTITUENCY;V.SUNILL KUMAR;122;BHARATIYA JANATA PARTY;2013;H.GOPAL BHANDARY;KARNATAKA;4254;INDIAN NATIONAL CONGRESS
KARWAR;MLA CONSTITUENCY;SANTEESH SAIL KRISHNA;77;INDEPENDENT;2013;ASNOTIKAR ANAND VASANT;KARNATAKA;35880;BHARATIYA JANATA PARTY
KHANAPUR;MLA CONSTITUENCY;ARVIND CHANDRAKANT PATIL;14;INDEPENDENT;2013;RAFIQUE KHATALSAB KHANAPURI;KARNATAKA;16152;INDIAN NATIONAL CONGRESS
KITTUR;MLA CONSTITUENCY;INAMADAR DANAPPAGOUDA BASANAGOUDA;15;INDIAN NATIONAL CONGRESS;2013;SURESH SHIVARUDRAPPA MARIHAL;KARNATAKA;18290;BHARATIYA JANATA PARTY
KOLAR;MLA CONSTITUENCY;R. VATHUR PRAKASH;148;INDEPENDENT;2013;K. SRINIVASA GOWDA;KARNATAKA;12591;JANATA DAL (SECULAR)
KOLAR GOLD FIELD;MLA CONSTITUENCY;RAMAKKA .Y;146;BHARATIYA JANATA PARTY;2013;M. BACKTHAVACHALAM;KARNATAKA;26022;JANATA DAL (SECULAR)
KOLLEGAL;MLA CONSTITUENCY;S. JAYANNA;222;INDIAN NATIONAL CONGRESS;2013;N. MAHESH;KARNATAKA;10193;BAHUJAN SAMAJ PARTY
KOPPAL;MLA CONSTITUENCY;K.RAGHAVENDRA BASAVARAJ HITNAL;64;INDIAN NATIONAL CONGRESS;2013;KARADI SANGANNA AMARAPPA;KARNATAKA;26788;BHARATIYA JANATA PARTY
KORATAGERE;MLA CONSTITUENCY;SUDHAKARA LAL .P.R;134;JANATA DAL (SECULAR);2013;DR. G.PARAMESHWARA;KARNATAKA;18155;INDIAN NATIONAL CONGRESS
KRISHNARAJA;MLA CONSTITUENCY;M.K.SOMASHEKAR;216;INDIAN NATIONAL CONGRESS;2013;S.A.RAMADAS;KARNATAKA;6065;BHARATIYA JANATA PARTY
KRISHNARAJANAGARA;MLA CONSTITUENCY;SA.RA.MAHESH;211;JANATA DAL (SECULAR);2013;DODDASWAMEGOWDA;KARNATAKA;15052;INDIAN NATIONAL CONGRESS
KRISHNARAJPET;MLA CONSTITUENCY;NARAYANAGOWDA;192;JANATA DAL (SECULAR);2013;K B CHANDRASHEKAR;KARNATAKA;9243;INDIAN NATIONAL CONGRESS
KUDACHI;MLA CONSTITUENCY;P.RAJEEV;5;BADAVARA SHRAMIKARA RAITARA CONGRESS PARTY;2013;GHATAGE SHAMA BHIMA;KARNATAKA;46234;INDIAN NATIONAL CONGRESS
KUDLIGI;MLA CONSTITUENCY;B. NAGENDRA;96;INDEPENDENT;2013;S. VENKATESHA;KARNATAKA;24803;INDIAN NATIONAL CONGRESS
KUMTA;MLA CONSTITUENCY;SHARDA MOHAN SHETTY;78;INDIAN NATIONAL CONGRESS;2013;DINAKAR KESHAV SHETTY;KARNATAKA;420;JANATA DAL (SECULAR)
KUNDAPURA;MLA CONSTITUENCY;HALADY SRINIVASA SHETTY;119;INDEPENDENT;2013;MALLYADI SHIVARAMA SHETTY;KARNATAKA;40611;INDIAN NATIONAL CONGRESS
KUNDGOL;MLA CONSTITUENCY;CHANNABASAPPA SATYAPPA SHIVALLI;70;INDIAN NATIONAL CONGRESS;2013;CHIKKANGOUDRA SIDDANGOUDA ISHWARGOUD;KARNATAKA;21072;KARNATAKA JANTHA PAKSHA
KUNIGAL;MLA CONSTITUENCY;D. NAGARAJAIAH;131;JANATA DAL (SECULAR);2013;D.KRISHNAKUMAR;KARNATAKA;9632;BHARATIYA JANATA PARTY
KUSHTAGI;MLA CONSTITUENCY;DODDANAGOUDA HANAMAGOUDA PATIL;60;BHARATIYA JANATA PARTY;2013;AMAREGOUDA LINGANAGOUDA PATIL BAYYAPUR;KARNATAKA;3037;INDIAN NATIONAL CONGRESS
LINGSUGUR;MLA CONSTITUENCY;MANAPPA D.VAJJAL;57;JANATA DAL (SECULAR);2013;D.S.HOOLAGERI;KARNATAKA;1286;INDIAN NATIONAL CONGRESS
MADDUR;MLA CONSTITUENCY;D.C.THAMMANNA;187;JANATA DAL (SECULAR);2013;MADHU G.MADEGOWDA;KARNATAKA;31958;INDIAN NATIONAL CONGRESS
MADHUGIRI;MLA CONSTITUENCY;KYATASANDRA N.RAJANNA;138;INDIAN NATIONAL CONGRESS;2013;M.V.VEERABHADRAIAH;KARNATAKA;14427;JANATA DAL (SECULAR)
MADIKERI;MLA CONSTITUENCY;APPACHU (RANJAN) M.P;208;BHARATIYA JANATA PARTY;2013;B.A.JIVIJAYA;KARNATAKA;4629;JANATA DAL (SECULAR)
MAGADI;MLA CONSTITUENCY;H.C.BALAKRISHNA;182;JANATA DAL (SECULAR);2013;A.MANJUNATH;KARNATAKA;14359;INDIAN NATIONAL CONGRESS
MAHADEVAPURA;MLA CONSTITUENCY;ARVIND LIMBAVALI;174;BHARATIYA JANATA PARTY;2013;A.C.SRINIVAS;KARNATAKA;6149;INDIAN NATIONAL CONGRESS
MAHALAKSHMI LAYOUT;MLA CONSTITUENCY;GOPALAIAH .K.;156;JANATA DAL (SECULAR);2013;N.L. NARENDRABABU;KARNATAKA;15370;INDIAN NATIONAL CONGRESS
MALAVALLI;MLA CONSTITUENCY;P.M.NARENDRA SWAMY;186;INDIAN NATIONAL CONGRESS;2013;DR||.K. ANNADANI;KARNATAKA;538;JANATA DAL (SECULAR)
MALLESHWARAM;MLA CONSTITUENCY;DR. ASHWATH NARAYAN C. N.;157;BHARATIYA JANATA PARTY;2013;B. K. SHIVARAM.;KARNATAKA;21066;INDIAN NATIONAL CONGRESS
MALUR;MLA CONSTITUENCY;K.S. MANJUNATHGOWDA;149;JANATA DAL (SECULAR);2013;KRISSHNAIAH SETTY ES.EN. MALURU;KARNATAKA;18769;INDEPENDENT
MANDYA;MLA CONSTITUENCY;M.H. AMBAREESH;189;INDIAN NATIONAL CONGRESS;2013;M. SRINIVAS;KARNATAKA;42937;JANATA DAL (SECULAR)
MANGALORE;MLA CONSTITUENCY;U T KHADER;204;INDIAN NATIONAL CONGRESS;2013;CHANDRAHAS ULLAL;KARNATAKA;29111;BHARATIYA JANATA PARTY
MANGALORE CITY NORTH;MLA CONSTITUENCY;B.A.MOHIUDDIN BAVA;202;INDIAN NATIONAL CONGRESS;2013;KRISHNA.J.PALEMAR;KARNATAKA;5373;BHARATIYA JANATA PARTY
MANGALORE CITY SOUTH;MLA CONSTITUENCY;J.R.LOBO;203;INDIAN NATIONAL CONGRESS;2013;N. YOGISH BHAT;KARNATAKA;12275;BHARATIYA JANATA PARTY
MANVI;MLA CONSTITUENCY;G.HAMPAYYA SAHUKAR BALLATAGI;55;INDIAN NATIONAL CONGRESS;2013;RAJA VENKATAPPA NAYAK;KARNATAKA;6987;JANATA DAL (SECULAR)
MASKI;MLA CONSTITUENCY;PRATAPGOWDA PATIL;59;INDIAN NATIONAL CONGRESS;2013;MAHADEVAPPA GOWDA;KARNATAKA;19147;KARNATAKA JANTHA PAKSHA
MAYAKONDA;MLA CONSTITUENCY;K.SHIVAMURTHY;108;INDIAN NATIONAL CONGRESS;2013;N.LINGANNA;KARNATAKA;694;KARNATAKA JANTHA PAKSHA
MELUKOTE;MLA CONSTITUENCY;K.S.PUTTANNAIAH;188;SARVODAYA KARNATAKA PAKSHA;2013;C.S.PUTTARAJU;KARNATAKA;9848;JANATA DAL (SECULAR)
MOLAKALMURU;MLA CONSTITUENCY;S. THIPPESWAMY;97;BADAVARA SHRAMIKARA RAITARA CONGRESS PARTY;2013;N. Y. GOPALAKRISHNA;KARNATAKA;7169;INDIAN NATIONAL CONGRESS
MOODABIDRI;MLA CONSTITUENCY;K ABHAYACHANDRA;201;INDIAN NATIONAL CONGRESS;2013;UMANATHA KOTIAN;KARNATAKA;4550;BHARATIYA JANATA PARTY
MUDDEBIHAL;MLA CONSTITUENCY;APPAJI URF CHANNABASAVARAJ SHANKARAO NADAGOUD;26;INDIAN NATIONAL CONGRESS;2013;VIMALABAI JAGADEVRAO DESHMUKH;KARNATAKA;12202;KARNATAKA JANTHA PAKSHA
MUDHOL;MLA CONSTITUENCY;GOVIND.M.KARJOL;19;BHARATIYA JANATA PARTY;2013;TIMMAPUR.RAMAPPA. BALAPPA.;KARNATAKA;5178;INDIAN NATIONAL CONGRESS
MUDIGERE;MLA CONSTITUENCY;B.B. NINGAIAH;124;JANATA DAL (SECULAR);2013;B.N. CHANDRAPPA;KARNATAKA;635;INDIAN NATIONAL CONGRESS
MULBAGAL;MLA CONSTITUENCY;G.MANJUNATHA;145;INDEPENDENT;2013;N. MUNIANJAPPA;KARNATAKA;33734;JANATA DAL (SECULAR)
NAGAMANGALA;MLA CONSTITUENCY;N.CHALUVARAYASWAMY (SWAMY GOWDA);191;JANATA DAL (SECULAR);2013;SURESH GOWDAA;KARNATAKA;20363;INDIAN NATIONAL CONGRESS
NAGTHAN;MLA CONSTITUENCY;RAJU ALAGUR;31;INDIAN NATIONAL CONGRESS;2013;DEVANAND PHULSING CHAVAN;KARNATAKA;667;JANATA DAL (SECULAR)
NANJANGUD;MLA CONSTITUENCY;V.SRINIVASA PRASAD;214;INDIAN NATIONAL CONGRESS;2013;KALALE N .KESHAVAMURTHY;KARNATAKA;8941;JANATA DAL (SECULAR)
NARASIMHARAJA;MLA CONSTITUENCY;TANVEER SAIT;218;INDIAN NATIONAL CONGRESS;2013;ABDUL MAJID K H;KARNATAKA;8370;SOCIAL DEMOCRATIC PARTY OF INDIA
NARGUND;MLA CONSTITUENCY;B R YAVAGAL;68;INDIAN NATIONAL CONGRESS;2013;C C PATIL;KARNATAKA;8585;BHARATIYA JANATA PARTY
NAVALGUND;MLA CONSTITUENCY;N.H.KONARADDI;69;JANATA DAL (SECULAR);2013;PATIL MUNENAKOPPA SHANKAR;KARNATAKA;2669;BHARATIYA JANATA PARTY
NELAMANGALA;MLA CONSTITUENCY;DR K SRINIVASAMURTHY;181;JANATA DAL (SECULAR);2013;ANJANAMURTHY;KARNATAKA;15103;INDIAN NATIONAL CONGRESS
NIPPANI;MLA CONSTITUENCY;JOLLE SHASHIKALA ANNASAHEB;1;BHARATIYA JANATA PARTY;2013;KAKASO PANDURANG PATIL;KARNATAKA;18662;INDIAN NATIONAL CONGRESS
PADMANABA NAGAR;MLA CONSTITUENCY;R ASHOKA;171;BHARATIYA JANATA PARTY;2013;L.S.CHETHAN GOWDA;KARNATAKA;20123;INDIAN NATIONAL CONGRESS
PAVAGADA;MLA CONSTITUENCY;K.M.THIMMARAYAPPA;137;JANATA DAL (SECULAR);2013;H.V.VENKATESH;KARNATAKA;4863;INDIAN NATIONAL CONGRESS
PULAKESHINAGAR;MLA CONSTITUENCY;AKHANDA SRINIVAS MURTHY.R;159;JANATA DAL (SECULAR);2013;B.PRASANNA KUMAR;KARNATAKA;10199;INDIAN NATIONAL CONGRESS
PUTTUR;MLA CONSTITUENCY;SHAKUNTALA T SHETTY;206;INDIAN NATIONAL CONGRESS;2013;SANJEEVA MATANDOOR;KARNATAKA;4289;BHARATIYA JANATA PARTY
RAICHUR;MLA CONSTITUENCY;DR. SHIVARAJ PATIL S.;54;JANATA DAL (SECULAR);2013;SYED YASIN;KARNATAKA;7871;INDIAN NATIONAL CONGRESS
RAICHUR RURAL;MLA CONSTITUENCY;THIPPARAJU;53;BHARATIYA JANATA PARTY;2013;RAJA RAYAPPA NAIK;KARNATAKA;3270;INDIAN NATIONAL CONGRESS
RAJAJI NAGAR;MLA CONSTITUENCY;S.SURESH KUMAR;165;BHARATIYA JANATA PARTY;2013;R.MANJULA NAIDU;KARNATAKA;14767;INDIAN NATIONAL CONGRESS
RAJARAJESHWARINAGAR;MLA CONSTITUENCY;MUNIRATHNA;154;INDIAN NATIONAL CONGRESS;2013;K.L.R.THIMMANANJAIAH;KARNATAKA;18813;JANATA DAL (SECULAR)
RAMANAGARAM;MLA CONSTITUENCY;H D KUMARA SWAMY;183;JANATA DAL (SECULAR);2013;MARIDEVARU;KARNATAKA;25398;INDIAN NATIONAL CONGRESS
RAMDURG;MLA CONSTITUENCY;ASHOK MAHADEVAPPA PATTAN;18;INDIAN NATIONAL CONGRESS;2013;MAHADEVAPPA SHIVALINGAPPA YADAWAD;KARNATAKA;4984;BHARATIYA JANATA PARTY
RANIBENNUR;MLA CONSTITUENCY;KOLIWAD K.B;87;INDIAN NATIONAL CONGRESS;2013;R.SHANKAR;KARNATAKA;6788;INDEPENDENT
RAYBAG;MLA CONSTITUENCY;AIHOLE DURYODHAN MAHALINGAPPA;6;BHARATIYA JANATA PARTY;2013;PRADEEP RAMU MALAGI;KARNATAKA;829;INDEPENDENT
RON;MLA CONSTITUENCY;GURUPADAGOUDA SANGANAGOUDA PATIL;67;INDIAN NATIONAL CONGRESS;2013;KALAKAPPA GURUSHANTHAPPA BANDI;KARNATAKA;18227;BHARATIYA JANATA PARTY
SAGAR;MLA CONSTITUENCY;KAGODU THIMMAPPA;117;INDIAN NATIONAL CONGRESS;2013;B.R. JAYANTH;KARNATAKA;41248;KARNATAKA JANTHA PAKSHA
SAKLESHPUR;MLA CONSTITUENCY;KUMARASWAMY H.K.;199;JANATA DAL (SECULAR);2013;D. MALLESH;KARNATAKA;33069;INDIAN NATIONAL CONGRESS
SANDUR;MLA CONSTITUENCY;E.TUKARAM;95;INDIAN NATIONAL CONGRESS;2013;DHANANJAYA.R;KARNATAKA;34631;JANATA DAL (SECULAR)
SARVAGNANAGAR;MLA CONSTITUENCY;KELACHANDRA JOSEPH GEORGE;160;INDIAN NATIONAL CONGRESS;2013;PADMANABHA REDDY;KARNATAKA;22854;BHARATIYA JANATA PARTY
SAUNDATTI YELLAMMA;MLA CONSTITUENCY;ANAND ALIAS VISHWANATH CHANDRASHEKHAR MAMANI;17;BHARATIYA JANATA PARTY;2013;RAVINDRA BHUPALAPPA YALIGAR;KARNATAKA;16042;INDIAN NATIONAL CONGRESS
SEDAM;MLA CONSTITUENCY;DR SHARANPRAKASH PATIL;41;INDIAN NATIONAL CONGRESS;2013;RAJKUMAR;KARNATAKA;11895;BHARATIYA JANATA PARTY
SHAHAPUR;MLA CONSTITUENCY;GURU PATIL SHIRAVAL;37;KARNATAKA JANTHA PAKSHA;2013;SHARANABASAPPAGOUDA DARSHANPUR;KARNATAKA;5796;INDIAN NATIONAL CONGRESS
SHANTI NAGAR;MLA CONSTITUENCY;N.A.HARIS;163;INDIAN NATIONAL CONGRESS;2013;K. VASUDEVA MURTHY;KARNATAKA;20187;JANATA DAL (SECULAR)
SHIGGAON;MLA CONSTITUENCY;BASAVARAJ BOMMAI;83;BHARATIYA JANATA PARTY;2013;KHADRI SAYED AZIMPEER SAYED KADERBASHA;KARNATAKA;9503;INDIAN NATIONAL CONGRESS
SHIKARIPURA;MLA CONSTITUENCY;B.S.YADIYURAPPA;115;KARNATAKA JANTHA PAKSHA;2013;H.S.SHANTHAVEERAPPAGOWDA(SHANTANNA);KARNATAKA;24425;INDIAN NATIONAL CONGRESS
SHIMOGA;MLA CONSTITUENCY;K.B. PRASANNAKUMAR;113;INDIAN NATIONAL CONGRESS;2013;S. RUDREGOWDA;KARNATAKA;278;KARNATAKA JANTHA PAKSHA
SHIMOGA RURAL;MLA CONSTITUENCY;SHARADA POORYANAIK;111;JANATA DAL (SECULAR);2013;G.BASAVANNAPPA;KARNATAKA;10109;KARNATAKA JANTHA PAKSHA
SHIRAHATTI;MLA CONSTITUENCY;DODDAMANI RAMAKRISHNA SHIDLINGAPPA;65;INDIAN NATIONAL CONGRESS;2013;RAMAPPA SOBEPPA LAMANI;KARNATAKA;315;BHARATIYA JANATA PARTY
SHIVAJINAGAR;MLA CONSTITUENCY;R.ROSHAN BAIG;162;INDIAN NATIONAL CONGRESS;2013;NIRMAL SURANA;KARNATAKA;20855;BHARATIYA JANATA PARTY
SHORAPUR;MLA CONSTITUENCY;RAJA VENKATAPPA NAYAK;36;INDIAN NATIONAL CONGRESS;2013;NARASIMHANAYAK (RAJUGOUDA);KARNATAKA;4075;JANATA DAL (SECULAR)
SHRAVANABELAGOLA;MLA CONSTITUENCY;C.N.BALAKRISHNA;193;JANATA DAL (SECULAR);2013;C.S.PUTTEGOWDA;KARNATAKA;24142;INDIAN NATIONAL CONGRESS
SHRIRANGAPATTANA;MLA CONSTITUENCY;A.B. RAMESHA BANDISIDDEGOWDA;190;JANATA DAL (SECULAR);2013;RAVINDRA SRIKANTAIAH;KARNATAKA;13624;INDEPENDENT
SIDLAGHATTA;MLA CONSTITUENCY;M. RAJANNA;142;JANATA DAL (SECULAR);2013;V. MUNIYAPPA;KARNATAKA;15479;INDIAN NATIONAL CONGRESS
SINDGI;MLA CONSTITUENCY;BHUSANUR RAMESH BALAPPA;33;BHARATIYA JANATA PARTY;2013;MANAGULI MALLAPPA CHANNAVEERAPPA;KARNATAKA;752;JANATA DAL (SECULAR)
SINDHANUR;MLA CONSTITUENCY;BADARLI HAMPANAGOUDA;58;INDIAN NATIONAL CONGRESS;2013;K.KARIYAPPA;KARNATAKA;13016;BADAVARA SHRAMIKARA RAITARA CONGRESS PARTY
SIRA;MLA CONSTITUENCY;T B JAYACHANDRA;136;INDIAN NATIONAL CONGRESS;2013;B.SATHYANARAYANA;KARNATAKA;14681;JANATA DAL (SECULAR)
SIRSI;MLA CONSTITUENCY;ANANT KAGERI VISHWESHWAR HEGDE;80;BHARATIYA JANATA PARTY;2013;AYYAPPANAGAR DEEPAK HONNAVAR;KARNATAKA;3059;INDIAN NATIONAL CONGRESS
SIRUGUPPA;MLA CONSTITUENCY;B.M. NAGARAJA;92;INDIAN NATIONAL CONGRESS;2013;M.S. SOMALINGAPPA;KARNATAKA;21814;BHARATIYA JANATA PARTY
SORAB;MLA CONSTITUENCY;S.MADHU BANGARAPPA;116;JANATA DAL (SECULAR);2013;H.HALAPPA;KARNATAKA;21225;KARNATAKA JANTHA PAKSHA
SRINGERI;MLA CONSTITUENCY;D.N. JEEVARAJ;123;BHARATIYA JANATA PARTY;2013;T.D. RAJE GOWDA;KARNATAKA;3452;INDIAN NATIONAL CONGRESS
SRINIVASPUR;MLA CONSTITUENCY;K.R.RAMESHKUMAR;144;INDIAN NATIONAL CONGRESS;2013;G.K.VENKATASHIVAREDDY;KARNATAKA;3893;JANATA DAL (SECULAR)
SULLIA;MLA CONSTITUENCY;ANGARA. S;207;BHARATIYA JANATA PARTY;2013;DR. B. RAGHU;KARNATAKA;1373;INDIAN NATIONAL CONGRESS
T.NARASIPUR;MLA CONSTITUENCY;DR. H.C. MAHADEVAPPA;220;INDIAN NATIONAL CONGRESS;2013;M.C.SUNDARESHAN;KARNATAKA;323;JANATA DAL (SECULAR)
TARIKERE;MLA CONSTITUENCY;G.H SRINIVASA;126;INDIAN NATIONAL CONGRESS;2013;D.S SURESH;KARNATAKA;899;KARNATAKA JANTHA PAKSHA
TERDAL;MLA CONSTITUENCY;UMASHREE;20;INDIAN NATIONAL CONGRESS;2013;SIDDU SAVADI;KARNATAKA;2599;BHARATIYA JANATA PARTY
TIPTUR;MLA CONSTITUENCY;K.SHADAKSHARI;129;INDIAN NATIONAL CONGRESS;2013;B.C.NAGESH;KARNATAKA;11602;BHARATIYA JANATA PARTY
TIRTHAHALLI;MLA CONSTITUENCY;KIMMANE RATNAKAR;114;INDIAN NATIONAL CONGRESS;2013;R. M. MANJUNATHA GOWDA;KARNATAKA;1343;KARNATAKA JANTHA PAKSHA
TUMKUR CITY;MLA CONSTITUENCY;DR. RAFEEQ AHMED S.;132;INDIAN NATIONAL CONGRESS;2013;G.B. JYOTHI GANESH;KARNATAKA;3608;KARNATAKA JANTHA PAKSHA
TUMKUR RURAL;MLA CONSTITUENCY;B.SURESH GOWDA;133;BHARATIYA JANATA PARTY;2013;GOWRISHANKAR.D.C.;KARNATAKA;1572;JANATA DAL (SECULAR)
TURUVEKERE;MLA CONSTITUENCY;M.T.KRISHNAPPA;130;JANATA DAL (SECULAR);2013;MASALA JAYARAM;KARNATAKA;8925;KARNATAKA JANTHA PAKSHA
UDUPI;MLA CONSTITUENCY;PRAMOD MADHWARAJ;120;INDIAN NATIONAL CONGRESS;2013;B. SUDHAKAR SHETTY;KARNATAKA;39524;BHARATIYA JANATA PARTY
VARUNA;MLA CONSTITUENCY;SIDDARAMAIAH;219;INDIAN NATIONAL CONGRESS;2013;KAPU SIDDALINGASWAMY;KARNATAKA;29641;KARNATAKA JANTHA PAKSHA
VIJAY NAGAR;MLA CONSTITUENCY;M.KRISHNAPPA;167;INDIAN NATIONAL CONGRESS;2013;V.SOMANNA;KARNATAKA;32642;BHARATIYA JANATA PARTY
VIJAYANAGARA;MLA CONSTITUENCY;ANAND SINGH;90;BHARATIYA JANATA PARTY;2013;H.ABDUL WAHAB;KARNATAKA;30637;INDIAN NATIONAL CONGRESS
VIRAJPET;MLA CONSTITUENCY;K.G.BOPAIAH;209;BHARATIYA JANATA PARTY;2013;BIDDATANDA.T.PRADEEP;KARNATAKA;3414;INDIAN NATIONAL CONGRESS
YADGIR;MLA CONSTITUENCY;DR. MAALAKAREDDY;38;INDIAN NATIONAL CONGRESS;2013;VEER BASWANT REDDY;KARNATAKA;9104;KARNATAKA JANTHA PAKSHA
YELAHANKA;MLA CONSTITUENCY;S.R. VISHWANATH;150;BHARATIYA JANATA PARTY;2013;B. CHANDRAPPA;KARNATAKA;18397;JANATA DAL (SECULAR)
YELBURGA;MLA CONSTITUENCY;BASAVARAJ RAYARADDY;63;INDIAN NATIONAL CONGRESS;2013;ACHAR HALAPPA BASAPPA;KARNATAKA;16900;BHARATIYA JANATA PARTY
YELLAPUR;MLA CONSTITUENCY;ARBAIL SHIVARAM HEBBAR;81;INDIAN NATIONAL CONGRESS;2013;PATIL VEERABHADRAGOUDA SHIVANAGOUDA;KARNATAKA;24492;BHARATIYA JANATA PARTY
YEMKANMARDI;MLA CONSTITUENCY;SATISH LAXMANARAO JARAKIHOLI;10;INDIAN NATIONAL CONGRESS;2013;ASTAGI MARUTI MALLAPPA;KARNATAKA;24350;BHARATIYA JANATA PARTY
YESHVANTHAPURA;MLA CONSTITUENCY;S.T.SOMASHEKAR;153;INDIAN NATIONAL CONGRESS;2013;T.N.JAVARAYI GOWDA;KARNATAKA;29100;JANATA DAL (SECULAR)
