district|blk|cluster|school_name|klpid|klp_girls_count|klp_boys_count|dise_girls_count|dise_boys_count
bangalore|anekal|anekal|GKHPS  ANEKAL|32083|176|189|82|102
bangalore|anekal|anekal|GKHPS DEVANGAPET|32076|72|59|112|79
bangalore|anekal|anekal|GKHPS DK BAGILU|32077|93|103|78|72
bangalore|anekal|anekal|GKHPS OLD ANEKAL|32078|101|105|82|102
bangalore|anekal|anekal|GKLPS BAHADURPURA|32079|14|6|15|19
bangalore|anekal|anekal|GKLPS CHOODENAHALLI|32089|38|15|36|26
bangalore|anekal|anekal|GKLPS KALANAYAKANAHALLI|32090|8|7|4|5
bangalore|anekal|anekal|GKLPS KEMPUDOMMASANDRA|32091|6|9|7|9
bangalore|anekal|anekal|GKLPS MENASIGANAHALLI|32092|17|14|11|12
bangalore|anekal|anekal|GKLPS NARAYANA PURA|35470|13|18|12|21
bangalore|anekal|anekal|GKLPS PUMPHOUSE|32080|16|10|15|14
bangalore|anekal|anekal|GKLPS SINGASANDRA|32084|13|8|9|6
bangalore|anekal|anekal|GKLPS SOLUR|32085|6|4|4|2
bangalore|anekal|anekal|GKLPS SUDHAMANAGAR|32081|25|18|29|36
bangalore|anekal|anekal|GKLPS SUNNAWARA|32086|14|13|17|13
bangalore|anekal|anekal|GKLPS TELAGARAHALLI|32087|13|10|16|14
bangalore|anekal|anekal|GKNMPS ANEKAL|32082|170|192|138|208
bangalore|anekal|anekal|GMPS VANAKANAHALLI|32088|86|98|73|79
bangalore|anekal|anekal urdu|GUHPS ADIGARAKALLAHALLI|33390|87|61|79|54
bangalore|anekal|anekal urdu|GUHPS ANEKAL|33384|65|21|49|32
bangalore|anekal|anekal urdu|GUHPS ATTIBELE|33392|54|25|66|41
bangalore|anekal|anekal urdu|GUHPS DOMMASANDRA|33389|33|31|31|31
bangalore|anekal|anekal urdu|GUHPS GOWRENAHALLI|33386|111|66|113|72
bangalore|anekal|anekal urdu|GUHPS JIGANI|33388|15|11|16|11
bangalore|anekal|anekal urdu|GUHPS SARJAPURA|33391|62|51|56|41
bangalore|anekal|anekal urdu|GUHPS SHIKARIPALYA|33387|157|101|123|83
bangalore|anekal|anekal urdu|GULPS BEDARAPETE|33385|22|13|15|20
bangalore|anekal|attibele|GKHPS  DASANAPURA|32218|57|52|66|73
bangalore|anekal|attibele|GKHPS ATTIBELE(GIRLS)|32216|102|73|96|65
bangalore|anekal|attibele|GKHPS BALLUR|32217|88|100|113|106
bangalore|anekal|attibele|GKHPS MANCHANAHALLI|32219|58|51|62|67
bangalore|anekal|attibele|GKLPS AREHALLI (ATTIBELE)|32221|27|16|16|10
bangalore|anekal|attibele|GKLPS BHAKTHIPURA|32222|8|4|3|2
bangalore|anekal|attibele|GKLPS HALEHALLI (ATTIBELE)|32223|28|18|12|13
bangalore|anekal|attibele|GKLPS HAROHALLI (ATTIBELE)|32224|25|11|17|10
bangalore|anekal|attibele|GKLPS KAMBALIPURA|32225|14|11|15|21
bangalore|anekal|attibele|GKLPS KODALIPURA|32226|13|19|5|6
bangalore|anekal|attibele|GKLPS M MEDAHALLI|32227|12|13|15|13
bangalore|anekal|attibele|GKLPS MUTHASANDRA|32228|10|11|4|10
bangalore|anekal|attibele|GKMBS ATTIBELE|32229|99|126|122|107
bangalore|anekal|attibele|GKMPS MAYASANDRA|32220|111|94|119|132
bangalore|anekal|bannerughatta|GKHPS BANNERUGHATTA|32317|177|177|159|169
bangalore|anekal|bannerughatta|GKHPS BEGIHALLI|32318|51|54|69|65
bangalore|anekal|bannerughatta|GKHPS BILWARDHANAHALLI|32319|102|107|109|116
bangalore|anekal|bannerughatta|GKHPS BYATARAYANA DODDI|32320|14|27|22|11
bangalore|anekal|bannerughatta|GKHPS KANNA NAYAKANA AGRAHARA|32321|56|46|22|21
bangalore|anekal|bannerughatta|GKHPS MALENALLASANDRA|32322|17|21|28|34
bangalore|anekal|bannerughatta|GKHPS MANTAPA|32323|124|93|94|68
bangalore|anekal|bannerughatta|GKHPS SAKALAWARA|32325|71|65|72|54
bangalore|anekal|bannerughatta|GKLPS AMRUTHNAGAR|32326|18|26|23|26
bangalore|anekal|bannerughatta|GKLPS BILWARDHANAHALLI|32327|43|59|37|42
bangalore|anekal|bannerughatta|GKLPS CHETHEKERE PALYA(CK PALYA)|32328|37|27|34|23
bangalore|anekal|bannerughatta|GKLPS CHINNAYYANAPALYA (BANNERUGHATA)|32329|10|13|10|16
bangalore|anekal|bannerughatta|GKLPS HULLAHALLI|32330|30|25|23|25
bangalore|anekal|bannerughatta|GKLPS KALLAKERE|32331|33|38|28|29
bangalore|anekal|bannerughatta|GKLPS LAKSHMIPURA (BANNERUGHATTA)|32332|37|21|29|18
bangalore|anekal|bannerughatta|GKLPS RAMASANDRA (BANNERUGHATTA)|32324|8|4|11|9
bangalore|anekal|bannerughatta|GKLPS SAMPANGIRAMANAGARA|32333|22|25|18|11
bangalore|anekal|bannerughatta|GKLPS SAMPIGENAHALLI|32334|52|65|54|56
bangalore|anekal|bannerughatta|GKLPS SHILINDRADODDI|32335|16|28|12|20
bangalore|anekal|bannerughatta|GKLPS VAJARAHALLI|32336|27|42|20|36
bangalore|anekal|byagadadenahalli|GKHPS BYAGADADENAHALLI|32400|59|45|59|61
bangalore|anekal|byagadadenahalli|GKHPS MARSUR|32401|114|130|109|122
bangalore|anekal|byagadadenahalli|GKLPS  KOONMADIVALA|32399|3|6|2|6
bangalore|anekal|byagadadenahalli|GKLPS ADESONNATTI|32402|9|12|9|12
bangalore|anekal|byagadadenahalli|GKLPS AVADADENAHALLI|32403|15|14|18|18
bangalore|anekal|byagadadenahalli|GKLPS BANDAPURA (BYAGADADENAHALLI )|32404|11|11|13|11
bangalore|anekal|byagadadenahalli|GKLPS CHIKKAHAGADE|32405|20|21|9|11
bangalore|anekal|byagadadenahalli|GKLPS DODDAHAGADE|32406|15|15|17|13
bangalore|anekal|byagadadenahalli|GKLPS KAMMASANDRA AGRAHARA|32407|18|23|21|18
bangalore|anekal|byagadadenahalli|GKLPS KAVALAHOSAHALLI|32413|32|22|26|22
bangalore|anekal|byagadadenahalli|GKLPS KEMPUVADERAHALLI|32408|12|5|9|2
bangalore|anekal|byagadadenahalli|GKLPS M MADIVALA|32409|23|16|21|19
bangalore|anekal|byagadadenahalli|GKLPS NAGANAYAKANA HALLI|32410|16|21|18|25
bangalore|anekal|byagadadenahalli|GKLPS SHETTIHALLI|32411|14|15|10|20
bangalore|anekal|byagadadenahalli|GKLPS SOPPA HALLI|32412|7|4|0|0
bangalore|anekal|byagadadenahalli|GKLPS T B C KOONMADIVALA|32414|12|16|3|3
bangalore|anekal|byagadadenahalli|GKLPS THATTANAHALLI|32415|29|19|18|15
bangalore|anekal|byagadadenahalli|GKLPS YELLAMMANAPALYA|32416|29|33|15|19
bangalore|anekal|chikkahosahalli|GKHPS CHIKKAHOSALLI|32513|54|60|49|65
bangalore|anekal|chikkahosahalli|GKHPS INDILWADI|32514|89|89|116|117
bangalore|anekal|chikkahosahalli|GKHPS SIDDHANAPALYA|32515|44|43|50|41
bangalore|anekal|chikkahosahalli|GKHPS SIDIHOSAKOTE|32516|54|41|41|30
bangalore|anekal|chikkahosahalli|GKHPS SURAGAJAKKANAHALLI|32517|34|38|23|33
bangalore|anekal|chikkahosahalli|GKHPS THAMMANAYAKANAHALLI|32518|57|54|54|56
bangalore|anekal|chikkahosahalli|GKLPS A MEDAHALLI|32530|16|11|13|19
bangalore|anekal|chikkahosahalli|GKLPS AADURU|32519|22|15|15|16
bangalore|anekal|chikkahosahalli|GKLPS AREHALLI (CHIKKAHOSAHALLI)|32520|14|11|16|10
bangalore|anekal|chikkahosahalli|GKLPS BODARAHALLI|32521|17|15|13|9
bangalore|anekal|chikkahosahalli|GKLPS CHINNAYYANAPALYA (CHIKKAHOSAHALLI)|32522|33|29|10|16
bangalore|anekal|chikkahosahalli|GKLPS CHOODAHALLI (CHIKKAHOSAHALLI)|32523|32|24|32|16
bangalore|anekal|chikkahosahalli|GKLPS GOWRENAHALLI|32524|69|68|65|72
bangalore|anekal|chikkahosahalli|GKLPS HONNAKALASAPURA|32525|16|12|15|13
bangalore|anekal|chikkahosahalli|GKLPS INDILWADIPURA|32526|14|17|13|11
bangalore|anekal|chikkahosahalli|GKLPS KADAJAKKANAHALLI|32527|17|17|20|13
bangalore|anekal|chikkahosahalli|GKLPS KARAKALAGHATTA|32528|17|19|19|16
bangalore|anekal|chikkahosahalli|GKLPS LAKSHMIPURA (CHIKKAHOSAHALLI)|32529|20|23|19|18
bangalore|anekal|chikkahosahalli|GKLPS MYSOORAMMANADODDI|32531|18|16|11|14
bangalore|anekal|chikkahosahalli|GKLPS NAGAYANADODDI|32532|11|13|8|8
bangalore|anekal|chikkahosahalli|GKLPS SONNANAYAKANAPURA|32510|11|10|12|10
bangalore|anekal|chikkahosahalli|GKLPS THIMMASANDRA (CHIKKAHOSAHALLI)|32511|12|11|13|5
bangalore|anekal|chikkahosahalli|GKLPS THIMMAYYANADODDI|32512|3|6|5|7
bangalore|anekal|dommasandra|GKHPS (GIRLS)DOMMASANDRA|32913|132|51|117|94
bangalore|anekal|dommasandra|GKHPS ITTANGURU|32916|39|26|27|16
bangalore|anekal|dommasandra|GKHPS JANATHA COLONY|32914|107|92|84|71
bangalore|anekal|dommasandra|GKHPS TIGALACHOUDANA HALLI|32917|71|55|66|53
bangalore|anekal|dommasandra|GKLPS B HOSAHALLI|32919|23|20|15|16
bangalore|anekal|dommasandra|GKLPS CHAMBENAHALLI|32920|29|16|21|11
bangalore|anekal|dommasandra|GKLPS KADA AGRAHARA|32921|21|17|25|16
bangalore|anekal|dommasandra|GKLPS SOMPURA (DOMMASANDRA)|32922|13|19|15|22
bangalore|anekal|dommasandra|GKLPS V KALLAHALLI|32918|15|29|12|11
bangalore|anekal|dommasandra|GKLPS YAMRE|32923|15|11|22|22
bangalore|anekal|dommasandra|GKMPS DOMMASANDRA|32915|189|206|187|188
bangalore|anekal|haragadde|GKHPS HARAGADDE|32801|127|130|128|153
bangalore|anekal|haragadde|GKHPS LINGAPURA|32802|28|9|28|13
bangalore|anekal|haragadde|GKHPS MADAPATNA|32808|78|55|83|81
bangalore|anekal|haragadde|GKHPS NUSENOOR|32803|76|55|43|48
bangalore|anekal|haragadde|GKLPS BANDENALLASANDRA|32804|17|16|18|15
bangalore|anekal|haragadde|GKLPS DENABANK BADAVANE|32815|26|22|28|21
bangalore|anekal|haragadde|GKLPS DYAVASANDRA|32805|28|27|6|12
bangalore|anekal|haragadde|GKLPS H. MANCHANAHALLI|32809|25|20|15|16
bangalore|anekal|haragadde|GKLPS KUMBARANAHALLI|32807|18|14|19|10
bangalore|anekal|haragadde|GKLPS MARUTHINAGARA(JANATHA COLONY)|32810|14|21|10|15
bangalore|anekal|haragadde|GKLPS N GOLAHALLI (HARAGADDE)|32806|18|12|7|8
bangalore|anekal|haragadde|GKLPS NAYANA HALLI|32811|9|4|10|8
bangalore|anekal|haragadde|GKLPS SITHANAYAKANAHALLI|32812|5|7|9|3
bangalore|anekal|haragadde|GKLPS VADDARAPALYA (HARAGADDE)|32813|54|58|41|49
bangalore|anekal|haragadde|GKMPS JIGANI|32814|331|290|190|168
bangalore|anekal|harappana halli|GKHPS HARAPPANAHALLI|32614|61|82|80|82
bangalore|anekal|harappana halli|GKHPS KALLUBALU|32615|109|106|73|63
bangalore|anekal|harappana halli|GKHPS KONASANDRA|32616|29|37|48|44
bangalore|anekal|harappana halli|GKHPS KRISHNADODDI|32617|39|49|56|64
bangalore|anekal|harappana halli|GKHPS RAGIHALLI|32627|8|23|7|19
bangalore|anekal|harappana halli|GKLPS ANNAYYANADODDI|32618|25|18|13|11
bangalore|anekal|harappana halli|GKLPS BALARBANDDE|32633|13|14|18|18
bangalore|anekal|harappana halli|GKLPS BOMMANDANAHALLI|32619|25|21|24|21
bangalore|anekal|harappana halli|GKLPS BUKKASAGARA|32620|33|40|26|19
bangalore|anekal|harappana halli|GKLPS GIDDENAHALLI (HARAPPANAHALLI)|32621|19|25|14|12
bangalore|anekal|harappana halli|GKLPS GN THANDYA|32622|10|24|12|13
bangalore|anekal|harappana halli|GKLPS KORATAGEREDODDI|32623|7|9|5|2
bangalore|anekal|harappana halli|GKLPS MADAPPANADODDI|32624|25|25|19|20
bangalore|anekal|harappana halli|GKLPS MAHANTHALINGAPURA|32625|28|29|19|21
bangalore|anekal|harappana halli|GKLPS MUTHURAYASWAMYDODDI|32626|19|24|29|20
bangalore|anekal|harappana halli|GKLPS RAMANAYAKANADODDI|32628|7|10|6|5
bangalore|anekal|harappana halli|GKLPS SHIVANAHALLI|32629|20|19|16|20
bangalore|anekal|harappana halli|GKLPS SOLLEPURADODDI|32630|10|5|9|2
bangalore|anekal|harappana halli|GKLPS VADERAMANCHANAHALLI|32631|43|42|45|44
bangalore|anekal|harappana halli|GKLPS YELLAMMANADODDI|32632|24|18|28|18
bangalore|anekal|hebbagodi|GKHPS BOMMASANDRA|32699|97|98|133|106
bangalore|anekal|hebbagodi|GKHPS CHATHRAKANE|32700|166|133|115|97
bangalore|anekal|hebbagodi|GKHPS HEBBAGODI|32701|338|319|228|238
bangalore|anekal|hebbagodi|GKHPS HEELALIGE|32702|153|121|122|99
bangalore|anekal|hebbagodi|GKHPS IGLUR|32703|78|59|104|86
bangalore|anekal|hebbagodi|GKHPS KAMMASANDRA|32704|91|89|59|73
bangalore|anekal|hebbagodi|GKHPS KITHAGANAHALLI|32705|93|75|149|137
bangalore|anekal|hebbagodi|GKHPS OLD CHANDAPURA|32706|48|51|71|82
bangalore|anekal|hebbagodi|GKHPS RAMASAGARA|32707|91|79|63|58
bangalore|anekal|hebbagodi|GKHPS T GOLAHALLI|32709|76|69|74|70
bangalore|anekal|hebbagodi|GKHPS VEERASANDRA|32713|120|99|89|78
bangalore|anekal|hebbagodi|GKLPS BANAHALLI|32708|34|28|34|34
bangalore|anekal|hebbagodi|GKLPS LAXMISAGARA|32710|12|17|14|28
bangalore|anekal|hebbagodi|GKLPS THIRUPALYA|32711|109|141|114|151
bangalore|anekal|hebbagodi|GKLPS VADDARAPALYA (HEBBAGODI)|32712|61|46|37|28
bangalore|anekal|hennagra|GKHPS BINGIPURA|33429|38|62|43|68
bangalore|anekal|hennagra|GKHPS HENNAGARA|33437|95|83|86|68
bangalore|anekal|hennagra|GKHPS HULIMANGALA|33430|26|24|20|22
bangalore|anekal|hennagra|GKHPS KOPPA|33431|60|46|63|47
bangalore|anekal|hennagra|GKHPS KOPPAGATE|33432|59|53|69|54
bangalore|anekal|hennagra|GKHPS MARUGONDANAHALLI|33433|175|164|235|212
bangalore|anekal|hennagra|GKHPS RAJAPURA|33438|42|32|30|22
bangalore|anekal|hennagra|GKHPS YARENDAHALLI|33439|100|115|81|66
bangalore|anekal|hennagra|GKLPS HINNAKKI|33440|28|17|23|27
bangalore|anekal|hennagra|GKLPS J HOSAHALLI|33441|10|25|15|21
bangalore|anekal|hennagra|GKLPS KACHANAYAKANAHALLI|33442|76|76|104|112
bangalore|anekal|hennagra|GKLPS KYALASANAHALLI|33443|10|28|12|18
bangalore|anekal|hennagra|GKLPS MASTENAHALLI|33444|24|26|24|26
bangalore|anekal|hennagra|GKLPS NANJAPURA|33435|8|2|10|6
bangalore|anekal|hennagra|GKLPS PODU|33436|7|3|10|3
bangalore|anekal|hennagra|GKLPS RAMAKRISHNAPURA|33445|1|4|0|0
bangalore|anekal|hennagra|GKLPS VABASANDRA|33434|34|30|27|48
bangalore|anekal|huskuru|GKHPS BOVIPALYA|32852|108|99|118|111
bangalore|anekal|huskuru|GKHPS RAYASANDRA|32863|53|50|65|53
bangalore|anekal|huskuru|GKLPS AVALAHALLI (HUSKUR)|32851|23|21|8|6
bangalore|anekal|huskuru|GKLPS CHIKKANAGAMANGALA|32853|15|13|11|8
bangalore|anekal|huskuru|GKLPS CHINTHALAMADIWALA|32854|17|19|11|7
bangalore|anekal|huskuru|GKLPS CHOKKASANDRA|32855|6|8|2|10
bangalore|anekal|huskuru|GKLPS CHOODASANDRA|32856|15|21|14|20
bangalore|anekal|huskuru|GKLPS GHATTA HALLI|32857|31|32|19|22
bangalore|anekal|huskuru|GKLPS GOOLIMANGAL|32858|19|13|14|10
bangalore|anekal|huskuru|GKLPS HAROHALLI (HUSKUR)|32859|11|21|9|21
bangalore|anekal|huskuru|GKLPS KAGGALIPURA|32860|13|12|6|14
bangalore|anekal|huskuru|GKMPS HUSKUR|32861|123|130|114|132
bangalore|anekal|huskuru|GKMPS KOODLU|32862|242|244|227|238
bangalore|anekal|mugaluru|GKHPS KUGURU|33361|70|46|59|36
bangalore|anekal|mugaluru|GKHPS KUTHAGANNA HALLI|33362|32|35|30|33
bangalore|anekal|mugaluru|GKHPS MUGALURU|33363|61|63|37|37
bangalore|anekal|mugaluru|GKHPS NERIGE|33364|27|25|25|28
bangalore|anekal|mugaluru|GKHPS NIKKUNDI DOMMASANDRA|33365|25|26|33|30
bangalore|anekal|mugaluru|GKHPS THINDLU|33366|49|54|55|71
bangalore|anekal|mugaluru|GKHPS THIPPASANDRA|33367|32|36|23|26
bangalore|anekal|mugaluru|GKLPS BOVIPALYA (DOMMASANDRA)|33368|22|30|14|22
bangalore|anekal|mugaluru|GKLPS CHIKKADASARAHALLI|33369|16|13|13|13
bangalore|anekal|mugaluru|GKLPS DODDATHIMMASANDRA|33370|29|24|19|18
bangalore|anekal|mugaluru|GKLPS GONIGATTAPURA|33371|28|20|15|15
bangalore|anekal|mugaluru|GKLPS HALASAHALLI|33372|6|13|9|11
bangalore|anekal|mugaluru|GKLPS HEGGONDANAHALLI|33373|19|7|5|11
bangalore|anekal|mugaluru|GKLPS JANATHA GONDANAHALLI|33374|22|18|24|10
bangalore|anekal|mugaluru|GKLPS KAMMANAHALLI|33375|16|17|14|24
bangalore|anekal|mugaluru|GKLPS KATHRIGUPPE|33376|8|10|5|11
bangalore|anekal|mugaluru|GKLPS MADAPPANAHALLI (MUGALURU)|33377|16|12|13|15
bangalore|anekal|mugaluru|GKLPS MATTANAHALLI|33378|26|18|19|12
bangalore|anekal|mugaluru|GKLPS MC HALLI|33379|18|13|19|10
bangalore|anekal|mugaluru|GKLPS NEKKUNDI BADAVANE|33380|23|14|10|17
bangalore|anekal|mugaluru|GKLPS PANDITHANA AGRAHARA|33381|13|22|9|13
bangalore|anekal|mugaluru|GKLPS RAJIVGANDHINAGAR|33382|24|19|18|16
bangalore|anekal|mugaluru|GKLPS RAMANAYAKANAHALLI|33383|11|10|13|7
bangalore|anekal|nerlooru|GKHPS AADIGONDANAHALLI|33401|38|27|35|32
bangalore|anekal|nerlooru|GKHPS BALAGARANA HALLI|33402|66|42|90|56
bangalore|anekal|nerlooru|GKHPS GUDDAHATTI|33403|67|56|56|48
bangalore|anekal|nerlooru|GKHPS MUTHANALLUR|33393|115|119|85|103
bangalore|anekal|nerlooru|GKHPS NERALOORU|33404|116|107|129|116
bangalore|anekal|nerlooru|GKHPS SINGANA AGRAHARA|33394|64|38|43|27
bangalore|anekal|nerlooru|GKHPS TIRUMAGONDANAHALLI|33405|71|57|55|54
bangalore|anekal|nerlooru|GKHPS YADAVANAHALLI|33406|114|88|105|98
bangalore|anekal|nerlooru|GKLPS ALI BOMMASANDRA|33397|20|23|30|26
bangalore|anekal|nerlooru|GKLPS BENDIGANAHALLI (NERLOORU)|33407|4|10|9|14
bangalore|anekal|nerlooru|GKLPS CHIKKA TIMMASANDRA|33395|11|13|12|14
bangalore|anekal|nerlooru|GKLPS GOPASANDRA|33396|21|26|15|12
bangalore|anekal|nerlooru|GKLPS ICHHANGUR|33408|21|16|21|16
bangalore|anekal|nerlooru|GKLPS ICHHANGUR VADDARAPALYA|33409|22|22|23|35
bangalore|anekal|nerlooru|GKLPS KOMMASANDRA|33398|16|13|9|7
bangalore|anekal|nerlooru|GKLPS KRISHNASAGARA|33410|18|6|15|9
bangalore|anekal|nerlooru|GKLPS NARAYANA GATTA|33399|22|18|40|22
bangalore|anekal|nerlooru|GKLPS SAMMANA HALLI|33400|15|9|12|5
bangalore|anekal|sabmangala|GKHPS BESTHAMANAHALLI|33423|50|31|37|30
bangalore|anekal|sabmangala|GKHPS GERETIGANABELE|33411|42|40|30|29
bangalore|anekal|sabmangala|GKHPS KARPUR|33424|30|35|21|24
bangalore|anekal|sabmangala|GKHPS KUVEMPUNAGARA|33412|99|83|81|68
bangalore|anekal|sabmangala|GKHPS MARANAYAKANAHALLI|33413|49|47|30|31
bangalore|anekal|sabmangala|GKHPS SABMANGALA|33415|74|80|68|64
bangalore|anekal|sabmangala|GKHPS SAMANDURU|33414|43|55|34|39
bangalore|anekal|sabmangala|GKLPS ARAVANTIGEPURA|33425|3|11|5|14
bangalore|anekal|sabmangala|GKLPS ASHRAYAMANE YOJANE|35475|10|16|33|30
bangalore|anekal|sabmangala|GKLPS BIDARAGERE|33426|30|24|24|21
bangalore|anekal|sabmangala|GKLPS CHENNENAHAGRAHARA|33416|11|14|9|11
bangalore|anekal|sabmangala|GKLPS GANDHINAGAR (SABMANGALA)|33417|20|7|15|9
bangalore|anekal|sabmangala|GKLPS GUDDNAHALLI|33418|16|26|24|25
bangalore|anekal|sabmangala|GKLPS HALDENAHALLI|33427|4|5|0|0
bangalore|anekal|sabmangala|GKLPS HOMPALAGHATTA|33419|8|12|9|11
bangalore|anekal|sabmangala|GKLPS MUTHAGATTE|33420|12|19|17|11
bangalore|anekal|sabmangala|GKLPS RACHAMANAHALLI|33428|24|22|18|14
bangalore|anekal|sabmangala|GKLPS S MADIVALA|33421|21|19|16|15
bangalore|anekal|sabmangala|GKLPS S THIMMASANDRA (SABMANGALA)|33422|15|13|8|5
bangalore|anekal|sarjapura|GKHPS ADIGARAKALLAHALLI|32944|42|58|46|50
bangalore|anekal|sarjapura|GKHPS BIDARAGUPPE|32945|49|39|44|28
bangalore|anekal|sarjapura|GKHPS HANDENAHALLI|32946|38|45|49|59
bangalore|anekal|sarjapura|GKHPS JIGALA|32947|30|22|27|23
bangalore|anekal|sarjapura|GKHPS NARASAPURA|32948|20|22|20|23
bangalore|anekal|sarjapura|GKHPS TYAVAKANAHALLI|32949|30|24|28|29
bangalore|anekal|sarjapura|GKLPS ARENOORU|32950|18|14|11|11
bangalore|anekal|sarjapura|GKLPS BIKKANAHALLI|32951|11|11|6|9
bangalore|anekal|sarjapura|GKLPS BILLAPURA|32952|27|20|17|15
bangalore|anekal|sarjapura|GKLPS BURUGUNTE|32953|6|7|5|7
bangalore|anekal|sarjapura|GKLPS CHIKKANNAHALLI|32954|7|11|12|7
bangalore|anekal|sarjapura|GKLPS INDLABELE|32955|23|15|16|7
bangalore|anekal|sarjapura|GKLPS KOTIGANAHALLI|32956|11|6|8|4
bangalore|anekal|sarjapura|GKLPS MALENAHALLI|32957|24|12|22|14
bangalore|anekal|sarjapura|GKLPS S MEDAHALLI|32958|19|15|13|19
bangalore|anekal|sarjapura|GKLPS SILKFARM|32959|13|11|8|14
bangalore|anekal|sarjapura|GKLPS SOLLEPURA|32960|16|11|5|9
bangalore|anekal|sarjapura|GKLPS SULTANPALYA|32961|3|7|8|6
bangalore|anekal|sarjapura|GKMPS SARJAPURA (BOYS)|32962|44|133|72|125
bangalore|anekal|sarjapura|GKMPS SARJAPURA (GIRLS)|32963|185|64|146|77
bangalore|bmp-1|bmpcluster|CPS NARAYAN PILLAI|32102|160|147|115|79
bangalore|bmp-1|bmpcluster|CPS TASKER TOWN|32104|45|105|27|98
bangalore|north-1|byadarahalli|GKHPS GIDADAKONENAHALLI|32019|82|104|81|89
bangalore|north-1|byadarahalli|GKLPS ANJANANAGAR|32020|31|22|19|18
bangalore|north-1|byadarahalli|GKLPS MUDDAYYANAPALYA (BYADARAHALLI)|32021|49|62|27|45
bangalore|north-1|byadarahalli|GKMPS ANDRAHALLI|32023|221|199|249|182
bangalore|north-1|byadarahalli|GKMPS BYADARAHALLI|32018|273|257|311|291
bangalore|north-1|byadarahalli|GKMPS HEROHALLI|32022|227|177|161|156
bangalore|north-1|chikkabidarakallu|GKHPS CHIKKABIDARAKALLU|32149|183|202|182|203
bangalore|north-1|chikkabidarakallu|GKHPS DODDABIDARAKALLU|32150|130|112|89|61
bangalore|north-1|chikkabidarakallu|GKHPS GANGONDANAHALLI (CHIKKABIDARAKALLU)|32151|85|87|182|203
bangalore|north-1|chikkabidarakallu|GKHPS MADAVARA|32152|229|202|174|160
bangalore|north-1|chikkabidarakallu|GKHPS THIGALARAPALYA|32158|273|243|233|206
bangalore|north-1|chikkabidarakallu|GKHPS THIPPENAHALLI|32153|89|112|117|122
bangalore|north-1|chikkabidarakallu|GKLPS CHANNANAYAKANAPALYA|32154|41|42|20|26
bangalore|north-1|chikkabidarakallu|GKLPS GANGONDANAHALLI COLONY|32155|50|53|31|44
bangalore|north-1|chikkabidarakallu|GKLPS KARIVABINAHALLI|32159|22|28|23|29
bangalore|north-1|chikkabidarakallu|GKLPS MUNISWAMAPPA BADAVANE|32156|18|43|20|32
bangalore|north-1|chikkabidarakallu|GKMPS NELAGADARANAHALLI|32157|424|402|437|399
bangalore|north-1|chikkabidarakallu|GULPS PAILVANARAPALYA|32160|16|11|8|8
bangalore|north-1|heggnahalli|GKHPS SRIGANDADAKAVALU|32271|184|142|143|127
bangalore|north-1|heggnahalli|GKLPS BEGGARS COLONY|32272|24|24|15|18
bangalore|north-1|heggnahalli|GKLPS NAGARAHOLE NAGARA|32270|48|49|39|29
bangalore|north-1|heggnahalli|GKLPS SHUSHRUTHINAGAR|32273|15|8|18|8
bangalore|north-1|heggnahalli|GKLPS SIDDARTHNAGARA|33891|39|45|54|49
bangalore|north-1|heggnahalli|GKMPS HEGGANAHALLI|32274|498|512|512|535
bangalore|north-1|heggnahalli|GUHPS HEGGANAHALLI|32275|212|139|201|117
bangalore|north-1|heggnahalli|GUHPS KAREEMSAB LAYOUT|32276|62|67|40|37
bangalore|north-1|kamakshipalya|GKHPS POLICE COLONY|32361|68|77|59|84
bangalore|north-1|kamakshipalya|GKLPS VRISHABHAVATHI NAGARA|32358|45|32|56|41
bangalore|north-1|kamakshipalya|GKMPS AGRAHARA DASARAHALLI|32359|137|138|29|28
bangalore|north-1|kamakshipalya|GKMPS KAMAKSHIPALYA|32360|240|207|186|179
bangalore|north-1|krishnanandanagara|GKHPS BHOVIPALYA|32465|66|39|58|53
bangalore|north-1|krishnanandanagara|GKHPS KRISHNANANDANAGARA|32466|207|198|146|151
bangalore|north-1|krishnanandanagara|GKHPS MAHALAKSHMIPURAM|32467|89|76|64|55
bangalore|north-1|krishnanandanagara|GKHPS MULUGAL VALLY|32468|187|160|150|141
bangalore|north-1|krishnanandanagara|GKLPS ASHOKPURAM SLUM|32469|11|7|12|12
bangalore|north-1|kurubarahalli|GKHPS KURUBARAHALLI|32563|193|168|190|177
bangalore|north-1|kurubarahalli|GKLPS KAMALANAGARA SLUM|32564|23|18|22|17
bangalore|north-1|kurubarahalli|GKLPS MAHATHMAGANDINAGAR|32565|15|16|12|18
bangalore|north-1|kurubarahalli|GKMPS KAMALANAGAR|32566|254|204|218|162
bangalore|north-1|kurubarahalli|GKMPS SANEGORAVANAHALLI|32567|99|106|90|111
bangalore|north-1|kurubarahalli|GUHPS KURUBARAHALLI|32568|47|47|60|52
bangalore|north-1|laggere|GKHPS CHOKKASANDRA|32658|221|206|186|182
bangalore|north-1|laggere|GKHPS LAKSHMIDEVINAGAR|32656|102|94|90|90
bangalore|north-1|laggere|GKHPS RAJIV GANDHI NAGARA|32653|307|252|18|16
bangalore|north-1|laggere|GKHPS SANJAYAGANDHI NAGARA|32654|146|132|114|93
bangalore|north-1|laggere|GKLPS RAJAGOPAL NAGARA|32657|78|71|49|76
bangalore|north-1|laggere|GKMPS LAGGERE|32652|364|334|328|265
bangalore|north-1|laggere|GULPS CHAMUNDIPURA|32660|31|21|23|23
bangalore|north-1|machohalli|GKHPS ARKAVATHINAGAR|32747|52|44|44|36
bangalore|north-1|machohalli|GKHPS CHIKKAGOLLARAHATTI|32748|208|214|179|194
bangalore|north-1|machohalli|GKHPS KADABAGERE|32749|66|52|45|48
bangalore|north-1|machohalli|GKHPS KG LAKKENAHALLI|32750|30|40|26|33
bangalore|north-1|machohalli|GKHPS KITTHANAHALLI|32751|95|68|80|63
bangalore|north-1|machohalli|GKHPS MACHOHALLI|32752|75|92|57|77
bangalore|north-1|machohalli|GKHPS MALLASANDRA MACHOHALLI|32753|70|45|57|77
bangalore|north-1|machohalli|GKHPS RAVUTHANAHALLI|32754|50|35|39|31
bangalore|north-1|machohalli|GKLPS AVERAHALLI|32755|6|9|6|7
bangalore|north-1|machohalli|GKLPS BAIYANDANAHALLI|32756|14|22|21|29
bangalore|north-1|machohalli|GKLPS BETTAHALLI|32757|19|21|17|8
bangalore|north-1|machohalli|GKLPS BYLAKONENAHALLI|32758|6|12|3|2
bangalore|north-1|machohalli|GKLPS DEVINANJAYYANAPALYA|32759|24|21|19|18
bangalore|north-1|machohalli|GKLPS GARUDACHARPALYA|32760|10|13|210|175
bangalore|north-1|machohalli|GKLPS GIDDENAHALLI (MACHOHALLI)|32761|12|9|14|12
bangalore|north-1|machohalli|GKLPS GOWDAHALLI|32762|5|11|9|13
bangalore|north-1|machohalli|GKLPS KACHOHALLI|32763|21|28|14|6
bangalore|north-1|machohalli|GKLPS KENGENAHALLI|32764|11|20|6|11
bangalore|north-1|machohalli|GKLPS MACHOHALLI COLONY|32765|53|67|51|65
bangalore|north-1|machohalli|GKLPS VADDARAHALLI|32766|10|3|4|3
bangalore|north-1|machohalli|GULPS KACHOHALLI|32767|17|21|14|6
bangalore|north-1|madanayakanahalli|GKHPS LAKSHMIPURA (CHIKKABIDARAKALLU)|33289|64|59|182|203
bangalore|north-1|madanayakanahalli|GKHPS MADANAYAKANAHALLI|33290|291|254|224|190
bangalore|north-1|madanayakanahalli|GKHPS SIDDANAHOSAHALLI|33291|226|202|233|210
bangalore|north-1|madanayakanahalli|GKHPS SRIKANTAPURA|33292|118|127|87|97
bangalore|north-1|madanayakanahalli|GKLPS DOMBARAHALLI|33293|21|22|17|11
bangalore|north-1|madanayakanahalli|GKLPS HANUMANTASAGARA|33294|25|21|14|10
bangalore|north-1|madanayakanahalli|GKLPS HOTTAPPANAPALYA|33295|17|11|20|13
bangalore|north-1|madanayakanahalli|GKLPS KADRENAHALLI|33296|13|11|4|6
bangalore|north-1|madanayakanahalli|GKLPS KAMMASANDRA (MADANAYAKANAHALLI)|33297|21|21|15|9
bangalore|north-1|madanayakanahalli|GKLPS KOLLIGANAHALLI|33298|10|8|11|3
bangalore|north-1|mallasandra|GKHPS KAMMAGONDANAHALLI|33281|97|86|103|101
bangalore|north-1|mallasandra|GKHPS NAGASANDRA|33283|374|329|369|340
bangalore|north-1|mallasandra|GKHPS NARAYANAPURA|33284|60|63|58|62
bangalore|north-1|mallasandra|GKHPS THOTADAGUDDADAHALLI|33285|127|145|112|126
bangalore|north-1|mallasandra|GKLPS NAGASANDRA COLONY|33286|19|48|43|29
bangalore|north-1|mallasandra|GKLPS RAVINDRANAGAR|33287|22|34|17|21
bangalore|north-1|mallasandra|GKLPS SHIVAPURA|33288|57|54|46|51
bangalore|north-1|mallasandra|GKMPS MALLASANDRA(MALLASANDRA)|33282|432|365|336|308
bangalore|north-1|peenya|GKHPS COOLI NAGARA|33299|177|188|171|157
bangalore|north-1|peenya|GKHPS GORAGUNTE PALYA|33300|186|187|157|133
bangalore|north-1|peenya|GKHPS PEENYA|33301|228|239|218|239
bangalore|north-1|rajajinagar|GKHPS JUGANAHALLI|33310|25|25|23|25
bangalore|north-1|rajajinagar|GKHPS KETHAMARANAHALLI|33311|46|54|48|53
bangalore|north-1|rajajinagar|GKHPS RAJAJI NAGARA 2ND BLOCK|33312|31|41|29|33
bangalore|north-1|shivanagara|GKHPS RAJAJINAGAR 5TH AND 6TH BLOCK|32828|56|43|46|24
bangalore|north-1|shivanagara|GKLPS INDIRA NAGARA|32827|22|20|8|10
bangalore|north-1|shivanagara|GKMPS SHIVANAGARA|32829|117|121|105|85
bangalore|north-1|shivanagara|GULPS INDIRA NAGARA COLONY|32830|10|7|8|9
bangalore|north-1|sondekoppa|GKHPS HULLEGOWDANAHALLI|33302|108|76|80|71
bangalore|north-1|sondekoppa|GKHPS LAKKENAHALLI|33303|46|61|44|52
bangalore|north-1|sondekoppa|GKLPS BAIREGOWDANAHALLI|33304|30|27|28|24
bangalore|north-1|sondekoppa|GKLPS BALEVEERANAHALLI|33305|19|8|13|4
bangalore|north-1|sondekoppa|GKLPS HUNNIGERE (SONDEKOPPA)|33306|22|28|19|17
bangalore|north-1|sondekoppa|GKLPS NAGASANDRA|33307|25|30|3|13
bangalore|north-1|sondekoppa|GKMPS SONDEKOPPA|33308|203|219|147|192
bangalore|north-1|sondekoppa|GUHPS SONDEKOPPA|33309|22|22|16|20
bangalore|north-1|ullalupanagara|GKHPS HOSAHALLIGOLLARAPALYA|33270|111|89|110|97
bangalore|north-1|ullalupanagara|GKHPS KANNALLI|33271|96|61|87|84
bangalore|north-1|ullalupanagara|GKHPS ULLAL|33272|85|86|102|96
bangalore|north-1|ullalupanagara|GKLPS CHIKKAKODIGEHALLI|33273|7|5|7|5
bangalore|north-1|ullalupanagara|GKLPS GOLLARAPALYA|33274|57|48|59|58
bangalore|north-1|ullalupanagara|GKLPS KODIGEHALLI|33275|23|30|19|23
bangalore|north-1|ullalupanagara|GKLPS KODIGEHALLI COLONY|33276|48|36|45|30
bangalore|north-1|ullalupanagara|GKLPS MANGANAHALLI|33277|18|19|14|16
bangalore|north-1|ullalupanagara|GKLPS SEEGEHALLI (ULLALUPANAGARA)|33278|20|26|14|18
bangalore|north-1|ullalupanagara|GKMPS ULLALUPANAGARA|33279|296|238|244|200
bangalore|north-1|ullalupanagara|GULPS ULLALUPANAGARA|33280|34|31|23|14
bangalore|north-2|hebbal|GKHPS CHOLANAYAKANAHALLI (HEBBAL)|32024|119|121|90|87
bangalore|north-2|hebbal|GKHPS MANNARAYANAPALYA|32025|147|114|127|121
bangalore|north-2|hebbal|GKLPS GUDDADAHALLI (HEBBAL)|32026|35|56|14|9
bangalore|north-2|hebbal|GKLPS KUNTHI GRAMA|32027|24|19|24|20
bangalore|north-2|hebbal|GKLPS VISHWANATH NAGENAHALLI|32028|101|111|89|99
bangalore|north-2|hebbal|GKMPS HEBBAL|32029|294|319|290|269
bangalore|north-2|hebbal|GKMPS NAGASHETTYHALLI|32034|200|190|178|168
bangalore|north-2|hebbal|GUHPS BHOOPASANDRA|32035|60|64|67|67
bangalore|north-2|hebbal|GUHPS HEBBAL|32030|39|26|42|39
bangalore|north-2|hebbal|GULPS BHUVANESHWARI NAGAR|32031|39|40|77|79
bangalore|north-2|hebbal|GUMPS CHAMUNDINAGAR|32032|101|109|92|76
bangalore|north-2|jalahalli|GKLPS KHATHANAGAR|32161|24|20|16|16
bangalore|north-2|jalahalli|GKLPS POORNAPURA|32164|112|114|91|81
bangalore|north-2|jalahalli|GKMPS JALAHALLI|32162|218|246|220|225
bangalore|north-2|jalahalli|GKMPS MATHIKERE|32165|155|176|154|181
bangalore|north-2|jalahalli|GTHPS PEENYA PLANTATION|32163|28|43|42|39
bangalore|north-2|jalahalli|GULPS SUBEDARPALYA|32166|25|19|19|21
bangalore|north-2|malleswaram|GKHPS BHARATIYA VIDYA MANDIR|33164|39|56|68|62
bangalore|north-2|malleswaram|GKHPS KODANDARAMAPURA|33166|12|13|11|18
bangalore|north-2|malleswaram|GKHPS RAILWAY COLONY|33169|63|79|36|49
bangalore|north-2|malleswaram|GKLPS 18TH CROSS MALLESWARAM|33165|20|25|23|14
bangalore|north-2|malleswaram|GKLPS HANUMANTHAPURA|33170|14|20|11|13
bangalore|north-2|malleswaram|GKLPS SHASTRINAGARA|33179|18|28|14|24
bangalore|north-2|malleswaram|GKLPS SWATHANTRANAGARA|33171|13|8|13|8
bangalore|north-2|malleswaram|GKLPS THIRUVALAPURAM|33178|28|25|19|18
bangalore|north-2|malleswaram|GKMPS 13TH CROSS MALLESWARAM|33173|122|54|93|47
bangalore|north-2|malleswaram|GKMPS JAKKARAYANAKERE|33172|71|83|82|88
bangalore|north-2|malleswaram|GKMPS MALLESWARAM CIRCLE|33174|49|53|20|25
bangalore|north-2|malleswaram|GUHPS MALLESWARAM CIRCLE|33176|27|30|20|25
bangalore|north-2|malleswaram|GULPS MD BLOCK MALLESWARAM|33168|18|25|17|13
bangalore|north-2|malleswaram|GUMPS YASHWANTHPURA|33177|98|62|100|56
bangalore|north-2|pghalli|GKHPS PGHALLI|33162|66|85|54|72
bangalore|north-2|pghalli|GUHPS PGHALLI|33163|43|33|21|23
bangalore|north-2|prakashnagara|GKHPS MARUTHI BADAVANE|33186|49|45|66|49
bangalore|north-2|prakashnagara|GKLPS MARIYAPPANA PALYA|33187|5|2|2|5
bangalore|north-2|prakashnagara|GKLPS MARIYAPPANA PALYA SLUM|33188|12|7|10|6
bangalore|north-2|prakashnagara|GKMPS PRAKASHNAGARA|33189|72|83|69|83
bangalore|north-2|prakashnagara|GULPS MARIYAPPANAPALYA SLUM|33190|14|5|10|5
bangalore|north-2|sheshadripuram|GKHPS GANDHINAGAR|33180|28|30|16|23
bangalore|north-2|sheshadripuram|GKMPS LINK ROAD|33182|121|107|70|77
bangalore|north-2|sheshadripuram|GTHPS GANDHINAGAR|33183|10|17|8|14
bangalore|north-2|sheshadripuram|GUHPS SC ROAD SHESHADRIPURAM|33184|36|19|35|35
bangalore|north-2|sriramapura|GKBHPS SRIRAMPURAM|32362|1|135|0|131
bangalore|north-2|sriramapura|GKGHPS SRIRAMPURA|32363|178|1|91|96
bangalore|north-2|sriramapura|GKLPS UKKADAPALYA|32364|20|21|16|9
bangalore|north-2|sriramapura|GTLPS Q BLOCK|32365|15|27|17|17
bangalore|north-2|sriramapura|GUHPS GOPALPURA|32366|85|80|81|49
bangalore|north-2|sriramapura|GUHPS RAMACHANDRAPURA|32367|88|61|82|60
bangalore|north-2|yashwanthpura|GKHPS GOKULA|32470|132|130|188|186
bangalore|north-2|yashwanthpura|GKMPS SANTHEBEEDI YASHWANTHPURA|32471|159|165|153|167
bangalore|north-2|yashwanthpura|GKMPS VYAYAMA SHALE YASHWANTHPURA|32472|82|87|88|85
bangalore|north-2|yashwanthpura|GULPS MK NAGAR|32473|45|47|39|35
bangalore|north-3|banaswadi|GKHPS DODDA BANASWADI|32507|140|159|150|175
bangalore|north-3|banaswadi|GKHPS RAMASWAMY PALYA|32506|44|34|40|33
bangalore|north-3|banaswadi|GKHPS SUBAYANAPALYA|32504|55|72|54|77
bangalore|north-3|banaswadi|GKLPS KACHARKANAHALLI|32508|16|23|10|20
bangalore|north-3|banaswadi|GKLPS LINGARAJAPURAM A BLOCK|32505|53|55|38|50
bangalore|north-3|banaswadi|GKMPS LINGARAJAPURA|32503|219|238|205|217
bangalore|north-3|banaswadi|GULPS SAITPALYA|32509|26|24|21|16
bangalore|north-3|d.j. halli|GKHPS NEW BAGLUR LAYOUT|32073|35|28|24|35
bangalore|north-3|d.j. halli|GKMPS DJ HALLI|32071|146|182|445|423
bangalore|north-3|d.j. halli|GTHPS PERIYAR NAGAR|32072|31|38|31|37
bangalore|north-3|d.j. halli|GULPS MODI ROAD|32069|130|152|174|169
bangalore|north-3|d.j. halli|GULPS OLD BAGALUR LAYOUT|32074|22|45|13|28
bangalore|north-3|d.j. halli|GUMPS GUAVA GARDEN|32070|879|689|445|423
bangalore|north-3|d.j. halli|GUMPS TANNERY ROAD|32075|144|166|111|110
bangalore|north-3|d.j. halli|GUMPS ZIA STREET|32068|322|281|804|614
bangalore|north-3|frazer town|GKHPS B CHANNASANDRA|32205|103|109|113|119
bangalore|north-3|frazer town|GKHPS BENNIGANAHALLI|32206|133|159|127|179
bangalore|north-3|frazer town|GKHPS BINNAMANGALA|32210|53|48|56|69
bangalore|north-3|frazer town|GKHPS HALEBYAPPANAHALLI|32207|106|109|94|99
bangalore|north-3|frazer town|GKHPS KRISHNAYANPALYA|32208|113|108|85|76
bangalore|north-3|frazer town|GKHPS MURPHY TOWN|32209|67|102|64|103
bangalore|north-3|frazer town|GKLPS CHIKKA BANASVADI|32211|14|11|16|21
bangalore|north-3|frazer town|GKLPS GAJENDRANAGAR|32212|14|19|21|27
bangalore|north-3|frazer town|GKLPS KADIRAYYANNA PALYA|32202|18|12|21|10
bangalore|north-3|frazer town|GKLPS PILLAREDDY NAGAR|32213|14|28|8|24
bangalore|north-3|frazer town|GKMPS SARVAGNYA NAGAR|32203|108|120|88|106
bangalore|north-3|frazer town|GTEHPS MURPHY TOWN|32214|47|76|67|90
bangalore|north-3|frazer town|GTHPS MURPHY TOWN|32215|46|41|67|90
bangalore|north-3|frazer town|GTMPS COX TOWN|32204|46|47|52|40
bangalore|north-3|j c nagar|GKHPS MAJOR RAMASWAMY PALYA|32311|137|100|64|50
bangalore|north-3|j c nagar|GKHPS MUNIREDDY PALIYA|32312|72|85|62|59
bangalore|north-3|j c nagar|GKMPS GANGANAGARA|32313|277|217|196|148
bangalore|north-3|j c nagar|GKMPS N S LINE METTADAHALLI|32314|132|193|111|143
bangalore|north-3|j c nagar|GTELPS MRS PALYA|32315|19|34|15|12
bangalore|north-3|j c nagar|GTHPS NS LANE|32316|70|86|45|47
bangalore|north-3|j c nagar|GUHPS GANGANAGAR|32305|62|52|57|44
bangalore|north-3|j c nagar|GUHPS KOUSER NAGAR|32306|87|86|81|67
bangalore|north-3|j c nagar|GUHPS M R PALYA|32307|24|25|16|17
bangalore|north-3|j c nagar|GUHPS RAHMATH NAGAR|32308|92|69|84|77
bangalore|north-3|j c nagar|GULPS CHINNAPPA GARDEN|32309|10|3|8|7
bangalore|north-3|j c nagar|GUMPS NS LANE|32310|65|78|90|97
bangalore|north-3|kaval byrasandra|GKHPS KARIYANPALYA|33154|3|31|14|16
bangalore|north-3|kaval byrasandra|GKHPS KG HALLI|33155|118|147|171|201
bangalore|north-3|kaval byrasandra|GKLPS ASHOK NAGAR|33151|17|10|5|9
bangalore|north-3|kaval byrasandra|GKLPS SHAMPURA|33152|84|92|77|103
bangalore|north-3|kaval byrasandra|GKLPS VENKATESHPURA|33156|37|41|24|31
bangalore|north-3|kaval byrasandra|GKMPS K B SANDRA|33150|182|184|444|400
bangalore|north-3|kaval byrasandra|GTLPS ASHOK NAGAR|33153|30|27|26|22
bangalore|north-3|kaval byrasandra|GUHPS GANDHI NAGAR|33157|121|96|114|102
bangalore|north-3|kaval byrasandra|GUHPS MUSLIM COLONY|33147|117|95|94|73
bangalore|north-3|kaval byrasandra|GUHPS SHAMPURA|33148|111|56|74|43
bangalore|north-3|kaval byrasandra|GUHPS VENKATESHPURA|33158|152|103|185|128
bangalore|north-3|kaval byrasandra|GULPS IDGAH MOHALLA|35345|9|9|28|51
bangalore|north-3|kaval byrasandra|GULPS KB SANDRA|33149|89|73|57|51
bangalore|north-3|kaval byrasandra|GULPS KG HALLI|33159|53|43|266|266
bangalore|north-3|kaval byrasandra|GULPS YASEEN NAGAR|33160|69|43|58|25
bangalore|north-3|kaval byrasandra|GUMPS KG HALLI|33161|101|108|101|99
bangalore|north-3|oph road|GKLPS OPH ROAD BLACKPALLI|32606|6|13|40|43
bangalore|north-3|oph road|GTEHPS OPH ROAD|32607|38|38|41|41
bangalore|north-3|oph road|GTHPS PAINERCHERRY|32608|6|17|6|21
bangalore|north-3|oph road|GTHPS THIMMAIAH ROAD|32610|16|27|17|20
bangalore|north-3|oph road|GUHPS BLACK PALLY|32609|24|18|40|43
bangalore|north-3|oph road|GUHPS REHMANIA|32612|41|65|29|46
bangalore|north-3|oph road|GULPS MACKAN ROAD|32613|1|7|4|10
bangalore|north-3|pottery town|GKHPS  JAI BHARTHA NAGAR|32688|79|99|54|78
bangalore|north-3|pottery town|GKHPS JEEVANAHALLI|32689|54|58|50|63
bangalore|north-3|pottery town|GKLPS NAGAYANPALYA|32690|31|24|27|24
bangalore|north-3|pottery town|GKLPS SATHYAMNAGAR|32691|23|31|20|25
bangalore|north-3|pottery town|GKMPS POTTERYTOWN|32694|116|123|102|105
bangalore|north-3|pottery town|GKTMPS CLEVELAND TOWN|32695|250|184|272|188
bangalore|north-3|pottery town|GTEHPS JEEVANAHALLI|32693|20|25|20|28
bangalore|north-3|pottery town|GTELPS POTTERY TOWN|32696|9|7|31|32
bangalore|north-3|pottery town|GTHPS JAIBHARATHNAGAR|32692|70|86|54|78
bangalore|north-3|pottery town|GUHPBS FRAZER TOWN|32697|62|62|171|189
bangalore|north-3|pottery town|GUMPGS FRAZER TOWN|32698|57|59|171|189
bangalore|north-3|vasanthnagar|GKHPS SAMPANGI RAM NAGAR|33139|85|55|16|13
bangalore|north-3|vasanthnagar|GKHPS VASANTHNAGAR|33140|58|80|68|80
bangalore|north-3|vasanthnagar|GKLPS RAJBHAVAN ROAD|33141|13|8|30|24
bangalore|north-3|vasanthnagar|GTHPS VASANTH NAGAR|33142|11|15|11|20
bangalore|north-3|vasanthnagar|GUHPS VASANTHNAGAR|33144|11|7|6|4
bangalore|north-3|vasanthnagar|GUHPS VKO SHIVAJINAGAR|33145|79|74|105|85
bangalore|north-4|abbigere|GKHPS ABBIGERE|33224|197|173|226|211
bangalore|north-4|abbigere|GKHPS LAKSHMIPURA (T.DASARAHALLI)|33225|87|86|64|75
bangalore|north-4|abbigere|GKHPS SHETTIHALLI|33226|198|190|183|139
bangalore|north-4|abbigere|GKHPS VADERAHALLI|33232|84|90|91|68
bangalore|north-4|abbigere|GKLPS ABBIGERE COLONY|33227|75|87|83|91
bangalore|north-4|abbigere|GKLPS GANIGARAHALLI|33228|28|42|18|21
bangalore|north-4|abbigere|GKLPS KEREGUDDADAHALLI|33229|86|87|88|75
bangalore|north-4|abbigere|GKLPS MEDARAHALLI|33230|29|23|23|21
bangalore|north-4|abbigere|GKLPS SOMASHETTYHALLI|33231|24|25|24|21
bangalore|north-4|abbigere|GULPS MEDIAGRAHARA|33233|25|41|14|22
bangalore|north-4|agrahara layout|GKHPS KATTIGENAHALLI|33214|67|52|21|60
bangalore|north-4|agrahara layout|GKHPS KOGILU|33218|68|74|67|70
bangalore|north-4|agrahara layout|GKHPS KOGILU LAYOUT|33220|76|94|73|105
bangalore|north-4|agrahara layout|GKHPS PALANAHALLI|33211|71|63|69|56
bangalore|north-4|agrahara layout|GKLPS AGRAHARA|33219|18|15|22|11
bangalore|north-4|agrahara layout|GKLPS BELLAHALLI|33212|15|16|10|8
bangalore|north-4|agrahara layout|GKLPS DWARAKANAGAR|33213|50|51|40|31
bangalore|north-4|agrahara layout|GKLPS THIRUMENAHALLI|33215|36|27|27|11
bangalore|north-4|agrahara layout|GKLPS VENKATALA|33221|47|44|39|39
bangalore|north-4|agrahara layout|GKLPS VINAYAKNAGAR|33216|11|9|12|11
bangalore|north-4|agrahara layout|GKMPS AGRAHARA LAYOUT|33222|258|242|265|242
bangalore|north-4|agrahara layout|GUHPS KOGILU LAYOUT|33223|65|70|73|55
bangalore|north-4|agrahara layout|GULPS BELLAHALLI|33217|12|9|10|8
bangalore|north-4|bagalur|GKHPS BANDIKODIGEHALLI|32036|38|37|39|23
bangalore|north-4|bagalur|GKHPS HOOVINAYAKANAHALLI|32038|39|24|20|16
bangalore|north-4|bagalur|GKHPS KADAYARAPPANAHALLI|32039|22|8|14|9
bangalore|north-4|bagalur|GKHPS MYLANAHALLI|32040|75|61|70|53
bangalore|north-4|bagalur|GKHPS SINGHAHALLI|32041|21|21|12|6
bangalore|north-4|bagalur|GKLPS AREBINNAMANGALA|32042|17|8|11|9
bangalore|north-4|bagalur|GKLPS BAGLURU COLONY|32043|82|74|84|91
bangalore|north-4|bagalur|GKLPS BK HALLI PALYA|32044|14|10|14|12
bangalore|north-4|bagalur|GKLPS BYLAHALLI|32045|11|8|12|16
bangalore|north-4|bagalur|GKLPS CHOKKANAHALLI|32037|28|31|17|36
bangalore|north-4|bagalur|GKLPS HUNACHUR|32046|20|17|12|10
bangalore|north-4|bagalur|GKLPS MAHADEVAKODIGEHALLI|32047|15|16|8|12
bangalore|north-4|bagalur|GKLPS YADIYUR|32048|18|14|9|10
bangalore|north-4|bagalur|GKMPS BAGALURU|32049|309|298|239|226
bangalore|north-4|bagalur|GULPS BAGLURU|32051|28|20|21|16
bangalore|north-4|bagalur|GULPS BUDAN SAB PALYA|32052|37|34|24|27
bangalore|north-4|byatarayanapura|GKHPS AMRUTHAHALLI|32167|285|261|215|200
bangalore|north-4|byatarayanapura|GKHPS BYATARAYANAPURA (N4)|32168|115|97|216|199
bangalore|north-4|byatarayanapura|GKHPS CHOKKENAHALLI|32174|29|41|17|36
bangalore|north-4|byatarayanapura|GKHPS GOVINDAPURA|32169|112|156|38|26
bangalore|north-4|byatarayanapura|GKHPS HEBBAL KEMPAPURA|32170|177|217|204|200
bangalore|north-4|byatarayanapura|GKHPS HENNUR|32171|104|102|90|78
bangalore|north-4|byatarayanapura|GKHPS JAKKUR LAYOUT|32175|115|113|124|123
bangalore|north-4|byatarayanapura|GKHPS SHREERAMAPURA|32172|113|125|91|96
bangalore|north-4|byatarayanapura|GKLPS AMRUTH NAGAR|32173|51|57|43|60
bangalore|north-4|byatarayanapura|GKLPS SAMPIGEHALLI|32176|30|32|27|32
bangalore|north-4|byatarayanapura|GKLPS VEERANNANA PALYA|32177|26|33|20|23
bangalore|north-4|byatarayanapura|GKMPS NAGAVARA|32179|132|177|209|153
bangalore|north-4|byatarayanapura|GUHPS AL-HILAL NAGAR|32180|85|80|67|76
bangalore|north-4|byatarayanapura|GUHPS JAKKUR|32182|29|53|45|51
bangalore|north-4|byatarayanapura|GULPS GOVINDAPURA|32181|83|67|68|57
bangalore|north-4|byatarayanapura|GULPS JAKKUR LAYOUT|32183|25|18|18|15
bangalore|north-4|byatarayanapura|GUMPS NAGAVARA|32184|200|153|209|153
bangalore|north-4|chikkajala|GKHPS CHANNAHALLI|33262|95|69|152|104
bangalore|north-4|chikkajala|GKHPS CHIKKAJALA|33263|175|196|165|171
bangalore|north-4|chikkajala|GKHPS DODDAJALA|33264|71|70|72|69
bangalore|north-4|chikkajala|GKHPS MUTHAGADAHALLI|33269|2|3|3|3
bangalore|north-4|chikkajala|GKHPS NAVARATHNA AGRAHARA|33265|49|51|34|35
bangalore|north-4|chikkajala|GKHPS TARABANAHALLI|33266|51|56|50|49
bangalore|north-4|chikkajala|GKHPS VIDYANAGARA|33267|87|89|96|82
bangalore|north-4|chikkajala|GKLPS BEGUR|33268|5|7|5|4
bangalore|north-4|chikkajala|GKLPS BHOVIPALYA|33252|14|19|11|10
bangalore|north-4|chikkajala|GKLPS BYNAHALLI|33253|30|28|21|24
bangalore|north-4|chikkajala|GKLPS CHIKKANAHALLI|33254|17|13|12|7
bangalore|north-4|chikkajala|GKLPS HUTTANAHALLI|33255|36|41|27|35
bangalore|north-4|chikkajala|GKLPS KOLIPURA|33256|7|9|6|5
bangalore|north-4|chikkajala|GKLPS MARANAYAKANAHALLI|33257|11|13|9|10
bangalore|north-4|chikkajala|GKLPS MEENUKUNTE HOSUR|33258|34|46|35|44
bangalore|north-4|chikkajala|GKLPS MEESAGANAHALLI|33259|4|3|3|2
bangalore|north-4|chikkajala|GKLPS RANGASWAMY CAMP|33260|24|25|16|24
bangalore|north-4|chikkajala|GKLPS SHETTIGERE|33261|12|41|15|19
bangalore|north-4|dodda bylagere|GKHPS DODDA BYLAKERE|32278|74|90|80|97
bangalore|north-4|dodda bylagere|GKHPS GUNI AGRAHARA|32279|75|68|44|43
bangalore|north-4|dodda bylagere|GKHPS IVARAKANDAPURA|32280|59|56|24|38
bangalore|north-4|dodda bylagere|GKHPS KODAGI THIRUMALA PURA|32281|54|57|48|42
bangalore|north-4|dodda bylagere|GKHPS KUMBARA HALLI|32282|23|24|25|26
bangalore|north-4|dodda bylagere|GKHPS SOLADEVANAHALLI|32283|65|74|65|78
bangalore|north-4|dodda bylagere|GKLPS BILIJAJI|32284|22|18|14|13
bangalore|north-4|dodda bylagere|GKLPS HURALI CHIKKANAHALLI|32285|18|20|8|11
bangalore|north-4|dodda bylagere|GKLPS KALATHAMMANAHALLI|32286|14|12|10|7
bangalore|north-4|dodda bylagere|GKLPS KASAGHATTAPURA|32287|8|8|11|12
bangalore|north-4|dodda bylagere|GKLPS KEMPAPURA|32288|26|32|27|29
bangalore|north-4|dodda bylagere|GKLPS SASUVE GHATTA|32289|16|9|11|8
bangalore|north-4|dodda bylagere|GKLPS TARABANAHALLI|32290|29|36|17|25
bangalore|north-4|dodda bylagere|GKLPS THAMMARASANAHALLI|32291|7|4|9|4
bangalore|north-4|dodda bylagere|GKMPS CHIKKA BANAVARA|32277|328|332|285|286
bangalore|north-4|dodda bylagere|GUHPS CHIKKABANAVARA|32292|62|36|54|30
bangalore|north-4|hesarghatta|GKHPS MATHKUR|32369|40|40|19|19
bangalore|north-4|hesarghatta|GKHPS SHIVAKOTE|32370|31|35|23|27
bangalore|north-4|hesarghatta|GKLPS DASENAHALLI|32371|17|21|12|12
bangalore|north-4|hesarghatta|GKLPS GUDDADAHALLI (HESARGHATTA)|32373|25|9|14|9
bangalore|north-4|hesarghatta|GKLPS HAROHALLI PALYA|32374|14|9|7|7
bangalore|north-4|hesarghatta|GKLPS KOLUVARAYANAHALLI|32375|6|5|3|1
bangalore|north-4|hesarghatta|GKLPS KONDASHETTIHALLI|32376|2|2|3|8
bangalore|north-4|hesarghatta|GKLPS LINGANAHALLI|32377|10|13|10|7
bangalore|north-4|hesarghatta|GKLPS LINGARAJAPURA|32378|18|17|7|9
bangalore|north-4|hesarghatta|GKLPS MADHUGIRIHALLI|32379|5|2|5|3
bangalore|north-4|hesarghatta|GKLPS MAVALIPURA|32380|11|13|7|12
bangalore|north-4|hesarghatta|GKLPS MUTHUGADAHALLI|32381|12|11|3|3
bangalore|north-4|hesarghatta|GKLPS SEETHAKEMPANAHALLI|32382|14|22|11|11
bangalore|north-4|hesarghatta|GKMPS HESARAGHATTA|32383|245|197|229|186
bangalore|north-4|hunasamaranahalli|GKHPS HOSAHALLI|32483|36|47|23|31
bangalore|north-4|hunasamaranahalli|GKHPS HUNASEMARENAHALLI|32484|128|133|186|197
bangalore|north-4|hunasamaranahalli|GKHPS SATHNOOR|32480|63|70|47|45
bangalore|north-4|hunasamaranahalli|GKHPS SONNAPANAHALLI|32485|134|126|160|162
bangalore|north-4|hunasamaranahalli|GKLPS BILLAMARANAHALLI|32474|18|35|13|26
bangalore|north-4|hunasamaranahalli|GKLPS KADIGANAHALLI|32475|18|19|26|24
bangalore|north-4|hunasamaranahalli|GKLPS KODAGALAHATTI|32476|18|17|12|12
bangalore|north-4|hunasamaranahalli|GKLPS SHRINIVASPURA|32481|27|26|22|19
bangalore|north-4|hunasamaranahalli|GKLPS SUBHASHNAGAR (HUNASEMARANAHALLI)|32477|40|48|186|197
bangalore|north-4|hunasamaranahalli|GKLPS SUGGATTA|32478|35|36|24|27
bangalore|north-4|hunasamaranahalli|GKLPS VIDYANAGARA CROSS|32479|97|99|96|82
bangalore|north-4|hunasamaranahalli|GUHPS SATHNOOR|32482|18|12|13|11
bangalore|north-4|kakolu|GKHPS CHELLAHALLI|32569|35|33|21|31
bangalore|north-4|kakolu|GKHPS CHOKKANAHALLI (KAKOLU)|32570|53|44|33|39
bangalore|north-4|kakolu|GKHPS KAKOLU|32571|82|72|82|69
bangalore|north-4|kakolu|GKHPS KAMAKSHIPURA|32572|57|41|43|23
bangalore|north-4|kakolu|GKHPS MARASANDRA|32573|59|54|42|37
bangalore|north-4|kakolu|GKHPS SURENDANAPURA|32574|41|41|43|42
bangalore|north-4|kakolu|GKLPS ARAKERE|32575|6|15|9|12
bangalore|north-4|kakolu|GKLPS BASAVANALINGAPPANAGAR|32576|13|23|11|14
bangalore|north-4|kakolu|GKLPS BUDDUMANAHALLI|32577|12|15|8|15
bangalore|north-4|kakolu|GKLPS BYRAPURA|32578|17|15|16|8
bangalore|north-4|kakolu|GKLPS CHANNASANDRA|32579|7|4|10|3
bangalore|north-4|kakolu|GKLPS DHANDHANAPALYA|32580|10|7|10|5
bangalore|north-4|kakolu|GKLPS HANIYUR|32581|22|22|11|6
bangalore|north-4|kakolu|GKLPS KADATHANAMALE|32582|12|3|6|2
bangalore|north-4|kakolu|GKLPS KAKKEHALLI|32583|13|3|10|3
bangalore|north-4|kakolu|GKLPS KARLAPURA|32584|22|15|11|14
bangalore|north-4|kakolu|GKLPS KARLAPURAPALYA|32585|4|3|4|2
bangalore|north-4|kakolu|GKLPS NELLUKUNTE|32586|3|4|8|12
bangalore|north-4|kakolu|GKLPS SHYANABOGANAHALLI|32587|10|8|7|9
bangalore|north-4|kakolu|GKLPS SONNENAHALLI (KAKOLU)|32588|18|16|11|6
bangalore|north-4|kakolu|GKLPS SURADENAPURA LAYOUT|32589|6|14|9|9
bangalore|north-4|kakolu|GKMPS BYATHA|32590|69|59|52|44
bangalore|north-4|khudregere|GKHPS ADDAK MARANAHALLI|32661|131|125|131|107
bangalore|north-4|khudregere|GKHPS ALURU|32662|61|59|50|49
bangalore|north-4|khudregere|GKHPS DASANAPURA|32663|75|77|66|73
bangalore|north-4|khudregere|GKHPS HAROKYATHANAHALLI|32664|64|79|52|62
bangalore|north-4|khudregere|GKHPS HEGADE DEVANA PURA|32665|123|155|110|138
bangalore|north-4|khudregere|GKHPS KUDUREGERE|32666|79|79|61|65
bangalore|north-4|khudregere|GKHPS NAGARURU|32667|80|76|77|56
bangalore|north-4|khudregere|GKHPS SHIVANAPURA|32668|31|25|28|25
bangalore|north-4|khudregere|GKLPS ALURPALYA|32669|10|8|9|7
bangalore|north-4|khudregere|GKLPS BOVIPALYA (KUDUREGERE)|32670|11|9|11|10
bangalore|north-4|khudregere|GKLPS GEJJAGADHAHALLI|32671|43|22|16|18
bangalore|north-4|khudregere|GKLPS MARAPPANAPALYA|32672|9|10|9|9
bangalore|north-4|khudregere|GKLPS RAMPALYA|32673|10|10|4|7
bangalore|north-4|khudregere|GKLPS THAMMENAHALLI|32674|23|19|19|19
bangalore|north-4|khudregere|GKLPS THAMMENAHALLI PALYA|32675|4|3|6|8
bangalore|north-4|kodigehalli|GKHPS DODDA BOMMASANDRA|33208|127|121|89|111
bangalore|north-4|kodigehalli|GKHPS KODIGEHALLI|33201|294|281|41|50
bangalore|north-4|kodigehalli|GKHPS KOTHIHOSAHALLI|33202|107|121|99|113
bangalore|north-4|kodigehalli|GKHPS RAMACHANDRAPURA|33200|83|84|105|91
bangalore|north-4|kodigehalli|GKHPS SINGHAPURA|33199|98|136|104|144
bangalore|north-4|kodigehalli|GKHPS TINDLU|33203|182|174|222|217
bangalore|north-4|kodigehalli|GKLPS KUVEMPUNAGARA|33206|76|90|81|68
bangalore|north-4|kodigehalli|GKLPS VINAYAKANAGARA|33207|49|38|54|41
bangalore|north-4|kodigehalli|GKMPS SANJEEVINI NAGAR|33205|124|119|133|124
bangalore|north-4|kodigehalli|GUHPS M.S. PALYA|33209|88|51|101|46
bangalore|north-4|kodigehalli|GULPS VINAYAKANAGARA (T.DASARAHALLI)|33210|52|42|6|7
bangalore|north-4|maralukunte|GKHPS MARALAKUNTE|33191|51|63|55|66
bangalore|north-4|maralukunte|GKHPS MARENAHALLI (BAGLURU)|33192|91|77|74|62
bangalore|north-4|maralukunte|GKLPS CHAKALETTE|33193|20|14|25|19
bangalore|north-4|maralukunte|GKLPS DASANAYAKANAHALLI|33194|12|7|14|5
bangalore|north-4|maralukunte|GKLPS GOPALAPURA|33195|10|21|7|18
bangalore|north-4|maralukunte|GKLPS M. HOSAHALLI|33196|29|32|22|23
bangalore|north-4|maralukunte|GKLPS MANCHAPPANAHALLI|33197|21|23|18|14
bangalore|north-4|maralukunte|GKLPS MARASANDRA|33198|34|39|32|30
bangalore|north-4|mathahalli|GKHPS  PILLAHALLI|33237|44|44|28|35
bangalore|north-4|mathahalli|GKHPS BETHANAGERE|33234|44|36|31|23
bangalore|north-4|mathahalli|GKHPS GOPALA PURA|33244|90|58|7|18
bangalore|north-4|mathahalli|GKHPS HUSKOOR|33235|57|47|43|41
bangalore|north-4|mathahalli|GKHPS MATHAHALLI|33236|108|94|94|95
bangalore|north-4|mathahalli|GKHPS TORENAGASANDRA|33238|25|23|13|16
bangalore|north-4|mathahalli|GKLPS AGRAHARAPALYA|33245|2|1|2|6
bangalore|north-4|mathahalli|GKLPS BOMMASHETTIHALLI|33246|1|7|7|6
bangalore|north-4|mathahalli|GKLPS CHIKKAKUKKANAHALLI|33247|19|19|14|15
bangalore|north-4|mathahalli|GKLPS GOVINDAPURA|33248|13|11|5|7
bangalore|north-4|mathahalli|GKLPS HOCHENNAPALYA|33239|11|11|8|8
bangalore|north-4|mathahalli|GKLPS HONNASANDRA|33240|32|31|28|20
bangalore|north-4|mathahalli|GKLPS HOSAHALLI PALYA|33249|7|8|4|2
bangalore|north-4|mathahalli|GKLPS MAKALI|33241|45|35|33|22
bangalore|north-4|mathahalli|GKLPS NARASIPURA|33242|15|16|137|144
bangalore|north-4|mathahalli|GKLPS SHAMABATTARA PALYA|33250|9|13|6|5
bangalore|north-4|mathahalli|GKLPS THOTTAGERE|33251|23|28|21|21
bangalore|north-4|mathahalli|GKLPS VADERAHALLI (MATHAHALLI)|33243|35|17|22|12
bangalore|north-4|rajanakunte|GKHPS RAJANKUNTE|32768|125|94|143|94
bangalore|north-4|rajanakunte|GKHPS SINGANAYAKANAHALLI|32769|117|103|104|90
bangalore|north-4|rajanakunte|GKHPS TARAHUNISE|32770|52|50|74|62
bangalore|north-4|rajanakunte|GKLPS ADDE|32771|8|19|5|13
bangalore|north-4|rajanakunte|GKLPS ADDE VISHWANATHAPURA|32772|46|27|32|21
bangalore|north-4|rajanakunte|GKLPS ADDIGANAHALLI|32773|30|28|15|20
bangalore|north-4|rajanakunte|GKLPS GADENAHALLI|32774|13|13|7|15
bangalore|north-4|rajanakunte|GKLPS GANTIGANAHALLI|32783|24|23|21|15
bangalore|north-4|rajanakunte|GKLPS ITGALPURA|32775|6|4|7|3
bangalore|north-4|rajanakunte|GKLPS KUDUREGERE|32776|25|26|19|19
bangalore|north-4|rajanakunte|GKLPS MUDDENAHALLI|32784|24|7|12|4
bangalore|north-4|rajanakunte|GKLPS NAGADASANAHALLI|32785|13|22|12|22
bangalore|north-4|rajanakunte|GKLPS SADENAHALLI|32777|19|14|12|11
bangalore|north-4|rajanakunte|GKLPS SADENAHALLI LAYOUT|32778|15|17|21|15
bangalore|north-4|rajanakunte|GKLPS SHREERAMANAHALLI|32779|53|44|30|20
bangalore|north-4|rajanakunte|GKLPS T. AGRAHARA|32780|5|3|6|6
bangalore|north-4|rajanakunte|GKLPS THIMMASANDRA (RAJANA KUNTE)|32781|23|19|15|17
bangalore|north-4|rajanakunte|GKMPS BETTAHALASURU|32782|112|82|106|81
bangalore|north-4|t dasarahalli|GKHPS CHIKKA SANDRA|32831|237|193|162|163
bangalore|north-4|t dasarahalli|GKHPS KALASTHRINAGAR|32833|103|115|129|154
bangalore|north-4|t dasarahalli|GKHPS MANJUNATHANAGAR|32836|307|274|259|225
bangalore|north-4|t dasarahalli|GKLPS SIDADHAHALLI|32832|27|31|22|19
bangalore|north-4|t dasarahalli|GKLPS T.DASARAHALLI|32834|61|42|43|23
bangalore|north-4|t dasarahalli|GKMPS BAGALAGUNTE|32835|320|284|242|217
bangalore|north-4|t dasarahalli|GKMPS T.DASARAHALLI|32837|344|323|43|23
bangalore|north-4|t dasarahalli|GULPS KALASTHRINAGAR|32838|50|44|129|154
bangalore|north-4|yelehanka new town|GKHPS ALLALASANDRA|32880|179|199|187|178
bangalore|north-4|yelehanka new town|GKHPS ATTURU|32881|121|130|136|148
bangalore|north-4|yelehanka new town|GKHPS NARASIPURA|32879|138|149|137|144
bangalore|north-4|yelehanka new town|GKHPS YELAHANKA 4TH PHASE|32891|78|90|119|135
bangalore|north-4|yelehanka new town|GKHPS YELAHANKA UPPANAGARA|32883|260|272|206|227
bangalore|north-4|yelehanka new town|GKLPS AMBEDKAR NAGARA|32884|42|35|40|32
bangalore|north-4|yelehanka new town|GKLPS ANANTHAPURA|32878|52|60|41|61
bangalore|north-4|yelehanka new town|GKLPS ATTURU LAYOUT|32885|79|81|61|66
bangalore|north-4|yelehanka new town|GKLPS CHIKKABOMMASANDRA|32886|39|54|41|40
bangalore|north-4|yelehanka new town|GKLPS JPN NAGARA|32887|26|28|24|29
bangalore|north-4|yelehanka new town|GKLPS KEMPANAHALLI|32893|13|18|9|13
bangalore|north-4|yelehanka new town|GKLPS LBS NAGARA|32888|51|48|28|30
bangalore|north-4|yelehanka new town|GKLPS PUTTENAHALLI|32889|16|35|15|26
bangalore|north-4|yelehanka new town|GKLPS RAMAGONDANAHALLI|32894|34|35|34|27
bangalore|north-4|yelehanka new town|GKLPS VEERASAGARA|32890|31|28|34|48
bangalore|north-4|yelehanka new town|GKMPS DODDABETTAHALLI|32882|269|246|295|221
bangalore|north-4|yelehanka new town|GULPS CHIKKA BETTAHALLI|32892|53|45|37|24
bangalore|north-4|yelehanka old town|GKHPS DIBBURU|32931|32|31|26|35
bangalore|north-4|yelehanka old town|GKHPS NAGENAHALLI|32943|63|68|37|29
bangalore|north-4|yelehanka old town|GKHPS YELAHANKA|32939|149|352|90|46
bangalore|north-4|yelehanka old town|GKHPS YELAHANKA BEO OFFICE|32936|95|155|119|135
bangalore|north-4|yelehanka old town|GKLPS AVALAHALLI (RAJANA KUNTE)|32932|42|42|36|39
bangalore|north-4|yelehanka old town|GKLPS HONNENAHALLI|32933|30|23|24|15
bangalore|north-4|yelehanka old town|GKLPS HOROHALLI|32938|34|38|17|10
bangalore|north-4|yelehanka old town|GKLPS KENCHANAHALLI|32937|32|35|14|8
bangalore|north-4|yelehanka old town|GKLPS MADAPPANAHALLI (RAJANA KUNTE)|32934|29|14|13|15
bangalore|north-4|yelehanka old town|GKLPS MYLAPPANAHALLI|32935|17|22|15|16
bangalore|north-4|yelehanka old town|GKMPS BANGALE|32940|287|123|294|182
bangalore|north-4|yelehanka old town|GTHPS KAMAKSHAMMA LAYOUT|32941|160|112|150|109
bangalore|north-4|yelehanka old town|GUHPS YELAHANKA OLD TOWN|32942|141|81|65|35
bangalore|south-1|basavanagudi|GKHPS BASAVANAGUDI|32337|31|27|42|26
bangalore|south-1|basavanagudi|GKHPS KANAKANAPALYA|32338|21|15|19|22
bangalore|south-1|basavanagudi|GKHPS N.R.COLONY|32343|99|106|89|69
bangalore|south-1|basavanagudi|GKHPS VISHVESHWARAPURAM|32340|157|133|127|96
bangalore|south-1|basavanagudi|GKLPS THYAGARAJNAGAR|32339|8|11|7|1
bangalore|south-1|basavanagudi|GUHPS BASAVANAGUDI|32341|25|24|13|11
bangalore|south-1|basavanagudi|GULPBS KANAKANAPALY|32344|14|4|19|22
bangalore|south-1|doddagollarahatti|GKHPS DODDAGOLLARAHATTI|33032|323|319|290|312
bangalore|south-1|doddagollarahatti|GKHPS MARIYAPPANAPALYA|33028|64|73|49|66
bangalore|south-1|doddagollarahatti|GKLPS BHUVANESHWARINAGARA|33029|43|37|40|28
bangalore|south-1|doddagollarahatti|GKLPS DODDABASTI|33033|114|126|108|101
bangalore|south-1|doddagollarahatti|GKLPS DUBASIPALYA|33030|11|33|7|24
bangalore|south-1|doddagollarahatti|GKLPS GANDHINAGAR (KENGERI)|33031|58|66|41|41
bangalore|south-1|doddagollarahatti|GKLPS R CHIKKANAHALLI|33034|13|13|11|18
bangalore|south-1|doddagollarahatti|GKLPS SONNENAHALLI (RAMASANDRA)|33035|48|40|40|51
bangalore|south-1|doddagollarahatti|GULPS DODDA BASTI|33036|121|55|125|71
bangalore|south-1|ganapathi halli|GKHPS CHUNCHANAGUPPE|32105|60|29|36|19
bangalore|south-1|ganapathi halli|GKHPS DODDAMARANAHALLI|32106|58|50|36|32
bangalore|south-1|ganapathi halli|GKHPS DODDERI|32107|67|69|13|19
bangalore|south-1|ganapathi halli|GKHPS GANAPATHI HALLI|32108|93|100|75|76
bangalore|south-1|ganapathi halli|GKHPS GOPALANAGARA|32114|54|57|44|43
bangalore|south-1|ganapathi halli|GKHPS KETHOHALLI|32109|38|33|34|26
bangalore|south-1|ganapathi halli|GKHPS KOLURU|32110|58|49|42|31
bangalore|south-1|ganapathi halli|GKLPS C K THANDYA|32111|11|20|11|13
bangalore|south-1|ganapathi halli|GKLPS CHIKKALLURU|32112|26|21|24|15
bangalore|south-1|ganapathi halli|GKLPS DONNENAHALLI|32113|4|9|3|3
bangalore|south-1|ganapathi halli|GKLPS LAKKAIYANAPALYA|32115|32|25|21|14
bangalore|south-1|ganapathi halli|GKLPS LAKSHMIPURA (GANAPATHIHALLI)|32116|14|9|75|76
bangalore|south-1|ganapathi halli|GKLPS MUDDANAPALYA|32117|22|11|18|7
bangalore|south-1|ganapathi halli|GKLPS PUNUGUMARANAHALLI|32118|13|11|9|9
bangalore|south-1|ganapathi halli|GKLPS PURADAPALYA|32119|4|6|1|7
bangalore|south-1|ganapathi halli|GKLPS RAMANAYAKANA THANDYA|32120|15|17|22|13
bangalore|south-1|ganapathi halli|GKLPS SUBBARAYANAPALYA|32121|31|36|20|29
bangalore|south-1|hosakerehalli|GKHPS HOSAKEREHALLI|32740|197|196|184|168
bangalore|south-1|hosakerehalli|GKHPS ITTAMADUVU|32741|139|89|153|122
bangalore|south-1|hosakerehalli|GKHPS KADHIRENAHALLI|32742|186|169|142|122
bangalore|south-1|hosakerehalli|GKHPS KUMARASWAMY LAYOUT|32743|102|103|91|82
bangalore|south-1|hosakerehalli|GKLPS CHIKKALASANDRA|32739|95|94|84|93
bangalore|south-1|hosakerehalli|GKLPS GOWDANAPALYA|32744|62|41|50|22
bangalore|south-1|hosakerehalli|GULPS KUMARASWAMY LAYOUT|32745|6|7|3|7
bangalore|south-1|hosakerehalli|GULPS MINAAZ NAGAR|32746|19|13|8|7
bangalore|south-1|huluvenahalli|GKHPS BYALALU|33038|74|44|55|48
bangalore|south-1|huluvenahalli|GKHPS CHANDRAPPA CIRCLE|33043|60|58|21|37
bangalore|south-1|huluvenahalli|GKHPS CHIKKANA HALLI|33039|48|53|42|43
bangalore|south-1|huluvenahalli|GKHPS HULUVENA HALLI|33040|42|61|47|61
bangalore|south-1|huluvenahalli|GKHPS MADAPATTANA|33041|90|92|83|81
bangalore|south-1|huluvenahalli|GKLPS ALAMMANA PALYA|33037|5|11|12|14
bangalore|south-1|huluvenahalli|GKLPS BASAMMANAHALLI|33052|7|7|6|5
bangalore|south-1|huluvenahalli|GKLPS GOLLAHALLI (GANAPATHIHALLI)|33044|20|21|75|76
bangalore|south-1|huluvenahalli|GKLPS HUNNIGERE (GANAPATHIHALLI)|33045|14|13|11|11
bangalore|south-1|huluvenahalli|GKLPS KALAYANAPALYA|33046|4|1|4|1
bangalore|south-1|huluvenahalli|GKLPS KUDUSIDDANA PALYA|33047|19|18|6|8
bangalore|south-1|huluvenahalli|GKLPS KURUBARAPALYA|33048|20|22|16|15
bangalore|south-1|huluvenahalli|GKLPS MAYASANDRA|33049|9|12|8|14
bangalore|south-1|huluvenahalli|GKLPS SHANTHINAGARA|33050|13|11|11|5
bangalore|south-1|huluvenahalli|GKLPS SULIVARA|33051|19|21|10|10
bangalore|south-1|huluvenahalli|GKLPS UDDHANDANA HALLI|33042|10|6|8|8
bangalore|south-1|kaggalipura|GKHPS GULAKAMALE|32715|28|32|23|19
bangalore|south-1|kaggalipura|GKHPS KAGGALIPURA COLONY|32735|62|53|38|41
bangalore|south-1|kaggalipura|GKHPS MUKKODLU|32716|24|21|14|16
bangalore|south-1|kaggalipura|GKHPS NAGANAYAKANA HALLI|32717|54|54|56|54
bangalore|south-1|kaggalipura|GKHPS O B CHOODANAHALLY|32732|134|140|123|110
bangalore|south-1|kaggalipura|GKHPS RAVGODLU|32718|51|65|43|40
bangalore|south-1|kaggalipura|GKHPS SOMANAHALLI|32730|60|68|52|67
bangalore|south-1|kaggalipura|GKHPS TARALU|32719|34|28|21|20
bangalore|south-1|kaggalipura|GKHPS UTTIRI|32733|57|46|49|46
bangalore|south-1|kaggalipura|GKLPS GADIPALYA|32721|12|10|8|3
bangalore|south-1|kaggalipura|GKLPS GIRIGOWDANADODDI|32720|23|15|14|13
bangalore|south-1|kaggalipura|GKLPS GUTTEPALYA|32722|19|13|13|13
bangalore|south-1|kaggalipura|GKLPS KERE CHUDANA HALLI(KAGGALIPURA)|32734|24|23|16|18
bangalore|south-1|kaggalipura|GKLPS KUNCHIGERE PALYA|32723|3|6|5|3
bangalore|south-1|kaggalipura|GKLPS NALLAKANADODDI|32724|7|7|5|6
bangalore|south-1|kaggalipura|GKLPS NAWKALPALYA|32725|16|12|16|10
bangalore|south-1|kaggalipura|GKLPS NELAGULI|32726|38|30|29|30
bangalore|south-1|kaggalipura|GKLPS NETTIGERE|32727|25|21|12|13
bangalore|south-1|kaggalipura|GKLPS PATTAREDDY PALYA|32736|30|42|24|25
bangalore|south-1|kaggalipura|GKLPS SADHANAPALYA|32728|7|6|4|6
bangalore|south-1|kaggalipura|GKLPS SALUHUNASE|32737|39|36|32|26
bangalore|south-1|kaggalipura|GKLPS UDEEPALYA|32738|54|52|43|33
bangalore|south-1|kaggalipura|GKLPS VASUDEVAPURA|32729|13|19|13|16
bangalore|south-1|kaggalipura|GKMPS KAGGALIPURA|32731|272|313|192|213
bangalore|south-1|kaggalipura|GULPS KAGGALIPURA|32714|39|28|6|14
bangalore|south-1|karisandra|GKHPS MARENAHALLI|32972|74|52|68|81
bangalore|south-1|karisandra|GKHPS SARAKKI|32973|234|230|269|276
bangalore|south-1|karisandra|GKHPS SARBANDEPALYA|32974|149|126|165|158
bangalore|south-1|karisandra|GTHPS BHAVANINAGAR|32975|102|118|88|79
bangalore|south-1|karisandra|GUHPS SARBANDEPALYA|32977|172|112|166|105
bangalore|south-1|karisandra|GULPS KARISANDRA|32976|29|32|31|29
bangalore|south-1|karisandra|GUMPS YARABNAGAR|32978|247|120|248|161
bangalore|south-1|kengeri|GKHPS BABASABARAPALYA|32418|65|47|44|38
bangalore|south-1|kengeri|GKHPS DODDABELE|32419|26|7|21|25
bangalore|south-1|kengeri|GKHPS DODDABELI COLONY|32420|45|62|44|64
bangalore|south-1|kengeri|GKHPS H GOLLAHALLI|32421|110|100|93|84
bangalore|south-1|kengeri|GKHPS NAGEGOWDANAPALYA|32429|18|11|15|9
bangalore|south-1|kengeri|GKHPS VALAGEREHALLI|32422|136|147|114|112
bangalore|south-1|kengeri|GKLPS ARUNDATHINAGARA|32424|24|18|20|24
bangalore|south-1|kengeri|GKLPS CHENNAVEERANA PALYA|32425|6|4|6|4
bangalore|south-1|kengeri|GKLPS CHIKKEGOWDANA PALYA|32426|15|8|15|13
bangalore|south-1|kengeri|GKLPS CHOODENAPURA|32417|24|30|23|17
bangalore|south-1|kengeri|GKLPS GANAKALLU (KENGERI)|32427|69|41|49|35
bangalore|south-1|kengeri|GKLPS HEMMIGEPURA|32428|10|10|14|16
bangalore|south-1|kengeri|GKLPS RACHANAMADU|32430|23|9|13|11
bangalore|south-1|kengeri|GKLPS VARAHASANDRA|32423|3|6|2|6
bangalore|south-1|kengeri|GKMPS KENGERI|32432|139|185|127|176
bangalore|south-1|kengeri|GUHPS BEEDIWORKERS COLONY|32434|110|96|103|74
bangalore|south-1|kengeri|GUHPS KENGERI|32433|94|63|95|67
bangalore|south-1|kengeri|GULPS KONASANDRA|32435|29|33|29|31
bangalore|south-1|kengeri|GULPS VALAGEREHALLI|32436|8|9|11|14
bangalore|south-1|kumbalagodu|GKHPS CHINNA KURCHI|31975|31|26|26|23
bangalore|south-1|kumbalagodu|GKHPS DEVAGERE|31976|42|37|30|17
bangalore|south-1|kumbalagodu|GKHPS GONIPURA|31978|76|60|56|34
bangalore|south-1|kumbalagodu|GKHPS K GOLLAHALLI|31977|112|104|57|46
bangalore|south-1|kumbalagodu|GKHPS KANIMINIKE|31979|85|70|59|55
bangalore|south-1|kumbalagodu|GKHPS KUMBALAGODU|31980|106|118|96|111
bangalore|south-1|kumbalagodu|GKLPS ANCHEPALYA|31981|36|51|57|61
bangalore|south-1|kumbalagodu|GKLPS DEVAGERE COLONY|31982|21|23|16|17
bangalore|south-1|kumbalagodu|GKLPS GANGASANDRA|31983|33|19|20|13
bangalore|south-1|kumbalagodu|GKLPS GAVIYANAPALYA|31984|3|5|4|4
bangalore|south-1|kumbalagodu|GKLPS GERUPALYA|31985|36|33|23|22
bangalore|south-1|kumbalagodu|GKLPS HAMPAPURA|31986|9|22|5|12
bangalore|south-1|kumbalagodu|GKLPS HOSAPALYA|31987|24|20|15|15
bangalore|south-1|kumbalagodu|GKLPS KAMBIPURA|31988|16|25|15|11
bangalore|south-1|kumbalagodu|GKLPS KARUBELE|31989|8|6|5|4
bangalore|south-1|kumbalagodu|GKLPS KULLEGOWDANAPALYA|31990|28|21|21|13
bangalore|south-1|kumbalagodu|GKLPS SEEGEHALLI (ANCHEPALYA)|31991|13|9|5|7
bangalore|south-1|kumbalagodu|GKLPS TAGACHAGUPPE|31992|69|56|62|70
bangalore|south-1|kumbalagodu|GKLPS TIPPUR|31994|16|22|16|13
bangalore|south-1|kumbalagodu|GKLPS TITTAHALLI|31993|13|6|7|8
bangalore|south-1|kumbalagodu|GUHPS KAMBIPURA|31995|63|61|55|63
bangalore|south-1|kumbalagodu|GULPS ANCHEPALYA (ANCHEPALYA)|31996|29|25|31|36
bangalore|south-1|mallathahalli|GKHPS JNANABHARATHI|32967|6|15|11|16
bangalore|south-1|mallathahalli|GKHPS MALLATHAHALLI|32968|226|266|238|244
bangalore|south-1|mallathahalli|GKHPS MUTTURAYANA NAGARA|32969|61|70|55|60
bangalore|south-1|mallathahalli|GKHPS PANTHARAPALYA|32964|123|141|150|144
bangalore|south-1|mallathahalli|GKHPS PAPAREDDY PALYA|32970|153|195|155|159
bangalore|south-1|mallathahalli|GKLPS MYLASANDRA (MALLATHAHALLI)|32965|56|41|56|47
bangalore|south-1|mallathahalli|GKLPS PATTANAGERE|32966|42|42|52|49
bangalore|south-1|ramasandra|GKHPS GULAGANJANAHALLI|32546|54|52|39|37
bangalore|south-1|ramasandra|GKHPS KOMMAGATTA|32542|39|36|27|23
bangalore|south-1|ramasandra|GKHPS RAMASANDRA (RAMASANDRA)|32533|93|100|107|102
bangalore|south-1|ramasandra|GKHPS RAMOHALLI|32534|139|111|91|71
bangalore|south-1|ramasandra|GKHPS SOOLIKERE|32535|101|88|75|50
bangalore|south-1|ramasandra|GKLPS BETTANAPALYA|32536|26|26|17|22
bangalore|south-1|ramasandra|GKLPS BHEEMANAKUPPE|32537|23|15|21|10
bangalore|south-1|ramasandra|GKLPS CHALLAGATTA|32538|29|22|28|18
bangalore|south-1|ramasandra|GKLPS DHANANAYAKANAHALLI|32539|14|11|9|9
bangalore|south-1|ramasandra|GKLPS HALEBHAIROHALLI|32540|13|16|5|17
bangalore|south-1|ramasandra|GKLPS HOSABAIROHALLI|32541|33|30|31|16
bangalore|south-1|ramasandra|GKLPS KENCHANAPURA|32543|28|14|17|13
bangalore|south-1|ramasandra|GKLPS MALIGONDANAHALLI|32544|33|21|25|17
bangalore|south-1|ramasandra|GKLPS MARAGONDANAHALLI (RAMASANDRA)|32545|12|14|16|20
bangalore|south-1|ramasandra|GKLPS VINAYAKANAGAR|32549|37|28|22|20
bangalore|south-1|ramasandra|GULPS BHEEMANAKUPPE|32547|9|5|21|10
bangalore|south-1|srinagara|GHPS BASAVANAGUDI (TIN SCHOOL)|32634|29|34|36|47
bangalore|south-1|srinagara|GKHPS GAVIPURAM|32639|100|98|97|103
bangalore|south-1|srinagara|GKHPS SHANKARAPURAM|32635|8|10|0|0
bangalore|south-1|srinagara|GKHPS SUNKENAHALLI|32636|118|101|79|63
bangalore|south-1|srinagara|GKLPS GUTTAHALLI (CHAMARAJPET)|32637|9|7|8|8
bangalore|south-1|srinagara|GMPS SRINAGARA|32638|203|173|193|161
bangalore|south-1|sunkadakatte jantha colony|GKHPS CHANNENAHALLI|33053|78|70|58|64
bangalore|south-1|sunkadakatte jantha colony|GKHPS HONAGANAHATTI|33054|104|123|102|107
bangalore|south-1|sunkadakatte jantha colony|GKHPS MALAGALU|33063|122|106|152|112
bangalore|south-1|sunkadakatte jantha colony|GKHPS SUNKADAKATTE JANATHA COLONY|33064|140|156|146|144
bangalore|south-1|sunkadakatte jantha colony|GKLPS CHANNADASIPALYA|33055|14|4|12|11
bangalore|south-1|sunkadakatte jantha colony|GKLPS ERANAPALYA|33065|50|61|70|61
bangalore|south-1|sunkadakatte jantha colony|GKLPS GIDADAPALYA|33056|12|17|11|10
bangalore|south-1|sunkadakatte jantha colony|GKLPS H R PALYA|33066|18|14|10|11
bangalore|south-1|sunkadakatte jantha colony|GKLPS HALUBAVIPALYA|33057|5|3|0|0
bangalore|south-1|sunkadakatte jantha colony|GKLPS JATTIPALYA|33058|13|18|15|12
bangalore|south-1|sunkadakatte jantha colony|GKLPS KOTTIGEPALYA|33067|51|38|48|32
bangalore|south-1|sunkadakatte jantha colony|GKLPS KURUBARAHALLI|33059|19|23|11|11
bangalore|south-1|sunkadakatte jantha colony|GKLPS MUDDAYYANAPALYA (TAVAREKERE)|33060|7|2|5|8
bangalore|south-1|sunkadakatte jantha colony|GKLPS PUTTAIAHNAPALYA|33061|5|8|4|3
bangalore|south-1|sunkadakatte jantha colony|GKLPS YALACHAGUPPE|33062|24|30|18|19
bangalore|south-1|taverekere|GKHPS CHAMARAJASAGARA|32230|40|40|33|29
bangalore|south-1|taverekere|GKHPS CHOLANAYAKANAHALLI (TAVAREKERE)|32231|79|80|85|67
bangalore|south-1|taverekere|GKHPS DEVAMACHOHALLI|32232|33|26|26|26
bangalore|south-1|taverekere|GKHPS GANGENAHALLI|32233|39|33|31|30
bangalore|south-1|taverekere|GKHPS TAVAREKERE|32234|207|199|116|131
bangalore|south-1|taverekere|GKLPS BASAVANAPALYA|32235|5|9|6|12
bangalore|south-1|taverekere|GKLPS BYCHAGUPPE|32236|25|23|16|19
bangalore|south-1|taverekere|GKLPS CHIKKAVEERAYANAPALYA|32237|9|7|6|4
bangalore|south-1|taverekere|GKLPS GANAKALLU (TAVAREKERE)|32238|11|12|27|19
bangalore|south-1|taverekere|GKLPS GANGAPPANAHALLI|32239|14|14|11|7
bangalore|south-1|taverekere|GKLPS JOGARAHALLI|32240|25|30|19|24
bangalore|south-1|taverekere|GKLPS KEMPAGONDANAHALLI|32241|33|27|23|20
bangalore|south-1|taverekere|GKLPS LAKSHMIPURA (TAVAREKERE)|32242|18|16|8|10
bangalore|south-1|taverekere|GKLPS MARENAHALLI (TAVAREKERE)|32243|21|17|96|137
bangalore|south-1|taverekere|GKLPS METIPALYA|32244|34|22|23|17
bangalore|south-1|taverekere|GKLPS NAGANAHALLI|32250|5|12|15|30
bangalore|south-1|taverekere|GKLPS PEDDANAPALYA|32245|9|11|6|4
bangalore|south-1|taverekere|GKLPS VADAHALLI|32246|15|12|6|13
bangalore|south-1|taverekere|GKLPS VARTHURU (TAVAREKERE)|32247|24|31|17|24
bangalore|south-1|taverekere|GKLPS YELLAPPANAPALYA|32248|10|9|7|9
bangalore|south-1|taverekere|GULPS TAVAREKERE (TAVAREKERE)|32249|37|18|27|19
bangalore|south-1|uttara halli|GKHPS AREHALLI|32823|110|131|88|119
bangalore|south-1|uttara halli|GKHPS CHANDRANAGAR|32816|175|157|159|112
bangalore|south-1|uttara halli|GKHPS GUBBALALA|32824|115|102|89|85
bangalore|south-1|uttara halli|GKHPS THUREHALLI|32819|102|104|89|107
bangalore|south-1|uttara halli|GKHPS UTTARAHALLI|32821|291|288|125|121
bangalore|south-1|uttara halli|GKHPS VASANTHAPURA|32817|167|174|167|140
bangalore|south-1|uttara halli|GKLPS KARIYANAPALYA|32826|10|9|8|6
bangalore|south-1|uttara halli|GKLPS SRINIVASA COLONY|32818|44|38|35|28
bangalore|south-1|uttara halli|GKLPS YADALAM NAGARA|32820|82|89|56|62
bangalore|south-1|uttara halli|GUHPS FAYAZABAD|32822|234|117|230|145
bangalore|south-1|uttara halli|GUMPS ILYAZ NAGAR|32825|96|77|113|79
bangalore|south-1|vajara halli|GKHPS AGARA|32867|73|87|78|69
bangalore|south-1|vajara halli|GKHPS ALAHALLI|32868|308|312|218|252
bangalore|south-1|vajara halli|GKHPS BANJARAPALYA|32869|74|93|52|69
bangalore|south-1|vajara halli|GKHPS DODDA KALLASANDRA|32870|258|225|240|221
bangalore|south-1|vajara halli|GKHPS GANIGARAPALYA|32865|104|72|91|86
bangalore|south-1|vajara halli|GKHPS THATAGUNI|32871|133|133|125|123
bangalore|south-1|vajara halli|GKHPS VAJARAHALLI|32864|140|110|137|130
bangalore|south-1|vajara halli|GKLPS DODDIPALYA|32872|26|21|18|19
bangalore|south-1|vajara halli|GKLPS LAKSHMIPURA (VAJARA HALLI)|32873|13|23|9|20
bangalore|south-1|vajara halli|GKLPS RAJIVGANDHINAGAR|32876|53|41|35|30
bangalore|south-1|vajara halli|GKLPS VADERAHALLI (VAJARA HALLI)|32874|50|87|34|71
bangalore|south-1|vajara halli|GKMPS TALAGATTAPURA|32866|207|193|169|147
bangalore|south-1|vajara halli|GUHPS ALAHALLI|32875|227|125|269|140
bangalore|south-1|vajara halli|GULPS MAHATHMAGANDHINAGARA|32877|64|48|12|18
bangalore|south-1|veerabadra nagara|GKHPS AVALAHALLI (VEERABHADRANAGARA)|32924|42|51|199|234
bangalore|south-1|veerabadra nagara|GKHPS BANGARAPPANAGAR|32925|187|173|162|153
bangalore|south-1|veerabadra nagara|GKHPS CHANNASANDRA VEERABHADRANAGARA|32926|219|237|199|234
bangalore|south-1|veerabadra nagara|GKHPS HALAGEVADERAHALLI|32927|163|174|144|140
bangalore|south-1|veerabadra nagara|GKHPS KATHRIGUPPE|32928|124|145|127|143
bangalore|south-1|veerabadra nagara|GKHPS VEERABHADRANAGAR|32929|218|236|199|234
bangalore|south-1|veerabadra nagara|GKLPS GIRINAGARAGUTTE|32930|32|30|31|43
bangalore|south-2|arundhathinagar|GKHPS GANGONDANAHALLI (HOSAHALLI)|33076|231|292|70|76
bangalore|south-2|arundhathinagar|GKHPS MUDALAPALYA|33077|211|220|156|169
bangalore|south-2|arundhathinagar|GKHPS NAGARABAVI|33078|85|90|73|71
bangalore|south-2|arundhathinagar|GKHPS PANTHARAPALYA|33079|186|211|150|144
bangalore|south-2|arundhathinagar|GKMPS ARUNDATHINAGAR|33080|241|273|197|207
bangalore|south-2|arundhathinagar|GKMPS ATTIGUPPE|33081|132|133|118|123
bangalore|south-2|arundhathinagar|GKMPS NAYANDAHALLI|33082|307|357|279|288
bangalore|south-2|arundhathinagar|GUHPS ARUNDATHINAGAR|33083|203|134|186|107
bangalore|south-2|arundhathinagar|GUHPS GANGONDANAHALLI|33084|137|151|146|133
bangalore|south-2|arundhathinagar|GUHPS PANTHARAPALYA|33085|77|47|58|35
bangalore|south-2|byatarayanapura|GKHPS ANCHEPALYA|31997|156|113|135|105
bangalore|south-2|byatarayanapura|GKHPS AZADNAGAR|31998|67|73|42|49
bangalore|south-2|byatarayanapura|GKHPS DEEPANJALI NAGAR|32000|61|67|60|54
bangalore|south-2|byatarayanapura|GKHPS KARITHIMMANAHALLI|32001|351|289|284|203
bangalore|south-2|byatarayanapura|GKMPS BYATARAYANAPURA (S2)|31999|327|280|216|199
bangalore|south-2|byatarayanapura|GUHPS VALMIKINAGAR|32002|127|94|77|63
bangalore|south-2|byatarayanapura|GULPS ANCHEPALYA (BYATARAYANAPURA)|32003|38|49|216|199
bangalore|south-2|byatarayanapura|GULPS ROSHAN NAGAR|32004|39|51|18|23
bangalore|south-2|chamarajpet|GKBMS CHAMARAJPET|32123|128|50|111|41
bangalore|south-2|chamarajpet|GKHPS JANATHA COLONY|32124|102|99|107|90
bangalore|south-2|chamarajpet|GKHPS OLD FORT|32125|22|51|38|66
bangalore|south-2|chamarajpet|GKLPS ANANDAPURA (CHAMARAJPET)|32126|10|6|15|10
bangalore|south-2|chamarajpet|GKMPS CARP LANE|32127|19|32|7|17
bangalore|south-2|chamarajpet|GKMPS PADARAYANAPURA|32128|220|266|177|193
bangalore|south-2|chamarajpet|GTHPS BELIMUTT|32136|25|37|46|45
bangalore|south-2|chamarajpet|GTHPS OLD FORT|32129|77|64|65|54
bangalore|south-2|chamarajpet|GTLPS ANANDAPURAM|32130|15|8|20|13
bangalore|south-2|chamarajpet|GTLPS CHAMARAJPET|32131|9|6|15|10
bangalore|south-2|chamarajpet|GUHPBS JJR NAGAR|32132|261|283|179|138
bangalore|south-2|chamarajpet|GUMPBS FAROOQNAGAR|32133|479|351|410|304
bangalore|south-2|chamarajpet|GUMPS CHAMARAJPET|32134|86|81|60|57
bangalore|south-2|chamarajpet|GUMPS NEW GUDDADAHALLI|32122|107|73|33|31
bangalore|south-2|chamarajpet|GUMPS PADARAYANAPURA|32135|226|196|177|193
bangalore|south-2|chickpet|GKHPS AVENUE ROAD|33069|24|40|30|30
bangalore|south-2|chickpet|GKHPS MAMULPET|33070|22|28|21|33
bangalore|south-2|chickpet|GKHPS POORNAIAHCHATRA|33071|28|13|21|9
bangalore|south-2|chickpet|GKLPS DODDAMAVALLI|33073|11|34|2|19
bangalore|south-2|chickpet|GKLPS NEW K.P AGRAHARA|33068|5|11|4|5
bangalore|south-2|chickpet|GKMPS SINDI CHICKPET|33072|7|35|4|40
bangalore|south-2|chickpet|GUHPS BADAMAKAN|33074|39|57|33|47
bangalore|south-2|chickpet|GUHPS DODDAMAVALLI|33075|31|27|5|9
bangalore|south-2|govindarajnagar|GKHPS GOVINDARAJNAGAR|33087|206|194|158|151
bangalore|south-2|govindarajnagar|GKHPS MALGAL JANATHA COLONY|33088|136|134|115|101
bangalore|south-2|govindarajnagar|GKHPS RANGANATHPURA|33091|72|60|82|64
bangalore|south-2|govindarajnagar|GKLPS AMARJYOTHINAGAR|33089|20|12|17|9
bangalore|south-2|govindarajnagar|GKLPS KAVERIPURA|33090|30|31|42|30
bangalore|south-2|govindarajnagar|GUHPS HOSAHALLI|33086|35|40|40|49
bangalore|south-2|govindarajnagar|GULPS GOVINDARAJNAGAR|33092|31|14|16|6
bangalore|south-2|hosahalli|GKHPS BAPUJINAGAR|32251|117|125|89|108
bangalore|south-2|hosahalli|GKHPS MARENAHALLI (HOSAHALLI)|32256|67|56|20|27
bangalore|south-2|hosahalli|GKMPS HOSAHALLI|32257|105|169|84|150
bangalore|south-2|hosahalli|GKMPS NEW GUDDADAHALLI|32252|154|126|91|83
bangalore|south-2|hosahalli|GUHPS OLD GUDDADAHALLI|32253|266|186|218|152
bangalore|south-2|hosahalli|GUHPS SHAMANNAGARDEN|32254|180|162|142|110
bangalore|south-2|hosahalli|GULPS RASOOLNAGAR|32255|92|64|40|37
bangalore|south-2|k p agrahara|GEHPS K.P.AGRAHARA|32345|132|133|276|306
bangalore|south-2|k p agrahara|GKHPS K.P.AGRAHARA|32347|148|154|276|306
bangalore|south-2|k p agrahara|GKHPS KADAPASWAMYMUTT|32346|293|239|225|210
bangalore|south-2|kalasipalya|GKHPS G.R.GALLI|32439|10|19|9|17
bangalore|south-2|kalasipalya|GKLPS KEMMANGUNDI|32441|17|16|24|22
bangalore|south-2|kalasipalya|GKMPS GORIPALYA CORP BUILD|32437|222|173|178|150
bangalore|south-2|kalasipalya|GKMPS SULTHANPET|32442|50|69|33|32
bangalore|south-2|kalasipalya|GKMPS VIDYAGANAPATI ARALEPET|32443|67|94|49|65
bangalore|south-2|kalasipalya|GNTKHPS  ANJANAPPA GARDEN|32440|28|36|33|50
bangalore|south-2|kalasipalya|GTLPS BELIMUTT|33822|9|12|46|45
bangalore|south-2|kalasipalya|GUHPBS SULTHANPET|32445|18|20|33|32
bangalore|south-2|kalasipalya|GUHPGS SULTHANPET|32452|15|16|33|32
bangalore|south-2|kalasipalya|GUHPS KALASIPALYA|32446|30|13|17|9
bangalore|south-2|kalasipalya|GUHPS KUMBARPET|32447|32|30|21|30
bangalore|south-2|kalasipalya|GUHPS MOTHINAGAR|32449|41|31|32|26
bangalore|south-2|kalasipalya|GUHPS TIPPUNAGAR|32438|86|91|32|26
bangalore|south-2|kalasipalya|GULPS JOLLYMOHALLA|32448|11|13|12|12
bangalore|south-2|kalasipalya|GUMPBS BARLANE|32451|75|96|67|83
bangalore|south-2|kalasipalya|GUMPGS BARLANE|32453|55|82|67|83
bangalore|south-3|begur|GKHPS AREKERE|32005|238|214|173|171
bangalore|south-3|begur|GKHPS BILEKAHALLI|32006|214|206|147|152
bangalore|south-3|begur|GKHPS DEVARACHIKKANAHALLI|32007|276|228|176|149
bangalore|south-3|begur|GKHPS KODICHIKKANAHALLI|32008|196|145|145|130
bangalore|south-3|begur|GKHPS VENUGOPALNAGAR|32014|45|45|46|35
bangalore|south-3|begur|GKLPS CHIKKABEGUR|32010|94|88|60|59
bangalore|south-3|begur|GKLPS MYLASANDRA|32011|28|43|40|35
bangalore|south-3|begur|GKLPS NYANAPPANAHALLI|32012|41|48|30|31
bangalore|south-3|begur|GKLPS SUBHASHNAGAR (BEGUR)|32013|95|105|57|69
bangalore|south-3|begur|GKLPS YELENAHALLI|32009|35|32|22|21
bangalore|south-3|begur|GKMPS BEGUR|32015|191|213|145|153
bangalore|south-3|begur|GKMPS HULIMAVU|32016|243|224|188|145
bangalore|south-3|begur|GUHPS SUBHASHNAGAR|32017|177|133|111|110
bangalore|south-3|beratena agrahara|GKHPS BASAPURA|33104|47|50|37|46
bangalore|south-3|beratena agrahara|GKHPS BERATENA AGRAHARA|33096|340|266|213|255
bangalore|south-3|beratena agrahara|GKHPS BETTADASANAPURA|33097|112|97|82|69
bangalore|south-3|beratena agrahara|GKHPS DODDANAGAMANGALA|33098|109|108|87|85
bangalore|south-3|beratena agrahara|GKHPS DODDATOGURU|33099|197|164|183|167
bangalore|south-3|beratena agrahara|GKHPS GOVINDASHETTYPALYA|33100|142|114|121|107
bangalore|south-3|beratena agrahara|GKHPS KENDRAKARAGRAHA|33101|193|172|138|117
bangalore|south-3|beratena agrahara|GKHPS KONAPPANA AGRAHARA|33102|85|90|93|95
bangalore|south-3|beratena agrahara|GKHPS VITTASANDRA|33103|64|59|53|32
bangalore|south-3|beratena agrahara|GKLPS BASAVANAPURA|33093|32|32|38|24
bangalore|south-3|beratena agrahara|GKLPS CHIKKATHOGURU|33105|15|14|16|17
bangalore|south-3|beratena agrahara|GKLPS DODDAKAMMANAHALLI|33094|48|43|41|34
bangalore|south-3|beratena agrahara|GKLPS KALENA AGRAHARA|33095|19|22|11|18
bangalore|south-3|beratena agrahara|GKLPS PARAPPANA AGRAHARA|33106|42|35|24|27
bangalore|south-3|byarsandra|GKHPS LAKKASANDRA|32145|88|92|51|53
bangalore|south-3|byarsandra|GKHPS OLD GURAPPANAPALYA|32138|57|76|159|146
bangalore|south-3|byarsandra|GKHPS PUTTAYANAPALYA|32137|54|65|48|44
bangalore|south-3|byarsandra|GKHPS SUDDAGUNTEPALYA|32146|67|84|45|38
bangalore|south-3|byarsandra|GKMPS DAIRY COLONY|32144|54|53|49|44
bangalore|south-3|byarsandra|GUHPS LAKKASANDRA|32147|46|55|36|39
bangalore|south-3|byarsandra|GUHPS NEW GURAPPANAPALYA|32139|65|44|53|34
bangalore|south-3|byarsandra|GULPS MEENA MASJID|32140|68|50|39|29
bangalore|south-3|byarsandra|GULPS PUTTAYANAPALYA|32141|7|6|17|9
bangalore|south-3|byarsandra|GULPS SR NAGAR|32148|4|11|9|7
bangalore|south-3|byarsandra|GUMPS OLD GURAPPANAPALYA|32142|164|107|159|146
bangalore|south-3|domlur|GKHPS APPAREDDY PALYA|33124|67|60|68|55
bangalore|south-3|domlur|GKHPS DOOPANAHALLI|33125|52|73|78|82
bangalore|south-3|domlur|GKHPS JOGUPALYA|33126|16|11|23|19
bangalore|south-3|domlur|GKHPS YELLAGONDANAPALYA|33127|26|36|24|16
bangalore|south-3|domlur|GKMPS DOMLUR|33129|109|98|36|54
bangalore|south-3|domlur|GTHPS ASHOKNAGAR|33131|6|7|48|52
bangalore|south-3|domlur|GTLPS JOGUPALYA|33132|6|7|7|15
bangalore|south-3|domlur|GUHPS ARAB LANE|33133|21|16|23|18
bangalore|south-3|domlur|GUHPS ASHOKNAGAR|33134|38|42|48|52
bangalore|south-3|domlur|GUHPS JOGUPALYA|33135|30|22|23|19
bangalore|south-3|domlur|GULPS JOGUPALYA|33136|4|16|4|8
bangalore|south-3|domlur|GUMPS YELLAGONDANAPALYA|33137|115|110|27|15
bangalore|south-3|ejipura|GKHPS EJIPURA|32258|164|160|27|23
bangalore|south-3|ejipura|GKHPS VIVEKNAGARA|32259|72|47|60|45
bangalore|south-3|ejipura|GKLPS GOUTAMPURA|32260|25|41|24|25
bangalore|south-3|ejipura|GKLPS LR NAGARA|32261|13|18|56|65
bangalore|south-3|ejipura|GKLPS MESTRIPALYA (MADIVALA)|32269|13|14|14|19
bangalore|south-3|ejipura|GKLPS SREENIVAGILU|32262|43|46|49|34
bangalore|south-3|ejipura|GKMPS NEELASANDRA|32263|48|58|58|72
bangalore|south-3|ejipura|GTEHPS VIVEKNAGARA|32264|92|77|96|74
bangalore|south-3|ejipura|GTHPS VIVEKNAGARA|32265|34|51|27|31
bangalore|south-3|ejipura|GTLPS LR NAGARA|32266|6|8|56|65
bangalore|south-3|ejipura|GTMPS AUSTIN TOWN|32267|65|65|38|40
bangalore|south-3|ejipura|GUMPS NEELASANDRA|32268|124|129|180|208
bangalore|south-3|gottigere|GKHPS GOTTIGERE|32349|226|241|168|170
bangalore|south-3|gottigere|GKHPS KEMBATHALLI|32350|86|103|62|79
bangalore|south-3|gottigere|GKHPS NS PALYA|32356|54|40|83|71
bangalore|south-3|gottigere|GKLPS PILLAGANAHALLI|32351|41|32|49|27
bangalore|south-3|gottigere|GKLPS TIPPASANDRA|32352|54|36|24|21
bangalore|south-3|gottigere|GKLPS TULASIPURA|32353|17|21|22|25
bangalore|south-3|gottigere|GKMPS ANJANAPURA|32348|386|391|271|281
bangalore|south-3|gottigere|GKMPS NEKARARA COLONY|32354|463|410|412|328
bangalore|south-3|gottigere|GULPS MADEENA NAGAR|32357|13|15|6|3
bangalore|south-3|konanakunte|GKHPS  HARINAGAR|32457|183|172|150|138
bangalore|south-3|konanakunte|GKHPS CHUNCHAGATTA|32454|148|151|114|97
bangalore|south-3|konanakunte|GKHPS JAMBUSAVARI DINNE|32455|102|117|98|117
bangalore|south-3|konanakunte|GKHPS KOTHANUR (KONANAKUNTE)|32456|185|173|297|268
bangalore|south-3|konanakunte|GKLPS SARAKKI AGRAHARA|32458|26|31|12|29
bangalore|south-3|konanakunte|GKLPS VADDARAPALYA (KONANAKUNTE)|32459|12|23|16|19
bangalore|south-3|konanakunte|GKMPS JARAGANA HALLI|32460|226|213|137|158
bangalore|south-3|konanakunte|GKMPS KONANAKUNTE|32461|430|409|297|268
bangalore|south-3|konanakunte|GKMPS PUTTENAHALLI|32462|333|330|267|282
bangalore|south-3|konanakunte|GULPS GHAFFUR KHAN LAYOUT|32463|41|31|28|26
bangalore|south-3|konanakunte|GULPS HARINAGAR|32464|65|76|59|57
bangalore|south-3|lalbagh siddapura|GKHPS KSRTC SHANTHINAGAR|33115|82|61|93|77
bangalore|south-3|lalbagh siddapura|GKHPS LALBAGH SIDDAPURA|33112|35|49|20|42
bangalore|south-3|lalbagh siddapura|GKLPS GULBARGA SLUM|33116|46|23|57|47
bangalore|south-3|lalbagh siddapura|GKMPS AKKITHIMMANAHALLI|33117|51|58|54|63
bangalore|south-3|lalbagh siddapura|GKMPS WILSON GARDEN|33118|141|113|89|78
bangalore|south-3|lalbagh siddapura|GTHPS PUDUPURACHARYA|33119|35|34|31|34
bangalore|south-3|lalbagh siddapura|GUHPS SRK GARDEN|33120|55|61|68|50
bangalore|south-3|lalbagh siddapura|GUHPS V V PURAM|33113|86|69|70|60
bangalore|south-3|lalbagh siddapura|GULPS VINAYAKANAGAR (GOTTIGERE)|33121|16|7|6|7
bangalore|south-3|lalbagh siddapura|GUMPS CHINNAYYANA PALYA|33122|44|38|42|34
bangalore|south-3|lalbagh siddapura|GUMPS SHANTHINAGAR|33123|8|10|14|16
bangalore|south-3|lalbagh siddapura|GUMPS TANK GARDEN|33114|260|159|256|181
bangalore|south-3|madivala|GKHPS JAKKASANDRA|32550|82|97|94|110
bangalore|south-3|madivala|GKHPS KSRP KORAMANGALA|32551|48|65|42|45
bangalore|south-3|madivala|GKLPS RAJENDRANAGAR|32553|66|71|59|63
bangalore|south-3|madivala|GKMPS KORAMANGALA|32554|250|220|203|195
bangalore|south-3|madivala|GKMPS MADIVALA|32555|213|209|163|142
bangalore|south-3|madivala|GKMPS MARAPPA ADUGODI|32556|149|112|168|144
bangalore|south-3|madivala|GKMPS TAVAREKERE|32557|85|103|104|107
bangalore|south-3|madivala|GKMPS VENKATAPURA|32558|135|119|150|134
bangalore|south-3|madivala|GMHPS MUNICHINNAPPA ADUGODI|32552|120|110|134|100
bangalore|south-3|madivala|GUHPS OLD MADIVALA|32559|38|23|31|17
bangalore|south-3|madivala|GUHPS RAJENDRANAGAR|32560|141|116|104|106
bangalore|south-3|madivala|GUHPS TAVAREKERE (MADIVALA)|32562|68|69|104|107
bangalore|south-3|madivala|GULPS ADUGODI|32561|9|9|71|67
bangalore|south-3|yediur|GKHPS BYRASANDRA|33107|112|149|106|129
bangalore|south-3|yediur|GKMPS YEDIUR|33111|138|124|122|105
bangalore|south-3|yediur|GUHPS BYARASANDRA|33109|52|36|106|129
bangalore|south-3|yediur|GUMPS TILAKNAGAR|33110|89|49|82|51
bangalore|south-3|yellukunte|GKHPS GARVEBAVIPALYA|32640|177|153|133|161
bangalore|south-3|yellukunte|GKHPS HARALUKUNTE|32641|271|274|91|112
bangalore|south-3|yellukunte|GKHPS IBLUR|32642|91|110|109|113
bangalore|south-3|yellukunte|GKHPS PARANGIPALYA|32645|80|88|89|105
bangalore|south-3|yellukunte|GKHPS SINGASANDRA|32643|153|147|139|120
bangalore|south-3|yellukunte|GKHPS YELLUKUNTE|32644|250|261|282|272
bangalore|south-3|yellukunte|GKMPS AGARA|32646|262|227|216|209
bangalore|south-3|yellukunte|GKMPS BOMMANAHALLI|32647|195|194|140|150
bangalore|south-3|yellukunte|GKMPS HONGASANDRA|32648|352|291|262|231
bangalore|south-3|yellukunte|GUHPS MANGAMMANAPALYA|32651|297|173|240|129
bangalore|south-3|yellukunte|GULPS AGARA|32649|24|21|216|209
bangalore|south-3|yellukunte|GUMPS BOMMANAHALLI|32650|254|128|188|91
bangalore|south-4|channasandra|GKHPS BELATHUR|32054|61|74|70|92
bangalore|south-4|channasandra|GKHPS BELATHUR COLONY|32060|113|126|87|117
bangalore|south-4|channasandra|GKHPS CHANNASANDRA|32055|174|205|181|182
bangalore|south-4|channasandra|GKHPS DODDABANA HALLI|32056|95|95|68|91
bangalore|south-4|channasandra|GKHPS KANNAMANGALA|32053|160|147|86|88
bangalore|south-4|channasandra|GKHPS KHAJISONNENAHALLI|32057|86|83|58|50
bangalore|south-4|channasandra|GKHPS SEEGEHALLI|32058|137|150|101|105
bangalore|south-4|channasandra|GKLPS BANDAPURA (CHANNASANDRA)|32059|25|18|20|14
bangalore|south-4|channasandra|GKLPS BEVINAMARA COLONY|32061|22|20|25|25
bangalore|south-4|channasandra|GKLPS CHIKKABANAHALLI|32062|34|28|36|28
bangalore|south-4|channasandra|GKLPS CHINNAGENAHALLI|32063|79|66|50|42
bangalore|south-4|channasandra|GKLPS DINNURU (KANNAMANGALA)|33896|14|5|86|88
bangalore|south-4|channasandra|GKLPS GORAVIGERE|32064|33|19|29|18
bangalore|south-4|channasandra|GKLPS KATAMNALLURU|32065|29|30|23|27
bangalore|south-4|channasandra|GKLPS KONADASAPURA|32066|70|62|59|51
bangalore|south-4|channasandra|GUHPS BELATHUR COLONY|32067|75|56|87|117
bangalore|south-4|doddakanneli|GKHPS DODDAKANNELI|32187|173|220|178|197
bangalore|south-4|doddakanneli|GKHPS KAIKUNDRAHALLI|32188|236|243|173|178
bangalore|south-4|doddakanneli|GKHPS KODATHI|32189|60|48|66|56
bangalore|south-4|doddakanneli|GKHPS MULLURU|32199|81|66|95|80
bangalore|south-4|doddakanneli|GKLPS A KRISHNAPPA NAGARA|32191|37|34|40|46
bangalore|south-4|doddakanneli|GKLPS CHIKKANAYAKAHALLI|32192|23|29|26|26
bangalore|south-4|doddakanneli|GKLPS HADUSIDDAPURA|32193|21|17|12|20
bangalore|south-4|doddakanneli|GKLPS HALANAYAKANHALLI|32194|17|22|21|24
bangalore|south-4|doddakanneli|GKLPS JUNNASANDRA|32195|27|21|32|16
bangalore|south-4|doddakanneli|GKLPS KACHA MARANAHALLI|32196|14|20|11|13
bangalore|south-4|doddakanneli|GKLPS KASAVANAHALLI|32197|41|37|50|45
bangalore|south-4|doddakanneli|GKLPS MULLURCOLONY|32198|12|8|13|14
bangalore|south-4|doddakanneli|GKLPS SULIKUNTE|32190|7|8|7|8
bangalore|south-4|doddakanneli|GKLPS SULIKUNTE DINNE|32200|21|14|14|16
bangalore|south-4|doddakanneli|GKLPS VALEPURA|32185|17|19|12|16
bangalore|south-4|doddakanneli|GKLPS VALEPURADINNE|32186|9|17|12|19
bangalore|south-4|doddakanneli|GKMPS GUNJOOR|32201|131|110|118|118
bangalore|south-4|hoodi|GKHPS KAVERINAGAR|32294|327|266|240|191
bangalore|south-4|hoodi|GKHPS KUNDALAHALLI|32303|99|115|103|95
bangalore|south-4|hoodi|GKHPS MAHADEVAPURA|32295|105|112|116|121
bangalore|south-4|hoodi|GKLPS ANDRACOLONY|32296|27|23|15|14
bangalore|south-4|hoodi|GKLPS KUNDALAHALLI COLONY|32304|74|54|64|48
bangalore|south-4|hoodi|GKLPS SEETHARAM PALYA|32297|73|57|56|58
bangalore|south-4|hoodi|GKMPS A NARAYANAPURA|32298|235|192|190|174
bangalore|south-4|hoodi|GKMPS B NARAYANAPURA|32299|161|156|141|162
bangalore|south-4|hoodi|GKMPS HOODI|32300|147|117|185|140
bangalore|south-4|hoodi|GMPS GARUDACHARPALYA|32293|306|282|210|175
bangalore|south-4|hoodi|GUHPS HOODI|32301|41|27|26|29
bangalore|south-4|hoodi|GULPS KAVERINAGAR|32302|17|20|17|15
bangalore|south-4|immadihalli|GKHPS BASAVANNANAGAR|33331|144|127|110|88
bangalore|south-4|immadihalli|GKHPS GANDHIPURA|33338|103|93|100|95
bangalore|south-4|immadihalli|GKHPS KADUGODI PLANTATION|33342|119|102|94|85
bangalore|south-4|immadihalli|GKHPS NALLURAHALLI|33334|199|178|125|113
bangalore|south-4|immadihalli|GKLPS A.K.G. COLONY|33344|96|82|74|51
bangalore|south-4|immadihalli|GKLPS AMBEDKAR NAGAR|33335|59|90|48|52
bangalore|south-4|immadihalli|GKLPS K DOMMASANDRA|33345|3|11|8|19
bangalore|south-4|immadihalli|GKLPS KUMBENA AGRAHARA|33343|17|18|10|13
bangalore|south-4|immadihalli|GKLPS NAGONDANAHALLI|33339|32|40|36|41
bangalore|south-4|immadihalli|GKLPS PATTANDUR AGRAHARA|33336|26|34|33|36
bangalore|south-4|immadihalli|GKLPS VIJAYA NAGAR|33340|29|31|54|41
bangalore|south-4|immadihalli|GKMPS IMMADIHALLI|33341|240|232|215|216
bangalore|south-4|immadihalli|GKMPS KADUGODI|33332|200|202|220|216
bangalore|south-4|immadihalli|GUHPS KADUGODI|33333|85|64|71|67
bangalore|south-4|immadihalli|GULPS WHITE FIELD|33337|32|26|31|21
bangalore|south-4|jeevan bheema nagar|GKHPS KONENA AGRAHARA|32384|81|90|68|57
bangalore|south-4|jeevan bheema nagar|GKLPS ANNASANDRA PALYA|32385|40|46|55|60
bangalore|south-4|jeevan bheema nagar|GKLPS MURUGESHPALYA|32386|61|66|62|55
bangalore|south-4|jeevan bheema nagar|GKLPS NELLURPURA|32387|23|22|21|31
bangalore|south-4|jeevan bheema nagar|GKLPS SRIRAMANAGAR|32388|59|37|55|48
bangalore|south-4|jeevan bheema nagar|GKLPS SUDHAMA NAGAR|32389|25|42|29|36
bangalore|south-4|jeevan bheema nagar|GKLPS VIBHUTHIPURA|32390|58|49|46|55
bangalore|south-4|jeevan bheema nagar|GKLPS VIGNANA NAGAR|32391|20|12|24|30
bangalore|south-4|jeevan bheema nagar|GKMPS JEEVAN BHIMA NAGAR|32392|322|357|261|244
bangalore|south-4|jeevan bheema nagar|GKMPS KODIHALLI|32393|137|123|87|88
bangalore|south-4|jeevan bheema nagar|GKMPS VIMANAPURA|32394|54|59|55|65
bangalore|south-4|jeevan bheema nagar|GTELPS NELLURPURA|32395|40|44|50|35
bangalore|south-4|jeevan bheema nagar|GTHPS ANANDAPURAM|32396|38|25|24|16
bangalore|south-4|jeevan bheema nagar|GTLPS NEW THIPPASANDRA|32397|37|26|45|26
bangalore|south-4|jeevan bheema nagar|GUMPS ISLAMPURA|32398|176|133|183|146
bangalore|south-4|jodi huskur|GKHPS HANCHARAHALLI|33346|77|94|58|81
bangalore|south-4|jodi huskur|GKHPS JYOTHIPURA|33347|66|60|70|62
bangalore|south-4|jodi huskur|GKHPS KITHIGANUR|33348|76|66|64|61
bangalore|south-4|jodi huskur|GKHPS MANDUR|33349|72|61|62|58
bangalore|south-4|jodi huskur|GKLPS AVALAHALLI (JODI HUSKUR)|33350|46|41|49|45
bangalore|south-4|jodi huskur|GKLPS BENDIGANAHALLI (JODI HUSKUR)|33351|4|9|3|3
bangalore|south-4|jodi huskur|GKLPS BOMMENAHALLI|33352|53|38|33|26
bangalore|south-4|jodi huskur|GKLPS CHEEMASANDRA|33353|19|11|28|21
bangalore|south-4|jodi huskur|GKLPS HALEHALLI (JODI HUSKUR)|33354|16|16|12|13
bangalore|south-4|jodi huskur|GKLPS KATTUGOLLAHALLI|33355|32|33|22|24
bangalore|south-4|jodi huskur|GKLPS KURUDUSONNENAHALLI|33356|33|24|14|28
bangalore|south-4|jodi huskur|GKLPS LAGUMENAHALLI|33357|9|6|4|2
bangalore|south-4|jodi huskur|GKLPS NIMBEKAIPURA|33358|19|15|12|15
bangalore|south-4|jodi huskur|GKLPS THIRUMENAHALLI|33359|10|8|27|11
bangalore|south-4|jodi huskur|GKLPS VEERANAHALLI|33360|49|43|43|34
bangalore|south-4|k r puram|GKHPS CHIKKA BASAVANPURA|32494|159|153|174|155
bangalore|south-4|k r puram|GKHPS CHIKKADEVASANDRA|32488|170|127|138|125
bangalore|south-4|k r puram|GKHPS K.R. PURA|32497|309|268|200|173
bangalore|south-4|k r puram|GKHPS MEDAHALLI|32489|127|109|94|90
bangalore|south-4|k r puram|GKHPS SADARMANGALA|32486|66|60|81|63
bangalore|south-4|k r puram|GKHPS SEGEHALLI|32490|172|144|197|177
bangalore|south-4|k r puram|GKHPS TRIVENINAGARA|32491|141|133|123|111
bangalore|south-4|k r puram|GKLPS ANANDAPURA (K.R.PURA)|32492|56|46|61|41
bangalore|south-4|k r puram|GKLPS BHATTARAHALLI|32493|50|38|33|35
bangalore|south-4|k r puram|GKLPS DEVASANDRA|32502|74|93|51|56
bangalore|south-4|k r puram|GKLPS JYOTHIPURA|32495|3|11|1|5
bangalore|south-4|k r puram|GKLPS KODIGEHALLI|32487|23|23|19|23
bangalore|south-4|k r puram|GKLPS SINGEYAN PALYA|32496|61|61|50|52
bangalore|south-4|k r puram|GUHPS DEVASANDRA|32498|190|103|181|100
bangalore|south-4|k r puram|GUHPS K.R. PURAM|32499|18|17|11|16
bangalore|south-4|k r puram|GUHPS MEDAHALLI|32500|55|44|61|88
bangalore|south-4|k r puram|GULPS JYOTHI PURA (DARGHAMOHALLA)|32501|39|42|31|30
bangalore|south-4|kylasanahalli|GKHPS BILISHIVALE|32591|100|95|85|80
bangalore|south-4|kylasanahalli|GKHPS KADUSONNAPPANAHALLI|32592|101|99|89|110
bangalore|south-4|kylasanahalli|GKHPS KOTHANUR (KYALSANAHALLI)|32594|51|50|59|81
bangalore|south-4|kylasanahalli|GKHPS KYLASANAHALLI|32593|47|52|59|81
bangalore|south-4|kylasanahalli|GKHPS YARAPPANAHALLI|32595|70|67|56|50
bangalore|south-4|kylasanahalli|GKLPS BANDEBOMMASANDRA|32596|13|16|14|14
bangalore|south-4|kylasanahalli|GKLPS BANDEHOSSUR|32597|54|57|60|74
bangalore|south-4|kylasanahalli|GKLPS BYRATHI|32598|32|34|30|35
bangalore|south-4|kylasanahalli|GKLPS BYRATHI BANDE|32599|37|11|25|16
bangalore|south-4|kylasanahalli|GKLPS CHIKKAGUBBI|32600|16|13|20|14
bangalore|south-4|kylasanahalli|GKLPS KANNUR|32601|39|31|43|28
bangalore|south-4|kylasanahalli|GKLPS MITTAKANAHALLI|32602|36|49|21|32
bangalore|south-4|kylasanahalli|GKLPS N.G.GOLLAHALLI|32603|17|16|10|20
bangalore|south-4|kylasanahalli|GKLPS NAGARESHWARA NAGENAHALLI|32604|40|54|30|52
bangalore|south-4|kylasanahalli|GKLPS NAGARESHWARA NAGENAHALLI COLONY|32605|38|39|30|52
bangalore|south-4|marathahalli|GKHPS ASHWATH NAGAR|32681|61|42|60|60
bangalore|south-4|marathahalli|GKHPS CHALLAGHATTA|32676|68|72|83|71
bangalore|south-4|marathahalli|GKHPS MUNNEKOLALA|32679|189|207|168|190
bangalore|south-4|marathahalli|GKHPS SANJAY NAGAR|32680|119|99|89|87
bangalore|south-4|marathahalli|GKLPS BELUR KEMPAPURA|32682|28|32|15|23
bangalore|south-4|marathahalli|GKLPS BELUR NAGASANDRA|32683|24|22|25|22
bangalore|south-4|marathahalli|GKLPS CHINAPPANAHALLI|32684|52|59|42|55
bangalore|south-4|marathahalli|GKLPS MANJUNATHA NAGAR|32685|23|20|28|19
bangalore|south-4|marathahalli|GKMPS DODDANAKUNDI|32677|178|198|182|174
bangalore|south-4|marathahalli|GKMPS MARATHAHALLI|32678|133|110|158|146
bangalore|south-4|marathahalli|GKMPS YAMALUR|32686|78|81|66|78
bangalore|south-4|marathahalli|GULPS SANJAY NAGAR|32687|7|4|89|87
bangalore|south-4|rammurthynagar|GKHPS K. CHANNASANDRA|33330|62|66|66|53
bangalore|south-4|rammurthynagar|GKHPS KAGGADASAPURA|33316|97|94|111|119
bangalore|south-4|rammurthynagar|GKHPS KALKERE|33326|200|175|185|211
bangalore|south-4|rammurthynagar|GKHPS KOWDENAHALLI|33320|168|147|150|138
bangalore|south-4|rammurthynagar|GKHPS NAGAVARAPALYA|33313|103|109|140|140
bangalore|south-4|rammurthynagar|GKHPS RAMAMURTHY NAGAR|33321|119|136|136|134
bangalore|south-4|rammurthynagar|GKLPS BYRASANDRA|33314|29|20|23|19
bangalore|south-4|rammurthynagar|GKLPS DASARAHALLI|33327|46|43|57|68
bangalore|south-4|rammurthynagar|GKLPS GM PALYA|33315|36|30|42|41
bangalore|south-4|rammurthynagar|GKLPS JAYANTI NAGAR|33328|60|75|66|69
bangalore|south-4|rammurthynagar|GKLPS LAXMAN MURTHY NAGARA|33322|34|38|39|29
bangalore|south-4|rammurthynagar|GKLPS MALLESHANAPALYA|33317|31|43|40|59
bangalore|south-4|rammurthynagar|GKLPS MUNNESHWARA NAGARA|33323|37|33|34|34
bangalore|south-4|rammurthynagar|GKLPS SUDDAGUNTE PALYA|33318|37|27|42|30
bangalore|south-4|rammurthynagar|GKLPS VARANASI|33329|40|21|29|23
bangalore|south-4|rammurthynagar|GKMPS VIJANAPURA|33324|207|243|144|148
bangalore|south-4|rammurthynagar|GULPS NAGAVARAPALYA|33319|29|21|31|25
bangalore|south-4|rammurthynagar|GUMPS VIJINAPURA|33325|176|165|140|135
bangalore|south-4|thanisandra|GKHPS BABUSAHIB PALYA|32788|60|69|70|62
bangalore|south-4|thanisandra|GKHPS R.K HEGDENAGAR|32789|321|326|360|384
bangalore|south-4|thanisandra|GKHPS THANISANDRA|32790|259|274|101|116
bangalore|south-4|thanisandra|GKLPS CHELKERE|32792|30|45|25|49
bangalore|south-4|thanisandra|GKLPS GEDDALAHALLI|32786|10|11|17|12
bangalore|south-4|thanisandra|GKLPS HORAMAVU|32793|52|55|30|28
bangalore|south-4|thanisandra|GKLPS HORAMAVU AGARA|32794|27|32|30|28
bangalore|south-4|thanisandra|GKLPS JANATHA COLONY|32795|20|23|25|21
bangalore|south-4|thanisandra|GKLPS K .NARAYANAPURA|32787|69|77|36|36
bangalore|south-4|thanisandra|GKLPS MESTRIPALYA (THANISANDRA)|32796|27|34|37|41
bangalore|south-4|thanisandra|GKLPS RACHENAHALLI|32797|55|62|43|55
bangalore|south-4|thanisandra|GKLPS SARAI PALYA|32791|169|165|76|81
bangalore|south-4|thanisandra|GKLPS VADDARAPALYA (THANISANDRA)|32798|24|29|26|23
bangalore|south-4|thanisandra|GUHPS R K HEGDE NAGAR|32799|385|300|360|384
bangalore|south-4|thanisandra|GULPS ASHWATH NAGAR|32800|98|70|72|52
bangalore|south-4|varanasi|GKHPS BAYYAPPANAHALLI|32842|59|57|53|40
bangalore|south-4|varanasi|GKHPS BIDARAHALLI|32843|125|135|109|104
bangalore|south-4|varanasi|GKHPS DODDAGUBBI|32839|37|52|80|109
bangalore|south-4|varanasi|GKHPS GUNDURU|32844|49|51|33|47
bangalore|south-4|varanasi|GKHPS HIRANDAHALLI|32845|90|90|90|63
bangalore|south-4|varanasi|GKHPS JODIHUSKUR|32846|69|40|54|37
bangalore|south-4|varanasi|GKHPS RAMPURA|32840|109|89|65|76
bangalore|south-4|varanasi|GKLPS ADURU|32847|15|8|15|16
bangalore|south-4|varanasi|GKLPS ANAGALAPURA|32841|20|25|15|18
bangalore|south-4|varanasi|GKLPS KADAAGRAHARA|32848|28|24|28|26
bangalore|south-4|varanasi|GKLPS KAMMASANDRA (VARANASI)|32849|4|12|7|8
bangalore|south-4|varanasi|GKLPS MARAGONDANAHALLI (VARANASI)|32850|25|23|16|20
bangalore|south-4|varthur|GKHPS BALAGERE|32896|59|45|23|27
bangalore|south-4|varthur|GKHPS DEVARABESANAHALLI|32908|126|104|102|86
bangalore|south-4|varthur|GKHPS GUNJOOR PALYA|32909|80|62|64|55
bangalore|south-4|varthur|GKHPS HARLOOR|32910|74|73|65|76
bangalore|south-4|varthur|GKHPS PANTUR|32897|67|82|67|78
bangalore|south-4|varthur|GKHPS RAMGONDANAHALLI|32898|124|98|134|118
bangalore|south-4|varthur|GKHPS SIDDAPURA|32904|64|61|61|64
bangalore|south-4|varthur|GKHPS SORAHUNSE|32899|143|156|127|125
bangalore|south-4|varthur|GKLPS BHOGANAHALLI|32901|39|41|57|51
bangalore|south-4|varthur|GKLPS KADUBESANA HALLI|32902|23|29|30|18
bangalore|south-4|varthur|GKLPS KARIAMMANA AGRAHARA|32911|17|54|21|58
bangalore|south-4|varthur|GKLPS MADHURANAGAR|32903|44|37|38|45
bangalore|south-4|varthur|GKLPS PANTUR DINNE|32900|29|29|19|28
bangalore|south-4|varthur|GKLPS THUBARA HALLI|32905|41|39|55|57
bangalore|south-4|varthur|GKMPS BELLANDUR|32912|190|206|145|144
bangalore|south-4|varthur|GKMPS VARTHUR|32906|168|172|175|155
bangalore|south-4|varthur|GUHPS VARTHUR|32907|62|42|43|36
bangalore|south-4|varthur|GULPS BELLANDUR|32895|26|8|31|14
